Disposal_ID,Latitude,Longitude,Type,Capacity,Status
1,13.00735,77.693512,Bin,Medium,Available
2,13.07529,77.465906,Bin,High,Full
3,12.963914,77.667046,Bin,Low,Available
4,12.938338,77.65428,Bin,High,Full
5,13.02454,77.637634,Bin,High,Available
6,12.890654,77.768825,Recycling,High,Available
7,13.003354,77.596385,Recycling,High,Available
8,12.856592,77.581762,Recycling,High,Available
9,12.998533,77.583312,Recycling,High,Available
10,12.967173,77.595187,Bin,Low,Full
11,13.053225,77.799901,Recycling,Medium,Available
12,13.086191,77.747377,Bin,Medium,Available
13,13.088513,77.662161,Bin,Medium,Available
14,12.939541,77.489745,Bin,Medium,Available
15,12.980041,77.748264,Bin,Medium,Full
16,12.950871,77.496905,Bin,High,Available
17,13.02602,77.524537,Bin,Low,Available
18,12.997479,77.587285,Bin,High,Available
19,12.978497,77.724279,Bin,Medium,Full
20,13.08738,77.501476,Recycling,Medium,Available
21,12.964784,77.793011,Bin,Medium,Available
22,12.910036,77.476552,Bin,Low,Available
23,12.884707,77.674306,Bin,Medium,Full
24,12.96849,77.683645,Bin,Low,Available
25,12.892234,77.547507,Bin,Low,Available
26,12.965195,77.522217,Bin,Medium,Available
27,12.859828,77.729794,Bin,Low,Full
28,13.080218,77.471377,Bin,High,Available
29,12.89613,77.523272,Bin,Medium,Available
30,12.942228,77.611887,Recycling,Low,Available
31,13.028337,77.763322,Bin,Medium,Available
32,12.961853,77.636416,Bin,Low,Available
33,12.855018,77.562728,Bin,Medium,Available
34,13.072632,77.657757,Bin,High,Available
35,12.87173,77.637987,Bin,High,Available
36,12.881895,77.549322,Bin,Medium,Available
37,12.939024,77.79528,Bin,Low,Available
38,12.888215,77.536085,Bin,Low,Available
39,12.893343,77.763868,Bin,Medium,Available
40,13.095595,77.489214,Bin,High,Full
41,13.054268,77.540266,Bin,Medium,Full
42,12.989191,77.650064,Bin,High,Available
43,12.93092,77.598903,Bin,Low,Available
44,13.002655,77.551021,Bin,Low,Available
45,12.983147,77.468138,Bin,Low,Available
46,13.09749,77.562824,Recycling,Low,Available
47,13.040057,77.658474,Bin,Medium,Available
48,13.082382,77.740717,Recycling,Low,Available
49,13.084585,77.513432,Bin,High,Available
50,13.060457,77.49892,Recycling,Low,Available
51,12.891066,77.735101,Bin,Medium,Available
52,13.0693,77.587356,Recycling,Medium,Available
53,12.96567,77.555482,Recycling,Medium,Available
54,13.074894,77.584362,Bin,High,Available
55,12.879225,77.778941,Bin,Medium,Available
56,13.048506,77.667025,Bin,High,Available
57,12.887919,77.559103,Bin,High,Available
58,12.992472,77.716861,Recycling,Medium,Available
59,12.877658,77.746258,Bin,Medium,Available
60,12.887479,77.530238,Recycling,High,Available
61,13.023487,77.639954,Bin,Medium,Available
62,13.077113,77.654187,Bin,Medium,Full
63,12.888338,77.65518,Bin,Medium,Available
64,13.068031,77.776241,Bin,Medium,Full
65,13.02681,77.503389,Bin,Medium,Available
66,13.034111,77.777028,Recycling,Medium,Available
67,13.09621,77.743614,Bin,High,Full
68,12.97971,77.656946,Bin,Low,Available
69,13.050713,77.451621,Bin,Medium,Available
70,13.079964,77.571221,Bin,High,Available
71,12.906151,77.608354,Bin,Low,Available
72,12.954731,77.770196,Bin,Medium,Available
73,12.853274,77.682238,Bin,High,Available
74,12.953656,77.479872,Recycling,Medium,Available
75,12.866769,77.712486,Bin,High,Available
76,12.897672,77.462792,Bin,Medium,Available
77,13.043882,77.608651,Bin,Medium,Available
78,12.98991,77.504334,Bin,High,Full
79,12.943327,77.544761,Bin,Medium,Available
80,12.889038,77.70059,Bin,Low,Available
81,12.907769,77.685162,Bin,Low,Available
82,12.894636,77.678461,Bin,Low,Available
83,13.030567,77.749494,Recycling,Medium,Available
84,12.901246,77.552602,Recycling,Low,Available
85,12.901972,77.459286,Bin,Medium,Available
86,13.073168,77.736105,Bin,Low,Available
87,12.997574,77.543822,Bin,Medium,Available
88,12.959032,77.553063,Recycling,High,Available
89,13.067117,77.620601,Recycling,High,Available
90,12.855617,77.544037,Bin,Medium,Available
91,12.884839,77.742226,Recycling,Medium,Available
92,12.918077,77.456437,Recycling,Low,Available
93,12.918514,77.643962,Bin,High,Available
94,12.852749,77.49791,Recycling,High,Available
95,13.000129,77.682763,Bin,High,Available
96,12.945785,77.631621,Bin,Low,Available
97,12.8707,77.661103,Bin,Medium,Available
98,12.938918,77.701666,Bin,Medium,Available
99,13.015918,77.77789,Recycling,Low,Available
100,12.915566,77.658277,Bin,Medium,Available
101,12.933561,77.719819,Bin,Low,Available
102,12.973873,77.690941,Bin,Low,Available
103,13.049854,77.693144,Bin,Medium,Available
104,12.872896,77.77106,Bin,High,Available
105,12.896283,77.639665,Recycling,High,Available
106,13.014696,77.692297,Recycling,Low,Available
107,12.905302,77.795684,Recycling,Low,Available
108,13.081312,77.513201,Bin,High,Available
109,13.024355,77.554072,Recycling,High,Full
110,12.968554,77.751715,Recycling,Medium,Available
111,12.859252,77.658694,Bin,Low,Available
112,13.024072,77.568956,Recycling,Low,Available
113,12.984873,77.726753,Bin,Medium,Full
114,13.003966,77.531536,Bin,High,Available
115,13.068675,77.635128,Recycling,High,Full
116,12.937678,77.718516,Bin,Medium,Available
117,13.068419,77.794429,Recycling,Medium,Available
118,13.034396,77.533572,Bin,Medium,Available
119,12.924077,77.531763,Bin,Low,Full
120,12.956943,77.584514,Bin,Low,Full
121,13.046586,77.481294,Bin,High,Full
122,12.96685,77.664694,Bin,High,Available
123,13.085683,77.677376,Bin,Medium,Available
124,12.894132,77.52717,Bin,High,Available
125,12.864461,77.789186,Recycling,High,Full
126,12.893474,77.588685,Recycling,Medium,Available
127,13.053958,77.528554,Bin,Medium,Available
128,12.995022,77.48202,Recycling,Low,Available
129,13.072187,77.784478,Recycling,High,Available
130,12.987714,77.480445,Bin,Medium,Available
131,13.030855,77.623557,Bin,Low,Available
132,12.869033,77.747922,Bin,Medium,Available
133,13.05617,77.571733,Bin,Medium,Available
134,13.069657,77.729099,Bin,High,Full
135,13.027091,77.742955,Bin,Medium,Available
136,13.038179,77.505512,Recycling,High,Available
137,13.056454,77.495104,Bin,High,Available
138,13.054492,77.741247,Bin,Low,Available
139,13.004232,77.793415,Bin,Low,Available
140,12.984996,77.722946,Bin,High,Available
141,13.090748,77.569655,Bin,High,Available
142,13.084307,77.69076,Bin,Medium,Available
143,12.866838,77.65376,Bin,Medium,Available
144,13.067884,77.790721,Recycling,High,Available
145,13.039566,77.458605,Bin,Medium,Available
146,13.042602,77.689153,Bin,Low,Full
147,12.956545,77.607985,Bin,High,Available
148,12.905192,77.478833,Bin,Medium,Available
149,13.087716,77.50287,Bin,High,Available
150,13.009631,77.589158,Bin,High,Available
151,13.073525,77.530484,Bin,Low,Available
152,12.942132,77.752525,Bin,High,Available
153,13.067156,77.721809,Recycling,High,Available
154,13.006555,77.495936,Bin,High,Available
155,13.049134,77.618533,Bin,Low,Available
156,12.957576,77.520184,Bin,Low,Available
157,12.917248,77.729146,Bin,Medium,Available
158,12.868112,77.587373,Bin,Medium,Available
159,13.023745,77.751043,Recycling,Low,Available
160,12.876233,77.534716,Recycling,Low,Available
161,13.004539,77.695863,Bin,Low,Available
162,12.979428,77.480753,Bin,Low,Available
163,12.949231,77.496451,Bin,Medium,Available
164,12.900038,77.508619,Bin,Medium,Available
165,12.857897,77.777674,Bin,Medium,Available
166,13.067742,77.69993,Recycling,Medium,Available
167,12.870029,77.763186,Bin,High,Available
168,13.010894,77.634241,Recycling,Low,Available
169,12.911776,77.505841,Recycling,Low,Full
170,12.934224,77.513741,Recycling,Medium,Available
171,12.988841,77.701721,Bin,High,Full
172,13.012581,77.51984,Bin,Low,Available
173,12.914421,77.611918,Recycling,High,Available
174,12.956373,77.571077,Bin,High,Available
175,13.066758,77.652536,Bin,High,Available
176,13.068356,77.765246,Bin,Low,Available
177,13.078091,77.523732,Bin,Medium,Available
178,12.882892,77.700539,Recycling,Low,Available
179,13.092849,77.513342,Recycling,Medium,Available
180,13.067687,77.605857,Bin,Medium,Available
181,12.890881,77.586879,Recycling,Low,Available
182,12.931298,77.720716,Bin,High,Available
183,12.909013,77.475724,Bin,Medium,Available
184,13.057221,77.600811,Bin,Medium,Available
185,12.89176,77.508667,Bin,High,Available
186,12.968658,77.74546,Recycling,Medium,Full
187,12.90146,77.489172,Bin,Low,Available
188,13.084151,77.46377,Bin,Medium,Full
189,12.929039,77.627532,Bin,Low,Full
190,13.09128,77.451729,Recycling,Medium,Full
191,12.963685,77.630459,Bin,Medium,Available
192,12.857493,77.557775,Recycling,Low,Available
193,13.092478,77.482865,Bin,Medium,Full
194,12.894287,77.692419,Recycling,High,Available
195,12.974294,77.666247,Recycling,Medium,Available
196,13.082737,77.691334,Bin,Low,Available
197,12.948466,77.677932,Bin,Medium,Full
198,12.862053,77.792011,Bin,High,Available
199,12.991754,77.708457,Recycling,Medium,Available
200,13.016898,77.732746,Recycling,High,Available
201,13.054459,77.492073,Bin,Low,Available
202,12.941615,77.58866,Bin,Medium,Available
203,12.909386,77.580638,Bin,Low,Available
204,13.017053,77.666822,Bin,Medium,Full
205,12.97977,77.617714,Bin,Medium,Available
206,12.949706,77.65306,Bin,Medium,Available
207,13.053246,77.701343,Recycling,Low,Available
208,12.851891,77.676616,Recycling,Low,Full
209,12.865067,77.777053,Bin,Low,Available
210,12.914194,77.549706,Bin,High,Available
211,12.927827,77.663617,Recycling,Low,Available
212,12.880472,77.513402,Bin,Low,Available
213,13.027262,77.487407,Bin,Low,Full
214,12.970886,77.732097,Bin,Low,Available
215,13.087851,77.660564,Recycling,High,Available
216,12.903011,77.663843,Bin,High,Full
217,12.938355,77.532905,Recycling,Low,Available
218,12.955935,77.683642,Bin,Medium,Available
219,12.996652,77.508805,Recycling,High,Available
220,12.873929,77.458274,Bin,Medium,Available
221,12.907987,77.586817,Bin,Medium,Full
222,12.88411,77.693301,Bin,Medium,Available
223,13.023109,77.79694,Bin,Low,Available
224,12.994597,77.545956,Bin,Low,Full
225,12.897967,77.56318,Bin,Medium,Available
226,12.979765,77.473664,Recycling,Low,Available
227,13.07002,77.677807,Bin,Medium,Available
228,13.017372,77.797949,Bin,Medium,Available
229,12.966301,77.47105,Bin,High,Available
230,13.022501,77.520327,Bin,Low,Available
231,13.039041,77.57165,Bin,High,Full
232,12.908661,77.589761,Bin,High,Full
233,12.984989,77.744712,Bin,Medium,Available
234,13.038818,77.4947,Recycling,High,Available
235,12.85904,77.556095,Bin,Medium,Available
236,13.084239,77.643831,Bin,Medium,Available
237,13.000149,77.630488,Recycling,Medium,Full
238,13.062856,77.522979,Recycling,Low,Available
239,12.945156,77.757291,Recycling,High,Available
240,12.92617,77.478322,Bin,Low,Available
241,12.936525,77.791464,Bin,High,Available
242,13.065504,77.772965,Bin,Medium,Available
243,12.89371,77.625898,Bin,Low,Available
244,12.867043,77.459034,Bin,High,Available
245,13.091456,77.601374,Bin,Medium,Available
246,12.876416,77.674289,Bin,Medium,Available
247,12.888006,77.471472,Recycling,Medium,Available
248,13.098717,77.470223,Bin,High,Available
249,12.885562,77.492485,Bin,Low,Available
250,12.865573,77.628298,Recycling,High,Available
251,12.926563,77.668364,Bin,Medium,Available
252,13.071651,77.607425,Bin,Medium,Available
253,13.056884,77.706765,Recycling,Low,Available
254,12.970336,77.456717,Bin,High,Available
255,12.983828,77.525321,Bin,Low,Full
256,13.050384,77.785852,Bin,Low,Available
257,12.963594,77.745525,Bin,Medium,Available
258,12.931169,77.708075,Bin,Medium,Available
259,12.964862,77.724756,Recycling,High,Available
260,12.928852,77.690847,Bin,Low,Available
261,12.859607,77.765617,Bin,Medium,Available
262,13.073779,77.672834,Bin,Low,Available
263,12.887542,77.708102,Bin,Medium,Available
264,12.871198,77.700713,Bin,Low,Available
265,13.089125,77.708128,Bin,Low,Available
266,13.043663,77.68148,Bin,Low,Available
267,13.015076,77.71753,Bin,Low,Available
268,13.091965,77.553406,Recycling,Medium,Available
269,12.901422,77.492485,Bin,High,Available
270,12.982576,77.464683,Recycling,High,Available
271,13.094993,77.660659,Bin,High,Available
272,13.01412,77.494834,Bin,High,Available
273,12.943042,77.601227,Bin,Medium,Full
274,12.910173,77.492525,Bin,High,Available
275,12.921477,77.735581,Recycling,High,Full
276,12.91306,77.714265,Bin,High,Available
277,13.044112,77.679657,Bin,Medium,Full
278,13.084347,77.465111,Bin,Low,Available
279,13.054446,77.524729,Bin,High,Available
280,12.985559,77.656622,Bin,Low,Available
281,13.022221,77.755663,Bin,High,Available
282,12.965389,77.453266,Bin,High,Full
283,12.874795,77.590523,Recycling,Low,Available
284,13.033268,77.665595,Bin,Medium,Available
285,12.988557,77.45183,Recycling,Low,Available
286,12.90062,77.785326,Bin,Medium,Available
287,12.926401,77.756828,Recycling,Medium,Available
288,13.030518,77.760169,Bin,Medium,Available
289,13.023905,77.451126,Bin,Medium,Available
290,12.873248,77.655871,Bin,Medium,Available
291,12.994996,77.64652,Bin,Medium,Available
292,13.051247,77.544437,Recycling,Medium,Available
293,12.864638,77.566983,Recycling,High,Available
294,12.979317,77.60407,Bin,Medium,Available
295,12.87215,77.527214,Bin,High,Full
296,13.083278,77.674898,Bin,Medium,Available
297,12.879584,77.593467,Recycling,Medium,Available
298,12.996942,77.514567,Bin,Medium,Available
299,12.856048,77.741094,Bin,Medium,Available
300,13.08517,77.540754,Bin,High,Available
301,12.896525,77.730925,Bin,Medium,Available
302,12.87015,77.704779,Bin,Medium,Available
303,13.041378,77.505618,Bin,Low,Available
304,13.014239,77.784815,Bin,Low,Available
305,12.915426,77.536443,Recycling,Low,Available
306,13.03985,77.607409,Recycling,Low,Available
307,12.858403,77.471929,Recycling,Low,Available
308,12.952774,77.57157,Recycling,Low,Available
309,13.090849,77.646059,Recycling,Low,Available
310,12.915039,77.705787,Recycling,Low,Available
311,12.899524,77.647866,Bin,High,Available
312,12.937377,77.489934,Bin,Low,Available
313,13.062654,77.646428,Bin,Low,Full
314,13.030704,77.473684,Recycling,Medium,Available
315,12.964575,77.619644,Bin,High,Available
316,13.017256,77.611803,Bin,Medium,Available
317,12.865568,77.629376,Recycling,Medium,Available
318,13.04657,77.520477,Bin,Low,Available
319,13.039188,77.631785,Bin,High,Full
320,13.067645,77.533579,Bin,High,Available
321,12.856792,77.472822,Bin,High,Available
322,12.974453,77.486916,Bin,High,Available
323,13.043903,77.787567,Bin,Medium,Available
324,13.048214,77.652158,Bin,High,Available
325,13.078773,77.63656,Bin,Medium,Available
326,12.92919,77.750013,Recycling,Low,Full
327,12.885178,77.520705,Bin,High,Available
328,12.888026,77.604113,Bin,Low,Full
329,13.050901,77.626822,Recycling,Medium,Full
330,13.01698,77.672135,Bin,High,Available
331,12.890558,77.454413,Bin,Medium,Available
332,13.072565,77.477792,Recycling,Low,Full
333,13.054766,77.639278,Recycling,Medium,Available
334,13.055409,77.610743,Bin,Medium,Available
335,12.933802,77.510817,Recycling,High,Available
336,12.909969,77.49969,Bin,Medium,Available
337,13.012787,77.667325,Bin,High,Available
338,13.094776,77.67195,Bin,Medium,Available
339,13.021582,77.474374,Bin,High,Available
340,13.05926,77.547747,Bin,Medium,Available
341,12.926328,77.524426,Bin,Medium,Available
342,13.084576,77.754922,Recycling,High,Available
343,12.915072,77.767518,Bin,Medium,Available
344,12.961764,77.611125,Recycling,Medium,Available
345,13.0942,77.488752,Bin,Low,Available
346,13.079519,77.548013,Recycling,Low,Full
347,13.03849,77.731717,Bin,High,Available
348,12.926188,77.740288,Bin,High,Available
349,13.025921,77.639244,Bin,Low,Available
350,12.967192,77.555443,Bin,Low,Available
351,13.035798,77.46685,Recycling,High,Available
352,12.998305,77.762306,Bin,Low,Available
353,13.048645,77.462135,Bin,High,Full
354,12.980361,77.472274,Recycling,Medium,Available
355,12.873464,77.768369,Bin,High,Full
356,12.992943,77.631106,Bin,Medium,Available
357,13.04347,77.660673,Recycling,Medium,Available
358,13.007827,77.657094,Recycling,Low,Available
359,12.876056,77.584579,Bin,Medium,Full
360,13.000163,77.710258,Bin,Medium,Available
361,12.913598,77.576649,Bin,Low,Available
362,12.919204,77.790036,Bin,Medium,Available
363,13.002695,77.548239,Bin,Medium,Available
364,12.851916,77.526674,Bin,Low,Available
365,13.050646,77.650217,Bin,Low,Full
366,12.949254,77.480482,Bin,Low,Available
367,12.976853,77.755978,Bin,High,Full
368,12.882872,77.546156,Bin,Medium,Available
369,13.076903,77.699911,Bin,Medium,Available
370,13.088765,77.737419,Bin,Medium,Available
371,12.914402,77.470834,Bin,Medium,Available
372,12.94596,77.609683,Bin,Low,Available
373,13.037795,77.474853,Bin,Medium,Full
374,13.017143,77.687534,Bin,Medium,Available
375,13.009024,77.76965,Bin,High,Available
376,12.88014,77.765859,Bin,Medium,Available
377,12.852927,77.597712,Bin,Medium,Available
378,12.860935,77.493051,Bin,Medium,Available
379,13.013073,77.745962,Bin,Medium,Available
380,12.918845,77.55721,Recycling,Medium,Available
381,13.055606,77.750147,Recycling,Medium,Available
382,12.99555,77.57991,Bin,High,Available
383,12.943638,77.508401,Bin,Low,Full
384,12.936469,77.504061,Bin,Medium,Available
385,12.935151,77.475099,Bin,Medium,Available
386,13.001445,77.577608,Bin,High,Available
387,13.022069,77.499194,Bin,Low,Available
388,13.091004,77.584472,Bin,Low,Available
389,12.890006,77.458173,Recycling,Medium,Available
390,13.075021,77.490649,Recycling,Medium,Full
391,13.000736,77.739348,Recycling,Low,Full
392,12.94737,77.584929,Bin,Medium,Available
393,12.988428,77.639597,Recycling,High,Available
394,12.925583,77.540767,Bin,Low,Available
395,12.917562,77.788246,Bin,Medium,Available
396,12.884799,77.605415,Bin,Medium,Available
397,13.098462,77.75811,Bin,Medium,Available
398,12.900328,77.588298,Bin,Medium,Available
399,12.906937,77.78741,Recycling,High,Available
400,13.067492,77.495728,Recycling,Low,Available
401,12.918942,77.756982,Recycling,Low,Available
402,13.095247,77.619193,Recycling,Medium,Available
403,12.921446,77.521128,Recycling,Medium,Available
404,12.973081,77.652048,Recycling,High,Available
405,13.05688,77.717585,Bin,High,Available
406,12.877316,77.748887,Bin,High,Full
407,12.865614,77.759213,Bin,Medium,Available
408,13.081596,77.456691,Bin,Medium,Available
409,13.023133,77.497052,Bin,Medium,Available
410,12.91969,77.523747,Recycling,Low,Full
411,13.019205,77.739964,Bin,Low,Available
412,13.058536,77.709167,Bin,High,Available
413,13.014635,77.718141,Recycling,Medium,Available
414,12.971907,77.477177,Bin,Medium,Available
415,12.937205,77.488849,Recycling,High,Available
416,13.088779,77.632902,Bin,Low,Available
417,13.048629,77.69748,Bin,Low,Available
418,12.923823,77.531335,Bin,High,Full
419,12.951276,77.767139,Bin,Medium,Available
420,13.010119,77.792643,Bin,Medium,Available
421,12.88073,77.761031,Bin,Medium,Available
422,13.006196,77.475122,Bin,Low,Available
423,13.055634,77.731385,Bin,Medium,Available
424,13.043837,77.544993,Bin,Low,Available
425,13.007389,77.469016,Recycling,Medium,Available
426,12.977782,77.466398,Bin,High,Available
427,13.059835,77.451337,Bin,High,Available
428,12.875473,77.576082,Bin,High,Available
429,13.047233,77.762155,Bin,High,Available
430,13.09102,77.481251,Bin,Medium,Available
431,13.008178,77.69635,Bin,Low,Available
432,13.016596,77.788117,Recycling,High,Available
433,12.924513,77.486878,Recycling,Medium,Available
434,12.940013,77.78488,Bin,Medium,Available
435,12.902221,77.579048,Bin,Low,Available
436,12.954126,77.737763,Recycling,Low,Available
437,12.96807,77.758055,Bin,Medium,Available
438,12.923825,77.49781,Bin,High,Available
439,13.011208,77.588296,Recycling,Low,Full
440,12.921852,77.578725,Bin,Low,Available
441,12.916898,77.742418,Bin,Medium,Available
442,12.854832,77.493529,Bin,Medium,Available
443,12.982734,77.658296,Bin,Medium,Full
444,12.979758,77.68714,Bin,High,Available
445,12.980324,77.791605,Bin,Low,Available
446,13.051789,77.492073,Bin,Low,Available
447,13.043285,77.631286,Bin,Medium,Available
448,12.92495,77.676261,Recycling,High,Available
449,13.07464,77.724119,Recycling,Medium,Available
450,12.925729,77.472993,Bin,Low,Available
451,13.036861,77.615833,Bin,High,Full
452,13.046297,77.796965,Bin,High,Available
453,12.94142,77.528883,Bin,Low,Available
454,13.04533,77.652404,Bin,High,Available
455,12.947041,77.685946,Bin,Medium,Full
456,12.922626,77.614496,Recycling,High,Available
457,12.886826,77.452745,Bin,Medium,Available
458,13.089484,77.635381,Bin,Medium,Available
459,12.86906,77.546146,Recycling,Medium,Available
460,12.958204,77.465365,Bin,Medium,Available
461,12.862495,77.745277,Recycling,High,Full
462,12.910494,77.786219,Bin,High,Full
463,13.027931,77.7934,Bin,Low,Available
464,12.99839,77.475579,Bin,High,Available
465,13.048149,77.767765,Recycling,High,Available
466,13.094327,77.715059,Bin,Medium,Available
467,12.911835,77.674215,Bin,Low,Available
468,13.042907,77.624613,Bin,Low,Available
469,13.081549,77.530037,Bin,Low,Available
470,13.062011,77.705102,Bin,Medium,Available
471,12.970223,77.681852,Bin,Low,Available
472,13.079883,77.797639,Bin,High,Available
473,12.948115,77.713993,Recycling,High,Available
474,12.93928,77.725642,Bin,Medium,Available
475,13.014158,77.53414,Bin,High,Available
476,12.976489,77.527298,Bin,Low,Available
477,13.066693,77.548868,Recycling,Medium,Available
478,12.995022,77.630844,Recycling,Low,Available
479,13.073524,77.78126,Recycling,Medium,Available
480,12.969084,77.624139,Bin,Medium,Available
481,12.932891,77.749261,Bin,Low,Available
482,13.085196,77.627422,Bin,High,Available
483,12.933048,77.692766,Recycling,Medium,Available
484,13.068971,77.638683,Bin,Medium,Available
485,12.881967,77.717941,Bin,Medium,Available
486,12.863659,77.790577,Bin,Medium,Available
487,12.907604,77.450516,Recycling,High,Available
488,13.015762,77.709664,Recycling,Medium,Available
489,12.931324,77.699417,Recycling,Low,Available
490,13.075485,77.732343,Recycling,High,Available
491,12.997659,77.681355,Bin,Medium,Available
492,12.89183,77.723221,Bin,High,Available
493,12.916332,77.660544,Bin,High,Available
494,12.875629,77.629849,Bin,Medium,Full
495,13.056877,77.694023,Recycling,Medium,Full
496,13.023649,77.705143,Recycling,Low,Available
497,12.89881,77.57087,Bin,High,Full
498,13.025292,77.70447,Bin,High,Available
499,12.945129,77.507062,Recycling,High,Available
500,12.856298,77.743649,Bin,High,Full
501,12.959415,77.532241,Recycling,High,Available
502,13.091759,77.468084,Bin,High,Full
503,12.894814,77.730001,Bin,Medium,Available
504,13.066324,77.505046,Bin,Low,Full
505,13.018176,77.728838,Bin,Medium,Available
506,13.058208,77.76713,Bin,Medium,Available
507,12.987215,77.550671,Bin,Medium,Available
508,12.933512,77.706445,Bin,Low,Available
509,12.92144,77.601468,Bin,Medium,Available
510,12.94348,77.780557,Bin,Medium,Available
511,12.899748,77.596417,Recycling,Low,Available
512,12.91908,77.601207,Recycling,Low,Available
513,12.894841,77.789737,Bin,Medium,Available
514,13.026139,77.597955,Bin,Medium,Available
515,12.901333,77.619064,Bin,Low,Available
516,13.092134,77.661273,Bin,Low,Full
517,12.924323,77.482223,Bin,Medium,Available
518,12.916851,77.455289,Recycling,Low,Available
519,13.026657,77.663503,Bin,Low,Available
520,13.066524,77.781357,Bin,Low,Full
521,13.034134,77.759048,Bin,Medium,Available
522,13.020028,77.592853,Bin,Medium,Available
523,12.962564,77.785153,Bin,High,Available
524,13.018115,77.791952,Bin,Low,Available
525,12.873156,77.711935,Recycling,Medium,Available
526,12.958601,77.703207,Bin,Medium,Available
527,13.009422,77.534708,Recycling,Low,Available
528,13.069368,77.708553,Bin,Low,Available
529,12.917702,77.536646,Bin,Medium,Available
530,13.001683,77.685505,Bin,High,Available
531,13.051273,77.738044,Recycling,Medium,Available
532,13.004196,77.710009,Recycling,Medium,Available
533,12.942778,77.772268,Bin,Medium,Available
534,12.942112,77.763371,Bin,High,Available
535,13.007562,77.536934,Recycling,Medium,Available
536,13.012331,77.777698,Bin,High,Available
537,12.96098,77.45767,Bin,Medium,Available
538,12.972774,77.774489,Bin,High,Available
539,13.013793,77.541083,Bin,Low,Available
540,12.896412,77.682477,Recycling,High,Available
541,12.877608,77.551216,Bin,Low,Available
542,12.983888,77.57491,Bin,High,Available
543,12.926949,77.769826,Recycling,Medium,Available
544,12.976409,77.779392,Recycling,Low,Available
545,12.988343,77.626096,Bin,High,Available
546,13.059477,77.750567,Recycling,Medium,Available
547,12.890091,77.685776,Bin,Medium,Available
548,12.879388,77.50785,Bin,High,Available
549,12.978733,77.506477,Bin,Low,Available
550,13.072714,77.534538,Bin,Low,Available
551,12.979806,77.662713,Bin,Low,Available
552,12.908551,77.526844,Recycling,Medium,Available
553,12.953944,77.600131,Bin,Medium,Available
554,12.892923,77.625039,Bin,High,Available
555,12.983126,77.490388,Bin,Low,Available
556,12.88571,77.692226,Bin,Medium,Full
557,12.901079,77.627732,Bin,Low,Available
558,12.867261,77.615989,Bin,Medium,Available
559,12.913318,77.453493,Recycling,Medium,Available
560,13.055347,77.745164,Bin,Medium,Available
561,12.962824,77.514205,Recycling,High,Available
562,12.868925,77.585739,Recycling,High,Available
563,12.866743,77.757073,Bin,Medium,Full
564,12.866641,77.676911,Bin,Medium,Available
565,12.958368,77.799014,Bin,Medium,Available
566,12.93763,77.580387,Bin,Medium,Available
567,13.030684,77.679855,Recycling,Low,Available
568,13.015421,77.619396,Bin,High,Available
569,12.987105,77.473262,Recycling,Medium,Available
570,13.037937,77.731051,Bin,Low,Available
571,13.005118,77.709789,Bin,Low,Full
572,13.037494,77.76788,Recycling,Medium,Available
573,13.072282,77.652582,Bin,Low,Available
574,13.029099,77.54483,Bin,Medium,Available
575,12.903728,77.598698,Recycling,Medium,Available
576,12.869243,77.693655,Bin,High,Available
577,13.04906,77.545181,Bin,Low,Full
578,13.009094,77.563579,Bin,Low,Available
579,12.904679,77.658356,Bin,Medium,Available
580,13.044506,77.716298,Bin,Low,Available
581,12.942087,77.601321,Bin,Low,Available
582,13.069796,77.535189,Bin,Low,Available
583,12.930757,77.764272,Recycling,Medium,Full
584,13.099039,77.738895,Recycling,Low,Available
585,12.866814,77.483221,Recycling,Medium,Available
586,13.051666,77.750308,Recycling,Low,Available
587,12.952798,77.495528,Bin,Medium,Available
588,12.991545,77.559472,Bin,Low,Available
589,13.041088,77.66831,Recycling,Low,Available
590,13.004882,77.647188,Bin,High,Available
591,12.995238,77.796738,Recycling,Medium,Available
592,12.947308,77.530106,Bin,High,Full
593,12.935476,77.634687,Bin,High,Full
594,13.012377,77.731545,Recycling,Medium,Available
595,12.963691,77.686175,Bin,Medium,Full
596,12.891839,77.625126,Bin,Medium,Available
597,12.918822,77.504672,Bin,Medium,Available
598,13.026285,77.60931,Bin,High,Available
599,12.854786,77.722686,Bin,Medium,Available
600,13.050703,77.786322,Bin,Medium,Available
601,12.888423,77.650413,Bin,High,Available
602,12.99821,77.574224,Bin,Low,Available
603,12.871141,77.662396,Recycling,High,Available
604,12.902808,77.752049,Recycling,Low,Available
605,12.92163,77.730924,Recycling,Low,Full
606,13.005658,77.790684,Bin,High,Available
607,12.93382,77.473456,Recycling,High,Full
608,13.084491,77.479786,Bin,Low,Available
609,12.907341,77.614188,Bin,Low,Available
610,12.886819,77.790577,Recycling,High,Available
611,12.919592,77.729403,Bin,Low,Available
612,12.88242,77.539762,Bin,Medium,Available
613,12.902627,77.733158,Bin,Medium,Full
614,12.888731,77.478958,Bin,Medium,Available
615,13.050951,77.498002,Bin,Medium,Available
616,13.006,77.545774,Bin,Low,Available
617,12.926616,77.737833,Bin,Medium,Available
618,13.031252,77.651001,Bin,High,Full
619,12.928469,77.638308,Recycling,High,Full
620,12.942867,77.518308,Bin,High,Available
621,12.970795,77.743381,Bin,High,Available
622,12.932058,77.608896,Recycling,Low,Available
623,13.087861,77.511422,Bin,Medium,Available
624,13.011186,77.530439,Bin,Medium,Available
625,12.885306,77.649807,Bin,Low,Available
626,12.895709,77.738999,Bin,High,Full
627,12.992815,77.50005,Bin,High,Available
628,12.871754,77.644875,Recycling,High,Available
629,13.018191,77.527176,Bin,High,Available
630,12.915812,77.450229,Recycling,High,Available
631,13.037566,77.503217,Bin,Medium,Available
632,12.971533,77.772259,Bin,Low,Available
633,12.909537,77.767952,Bin,Medium,Available
634,12.888623,77.620543,Bin,Medium,Full
635,13.042362,77.589253,Recycling,Low,Available
636,12.901112,77.569144,Bin,Medium,Full
637,12.977464,77.625446,Bin,Low,Available
638,12.959545,77.743713,Bin,Low,Available
639,12.90937,77.467365,Recycling,Low,Available
640,12.920262,77.510724,Bin,High,Available
641,13.037692,77.49392,Recycling,Low,Available
642,12.991445,77.775201,Bin,Low,Available
643,13.056715,77.633657,Recycling,Low,Available
644,12.857526,77.786522,Bin,High,Available
645,13.002866,77.687475,Bin,High,Full
646,13.071214,77.708673,Bin,Low,Full
647,12.852571,77.700617,Recycling,Medium,Full
648,12.92797,77.56899,Bin,Medium,Available
649,12.935847,77.7421,Recycling,Low,Available
650,13.082158,77.471633,Bin,Low,Available
651,12.887618,77.788827,Bin,Medium,Available
652,12.96774,77.68167,Recycling,High,Available
653,13.07609,77.736093,Recycling,Low,Available
654,12.903112,77.682233,Bin,Medium,Full
655,13.073891,77.768211,Bin,Medium,Available
656,12.897652,77.514621,Bin,Medium,Available
657,12.879973,77.707224,Bin,Low,Available
658,12.924986,77.658629,Bin,Low,Available
659,12.986674,77.765845,Bin,High,Available
660,13.082889,77.737343,Bin,Medium,Full
661,12.94988,77.564378,Bin,High,Available
662,12.876114,77.6519,Bin,Low,Full
663,12.903674,77.473532,Bin,High,Available
664,13.014679,77.636302,Bin,Low,Available
665,12.924089,77.778411,Recycling,High,Available
666,13.092431,77.600932,Bin,Low,Available
667,13.023003,77.610275,Bin,Medium,Available
668,12.994408,77.575723,Recycling,High,Available
669,12.937705,77.576896,Recycling,Medium,Available
670,12.871172,77.613343,Bin,High,Available
671,12.945248,77.732942,Recycling,Medium,Available
672,12.925821,77.776394,Bin,High,Available
673,12.982893,77.461431,Bin,Medium,Available
674,13.014102,77.789903,Bin,High,Available
675,12.954417,77.490725,Bin,High,Available
676,12.869201,77.574133,Bin,Medium,Available
677,13.053668,77.664141,Bin,Low,Available
678,12.938724,77.59461,Bin,Medium,Available
679,12.948815,77.513623,Bin,High,Available
680,12.954796,77.508871,Recycling,Medium,Available
681,12.975607,77.70602,Recycling,Low,Full
682,13.083576,77.770747,Bin,Medium,Available
683,13.038099,77.635953,Bin,Medium,Available
684,13.056118,77.501253,Recycling,Medium,Available
685,12.957825,77.582664,Recycling,Low,Available
686,12.971005,77.629933,Bin,Medium,Available
687,12.859817,77.5452,Bin,High,Full
688,12.948789,77.70493,Bin,Medium,Available
689,13.086689,77.590074,Recycling,Low,Full
690,12.856442,77.661235,Bin,Medium,Available
691,13.084632,77.513414,Bin,Low,Available
692,12.986615,77.596018,Bin,Low,Available
693,13.039321,77.764288,Bin,Medium,Available
694,12.854148,77.681602,Bin,Low,Available
695,12.855927,77.742232,Recycling,Low,Available
696,13.067102,77.774262,Bin,Low,Available
697,12.993487,77.587513,Bin,Medium,Available
698,13.046843,77.557251,Bin,Medium,Available
699,13.09345,77.64047,Bin,High,Available
700,13.076061,77.581153,Bin,Low,Available
701,13.058091,77.731977,Bin,Low,Available
702,13.0826,77.483376,Bin,Medium,Full
703,12.870881,77.523894,Recycling,Low,Available
704,12.960527,77.56704,Bin,Medium,Available
705,12.992999,77.731901,Recycling,Low,Available
706,12.917044,77.576376,Bin,Medium,Available
707,12.858668,77.587169,Bin,Low,Available
708,12.914957,77.76013,Recycling,Low,Available
709,12.952826,77.534186,Bin,High,Available
710,13.056088,77.588947,Bin,High,Available
711,13.017818,77.544725,Bin,High,Available
712,13.097105,77.792048,Recycling,Medium,Available
713,13.066525,77.551304,Bin,Medium,Available
714,12.956872,77.5656,Bin,High,Available
715,13.083608,77.691181,Recycling,Medium,Available
716,12.85405,77.736433,Bin,High,Full
717,12.923517,77.523611,Recycling,Low,Full
718,12.875711,77.494084,Recycling,Medium,Available
719,12.931082,77.686769,Bin,Medium,Available
720,12.99384,77.600172,Bin,High,Available
721,13.023089,77.531666,Bin,High,Available
722,12.864986,77.495841,Bin,High,Available
723,13.033538,77.569462,Bin,High,Available
724,12.966334,77.454789,Bin,Low,Available
725,13.007844,77.599239,Bin,Low,Available
726,13.015956,77.787856,Bin,High,Available
727,12.99098,77.625097,Bin,Low,Available
728,12.93524,77.771044,Bin,Low,Available
729,12.923338,77.633915,Bin,High,Available
730,13.01909,77.687872,Recycling,Low,Available
731,12.917989,77.526262,Bin,Medium,Available
732,12.854061,77.705072,Bin,Medium,Available
733,12.935683,77.497102,Bin,High,Full
734,13.012447,77.486202,Bin,High,Available
735,12.879555,77.450011,Recycling,Medium,Available
736,12.853224,77.639105,Recycling,High,Available
737,12.978615,77.47977,Bin,Medium,Available
738,12.947182,77.534105,Bin,Medium,Available
739,12.894224,77.795568,Bin,Medium,Full
740,13.098892,77.65395,Recycling,Medium,Available
741,12.950676,77.685378,Bin,Medium,Available
742,13.008099,77.494914,Bin,Medium,Available
743,13.038368,77.755501,Bin,High,Available
744,12.89666,77.458991,Bin,Medium,Available
745,13.06249,77.518686,Bin,High,Available
746,12.969623,77.654947,Bin,Low,Available
747,12.876371,77.654956,Bin,Low,Available
748,13.055017,77.464553,Bin,Medium,Available
749,12.926943,77.664773,Recycling,High,Available
750,13.032555,77.577688,Bin,Medium,Available
751,13.025435,77.644763,Bin,High,Available
752,12.928943,77.469908,Recycling,High,Available
753,13.018916,77.588578,Recycling,Medium,Available
754,13.083682,77.537808,Bin,Medium,Full
755,12.94446,77.471713,Bin,Medium,Available
756,13.014526,77.799212,Bin,Medium,Available
757,12.878787,77.759146,Bin,Medium,Available
758,12.960508,77.676882,Bin,High,Full
759,13.012191,77.784098,Bin,Medium,Available
760,12.995434,77.590512,Bin,Low,Available
761,12.890665,77.707028,Bin,Low,Available
762,12.998807,77.75517,Bin,Medium,Available
763,12.98507,77.477748,Bin,High,Available
764,12.924081,77.500214,Bin,Medium,Available
765,12.870154,77.778849,Recycling,Medium,Available
766,12.870047,77.616894,Bin,High,Available
767,12.919267,77.779308,Bin,High,Full
768,12.894288,77.702723,Bin,Medium,Available
769,12.995161,77.777578,Bin,Medium,Available
770,13.087633,77.457723,Recycling,Low,Available
771,12.920084,77.496263,Bin,Medium,Available
772,12.863641,77.659811,Recycling,Medium,Available
773,12.960644,77.466927,Recycling,High,Available
774,12.938276,77.729924,Bin,High,Available
775,13.046101,77.659497,Bin,High,Available
776,13.001272,77.527171,Bin,Medium,Available
777,12.864897,77.661526,Recycling,Medium,Available
778,13.01663,77.478037,Bin,Low,Available
779,12.900573,77.585347,Bin,Medium,Available
780,12.970824,77.583974,Recycling,Low,Available
781,12.86551,77.474904,Bin,Medium,Full
782,12.989468,77.785927,Bin,Low,Available
783,12.896319,77.639445,Bin,Low,Full
784,13.060541,77.553814,Bin,Low,Available
785,12.880821,77.631497,Bin,Medium,Full
786,13.021079,77.782143,Bin,Medium,Available
787,12.86919,77.451466,Bin,Medium,Available
788,12.972411,77.595405,Bin,Medium,Available
789,12.874606,77.784852,Bin,High,Available
790,12.948287,77.532923,Bin,Low,Available
791,13.019386,77.641425,Bin,High,Available
792,12.92015,77.572478,Recycling,High,Available
793,13.068577,77.740718,Bin,Medium,Available
794,13.094555,77.513312,Recycling,Medium,Available
795,12.955003,77.652426,Recycling,High,Full
796,12.864904,77.692218,Bin,Medium,Available
797,12.950685,77.631864,Recycling,Low,Available
798,12.949,77.496553,Bin,High,Full
799,13.07676,77.797036,Bin,Medium,Available
800,12.970951,77.596436,Bin,Medium,Available
801,12.890364,77.615109,Bin,Medium,Available
802,13.035568,77.45882,Bin,High,Available
803,12.915291,77.693234,Bin,High,Available
804,13.002527,77.620862,Bin,Low,Available
805,12.999825,77.629798,Bin,Low,Available
806,12.921406,77.707113,Bin,Medium,Full
807,12.893602,77.615077,Bin,Medium,Available
808,12.951841,77.632482,Recycling,Low,Available
809,13.065416,77.651991,Recycling,Medium,Available
810,12.957418,77.712451,Recycling,Medium,Available
811,12.917199,77.519526,Bin,Medium,Available
812,12.996998,77.599275,Bin,Low,Available
813,12.892957,77.631327,Bin,Low,Available
814,13.052967,77.454852,Bin,Medium,Available
815,13.083188,77.457048,Bin,High,Available
816,12.991148,77.68206,Bin,High,Full
817,13.030039,77.550527,Recycling,Low,Available
818,13.074346,77.539667,Bin,Low,Full
819,12.975015,77.686213,Bin,High,Available
820,12.92815,77.593739,Bin,High,Available
821,13.083636,77.556185,Recycling,High,Available
822,13.09141,77.587744,Bin,Medium,Available
823,12.993765,77.522386,Bin,Medium,Available
824,13.011305,77.710825,Bin,Medium,Available
825,12.899658,77.724186,Recycling,Medium,Available
826,13.074249,77.746143,Bin,High,Available
827,12.93481,77.471851,Bin,Low,Available
828,12.929236,77.733089,Recycling,Medium,Full
829,13.064308,77.717628,Bin,Medium,Full
830,13.020635,77.566066,Bin,Medium,Available
831,12.879988,77.559222,Recycling,High,Available
832,13.088097,77.565088,Bin,High,Available
833,13.086437,77.559522,Recycling,Low,Available
834,13.035494,77.687203,Bin,High,Available
835,12.863409,77.701113,Bin,High,Available
836,12.89207,77.742755,Bin,Low,Available
837,12.977778,77.66151,Bin,High,Available
838,13.027347,77.48689,Recycling,Medium,Available
839,12.940746,77.757748,Recycling,Low,Available
840,13.071595,77.466519,Recycling,Medium,Available
841,12.91764,77.537077,Recycling,Low,Available
842,12.94828,77.498739,Bin,Medium,Full
843,12.942284,77.575017,Bin,Medium,Available
844,13.069979,77.626932,Bin,Low,Full
845,12.912493,77.475677,Bin,Medium,Available
846,12.955548,77.724772,Bin,High,Available
847,12.954742,77.61031,Bin,High,Available
848,12.930214,77.658618,Recycling,Medium,Full
849,12.936254,77.469156,Bin,Medium,Available
850,12.850057,77.770251,Recycling,High,Available
851,12.880091,77.473662,Recycling,High,Available
852,12.879785,77.629337,Bin,Medium,Available
853,13.02968,77.488711,Bin,High,Available
854,12.863458,77.516456,Bin,Medium,Available
855,12.935311,77.605464,Bin,Medium,Full
856,13.066509,77.453469,Recycling,Medium,Full
857,12.970808,77.795414,Recycling,Low,Available
858,13.098034,77.750136,Bin,High,Available
859,12.851746,77.591218,Bin,High,Available
860,13.056881,77.450209,Bin,Low,Available
861,12.867047,77.515493,Bin,Low,Available
862,12.944217,77.756567,Recycling,Medium,Available
863,12.8767,77.783691,Bin,Low,Available
864,12.9301,77.5075,Recycling,Low,Available
865,12.880962,77.474687,Recycling,Low,Available
866,12.986158,77.47725,Recycling,Low,Full
867,12.892203,77.74888,Bin,Medium,Available
868,13.083699,77.768221,Recycling,High,Available
869,12.921046,77.551139,Bin,Medium,Available
870,12.88997,77.691936,Bin,Medium,Available
871,13.04911,77.708814,Bin,Low,Available
872,12.871862,77.582077,Bin,Low,Available
873,13.088912,77.783771,Bin,Low,Available
874,12.948054,77.781723,Bin,High,Available
875,13.095314,77.583566,Recycling,Medium,Available
876,12.898004,77.501107,Recycling,High,Full
877,13.006358,77.732894,Bin,Medium,Available
878,13.008911,77.574585,Bin,Medium,Available
879,12.945531,77.496294,Bin,Low,Available
880,13.010699,77.660331,Bin,Medium,Available
881,12.901022,77.614164,Recycling,Low,Available
882,13.070921,77.570025,Bin,Low,Available
883,12.929025,77.469509,Bin,Low,Available
884,12.870145,77.501507,Bin,Low,Full
885,12.851512,77.619351,Bin,Medium,Full
886,12.890424,77.788041,Bin,High,Available
887,13.07112,77.643898,Bin,Low,Available
888,13.079122,77.564743,Bin,High,Available
889,13.088016,77.708275,Bin,High,Available
890,12.914266,77.612763,Bin,High,Full
891,12.955943,77.569746,Recycling,Medium,Available
892,12.937912,77.768342,Bin,High,Available
893,12.935462,77.601793,Recycling,Medium,Available
894,13.085248,77.668124,Recycling,High,Available
895,12.948763,77.467942,Bin,Medium,Available
896,13.037241,77.574944,Bin,Low,Available
897,12.986424,77.521423,Bin,High,Available
898,12.904008,77.788545,Recycling,High,Available
899,12.968775,77.764284,Bin,High,Available
900,12.961682,77.493207,Bin,Low,Available
901,13.094321,77.534824,Bin,High,Available
902,12.888286,77.704841,Bin,High,Available
903,13.093853,77.650747,Bin,Medium,Available
904,13.074349,77.491783,Bin,High,Available
905,12.948409,77.615702,Recycling,Medium,Full
906,12.872034,77.721879,Recycling,Low,Available
907,12.891375,77.697311,Bin,Medium,Available
908,12.902936,77.464524,Bin,Medium,Full
909,13.016732,77.602389,Recycling,High,Full
910,12.981897,77.540616,Bin,High,Available
911,12.925694,77.636365,Bin,Medium,Available
912,12.944934,77.666018,Recycling,High,Full
913,13.040553,77.657101,Bin,Medium,Available
914,13.000617,77.621425,Bin,Medium,Available
915,12.899389,77.731811,Bin,Low,Available
916,13.014577,77.603201,Bin,Medium,Available
917,13.083217,77.772926,Bin,Medium,Available
918,12.859178,77.616169,Bin,High,Available
919,12.988204,77.709232,Bin,Low,Full
920,12.979503,77.664965,Bin,Medium,Available
921,12.868724,77.487156,Recycling,Low,Available
922,12.976228,77.719061,Bin,Medium,Available
923,12.859115,77.46846,Recycling,Low,Available
924,12.959475,77.745398,Bin,Medium,Available
925,12.96227,77.652165,Bin,Medium,Available
926,12.876656,77.578379,Bin,High,Full
927,13.092519,77.752775,Bin,High,Available
928,13.007693,77.609477,Bin,High,Available
929,12.92951,77.773625,Bin,Medium,Full
930,13.002591,77.641242,Bin,Medium,Full
931,12.989805,77.63016,Bin,Low,Full
932,12.944247,77.661125,Bin,Medium,Full
933,12.993916,77.49414,Bin,High,Available
934,13.069959,77.677039,Recycling,Medium,Available
935,12.927423,77.520628,Recycling,High,Available
936,12.925242,77.514416,Recycling,Medium,Available
937,13.004155,77.464117,Bin,Medium,Available
938,13.096164,77.523184,Bin,Low,Available
939,12.956376,77.647896,Bin,Low,Available
940,13.054164,77.759834,Bin,Medium,Full
941,12.946993,77.740348,Bin,High,Available
942,13.085334,77.686816,Bin,High,Available
943,12.933043,77.695283,Recycling,High,Available
944,13.0495,77.708491,Bin,Medium,Available
945,12.926123,77.794031,Bin,High,Full
946,12.9443,77.730644,Bin,High,Available
947,13.086922,77.52657,Bin,High,Available
948,13.002053,77.605601,Recycling,Low,Available
949,12.924982,77.616008,Bin,Medium,Available
950,12.864348,77.654158,Recycling,Low,Available
951,13.016185,77.596767,Recycling,Medium,Available
952,12.851838,77.692102,Bin,Low,Available
953,13.094758,77.597258,Bin,High,Available
954,12.995518,77.729232,Recycling,Medium,Available
955,12.946513,77.788347,Bin,Low,Full
956,12.97014,77.474064,Bin,Medium,Full
957,12.900999,77.739263,Bin,Low,Full
958,12.978154,77.551807,Bin,High,Available
959,12.898169,77.495175,Bin,High,Available
960,12.90687,77.508165,Bin,High,Available
961,13.097031,77.619831,Bin,High,Available
962,13.027418,77.794299,Bin,Low,Available
963,12.920456,77.514505,Bin,Low,Available
964,12.883608,77.613702,Bin,Medium,Available
965,13.045875,77.45368,Recycling,High,Available
966,12.983886,77.616944,Bin,High,Full
967,12.933954,77.665274,Recycling,High,Available
968,12.963206,77.547543,Recycling,Low,Available
969,12.920638,77.547653,Bin,High,Available
970,12.994635,77.4789,Bin,Medium,Available
971,12.914698,77.56076,Bin,Medium,Full
972,13.086177,77.567207,Bin,High,Available
973,13.052671,77.781929,Bin,Low,Full
974,12.984385,77.454969,Bin,Medium,Available
975,13.03329,77.798398,Bin,Medium,Available
976,12.951411,77.509207,Recycling,High,Available
977,13.000811,77.529541,Bin,Medium,Available
978,13.097571,77.66397,Bin,High,Available
979,12.946129,77.571436,Bin,High,Available
980,13.048504,77.651771,Bin,High,Available
981,12.906096,77.626576,Bin,Low,Available
982,12.977773,77.605931,Recycling,Medium,Full
983,12.884863,77.649222,Recycling,Medium,Available
984,12.943011,77.482357,Bin,Medium,Full
985,12.910999,77.788357,Recycling,Low,Available
986,13.073889,77.788318,Bin,Medium,Available
987,13.021942,77.545716,Recycling,Low,Available
988,12.946572,77.573716,Bin,Medium,Available
989,12.898064,77.558314,Recycling,Medium,Available
990,12.994136,77.794169,Bin,Medium,Available
991,13.001831,77.481002,Bin,Low,Available
992,13.034895,77.523839,Recycling,Low,Available
993,12.965082,77.526156,Bin,High,Available
994,12.899773,77.571738,Bin,Medium,Available
995,12.922432,77.533563,Bin,Medium,Available
996,12.904363,77.578338,Bin,High,Full
997,13.050034,77.534581,Bin,Medium,Available
998,12.976481,77.722205,Recycling,High,Available
999,13.021809,77.559492,Bin,High,Available
1000,12.952296,77.565283,Bin,High,Available
1001,13.052907,77.552871,Bin,High,Available
1002,13.096842,77.528806,Bin,Medium,Full
1003,12.889091,77.713129,Bin,Low,Available
1004,12.933444,77.65276,Recycling,Medium,Available
1005,12.979687,77.467908,Bin,Medium,Available
1006,12.895441,77.626446,Bin,Low,Available
1007,12.883321,77.774711,Recycling,High,Available
1008,13.043969,77.732785,Recycling,Low,Available
1009,13.058581,77.652074,Bin,Medium,Available
1010,12.858594,77.673637,Bin,Medium,Available
1011,12.986357,77.496696,Bin,High,Available
1012,12.876078,77.50093,Recycling,Medium,Available
1013,12.876678,77.677345,Recycling,High,Available
1014,12.86882,77.489339,Bin,Low,Available
1015,12.915012,77.58477,Recycling,Medium,Available
1016,13.027588,77.489376,Recycling,Low,Available
1017,12.93524,77.799185,Bin,Low,Full
1018,12.856161,77.693841,Recycling,High,Full
1019,13.0939,77.472847,Recycling,Medium,Available
1020,12.882087,77.677566,Recycling,High,Available
1021,12.859987,77.576803,Recycling,High,Available
1022,12.863775,77.599413,Bin,High,Available
1023,12.927913,77.633861,Bin,High,Available
1024,12.969467,77.574349,Bin,Medium,Available
1025,12.917036,77.560484,Bin,Medium,Available
1026,12.999421,77.754394,Recycling,Medium,Available
1027,12.869242,77.684768,Recycling,Low,Available
1028,13.05971,77.756992,Bin,Medium,Available
1029,12.87547,77.768892,Recycling,High,Available
1030,13.060932,77.603315,Bin,Medium,Available
1031,13.039162,77.653852,Bin,Low,Available
1032,12.864251,77.655729,Recycling,Low,Available
1033,12.993193,77.736823,Bin,Medium,Available
1034,12.918553,77.459313,Recycling,Medium,Available
1035,13.035421,77.686331,Bin,Medium,Available
1036,12.882464,77.686669,Recycling,High,Available
1037,12.896025,77.486978,Recycling,Medium,Available
1038,13.045366,77.696147,Recycling,Low,Available
1039,13.062713,77.550147,Bin,Medium,Full
1040,12.858356,77.652927,Bin,High,Available
1041,12.908846,77.62303,Recycling,Low,Available
1042,13.039744,77.625217,Recycling,Low,Available
1043,12.90822,77.504866,Bin,Medium,Available
1044,12.927366,77.60679,Bin,High,Available
1045,12.923704,77.574092,Bin,Low,Full
1046,12.916421,77.763536,Bin,Medium,Full
1047,12.892187,77.788914,Bin,High,Available
1048,12.925397,77.515906,Bin,Low,Available
1049,12.876165,77.59803,Recycling,Low,Available
1050,13.010857,77.519014,Bin,Low,Full
1051,13.055368,77.573923,Bin,Medium,Available
1052,13.020668,77.670057,Bin,Low,Available
1053,13.072743,77.649324,Recycling,High,Available
1054,13.022944,77.686003,Recycling,High,Available
1055,12.910904,77.729495,Bin,High,Full
1056,12.945708,77.670722,Bin,Medium,Available
1057,13.040532,77.777662,Recycling,Low,Full
1058,13.034358,77.538493,Bin,Low,Full
1059,13.008295,77.702369,Bin,High,Available
1060,12.94383,77.669364,Bin,High,Available
1061,13.01307,77.591819,Bin,Low,Available
1062,13.077391,77.544371,Recycling,High,Available
1063,12.916293,77.682001,Recycling,High,Available
1064,13.048778,77.497511,Recycling,High,Available
1065,12.924856,77.485054,Bin,High,Available
1066,12.872099,77.569779,Recycling,Medium,Available
1067,12.891635,77.795162,Recycling,Low,Available
1068,12.864156,77.492132,Bin,High,Available
1069,13.060736,77.60606,Recycling,High,Available
1070,12.940304,77.673056,Bin,Medium,Available
1071,13.099056,77.616087,Recycling,Medium,Available
1072,12.998854,77.760308,Bin,Medium,Available
1073,12.954346,77.500509,Bin,Low,Full
1074,12.909119,77.524027,Recycling,Medium,Available
1075,12.890628,77.785911,Recycling,High,Available
1076,13.04059,77.500357,Bin,Low,Available
1077,12.963849,77.631305,Bin,Medium,Available
1078,12.960673,77.706277,Bin,High,Available
1079,12.902691,77.532852,Bin,High,Available
1080,12.914575,77.753454,Bin,Medium,Available
1081,12.901064,77.669381,Bin,High,Available
1082,12.971471,77.648048,Recycling,High,Available
1083,13.029675,77.655182,Bin,Low,Available
1084,12.911455,77.770195,Bin,High,Available
1085,13.007886,77.640029,Bin,Medium,Available
1086,13.005739,77.606406,Recycling,Low,Available
1087,12.951583,77.774305,Recycling,Medium,Available
1088,12.871053,77.794602,Bin,Low,Available
1089,12.877371,77.788043,Bin,Medium,Available
1090,13.02939,77.721887,Bin,Medium,Full
1091,12.869657,77.56582,Bin,High,Available
1092,13.033153,77.689654,Bin,Low,Available
1093,12.952782,77.532014,Bin,High,Full
1094,12.935393,77.568477,Bin,Medium,Available
1095,12.886652,77.505883,Recycling,Medium,Available
1096,13.005637,77.558121,Bin,High,Available
1097,12.950089,77.781504,Bin,High,Available
1098,13.074383,77.767716,Bin,High,Available
1099,13.047828,77.520319,Recycling,High,Available
1100,13.088065,77.467451,Bin,Medium,Available
1101,13.011288,77.455939,Recycling,Low,Available
1102,12.853504,77.6484,Recycling,Medium,Available
1103,12.85332,77.639705,Bin,Medium,Available
1104,13.021109,77.626127,Recycling,Medium,Available
1105,13.012064,77.510335,Recycling,Medium,Available
1106,13.090585,77.631428,Bin,Medium,Available
1107,13.050923,77.736238,Recycling,Medium,Available
1108,13.038369,77.496365,Bin,Medium,Available
1109,12.954496,77.74865,Recycling,Low,Available
1110,12.915674,77.756168,Bin,High,Available
1111,13.005784,77.574624,Recycling,Low,Available
1112,12.908921,77.699781,Recycling,Low,Full
1113,12.998394,77.494489,Bin,Low,Available
1114,13.039717,77.487029,Bin,High,Full
1115,12.978379,77.782598,Bin,Medium,Available
1116,12.973246,77.615166,Bin,High,Available
1117,12.95088,77.566655,Bin,Medium,Available
1118,13.048489,77.620269,Bin,Low,Available
1119,13.08732,77.556785,Bin,Medium,Available
1120,12.85879,77.563101,Bin,Medium,Available
1121,12.961826,77.787931,Bin,Low,Available
1122,12.964441,77.715832,Bin,High,Available
1123,12.954733,77.721553,Bin,Medium,Available
1124,13.035499,77.468298,Recycling,Low,Full
1125,12.938132,77.702939,Bin,High,Available
1126,12.89463,77.622561,Bin,Low,Full
1127,13.094122,77.581691,Recycling,Medium,Available
1128,13.0256,77.680616,Recycling,Low,Available
1129,12.863006,77.489776,Bin,High,Available
1130,13.046681,77.628404,Bin,Low,Available
1131,12.943993,77.714709,Bin,Low,Available
1132,12.875583,77.593675,Recycling,Medium,Available
1133,12.966594,77.576583,Bin,High,Available
1134,12.89203,77.629291,Bin,Medium,Full
1135,12.994943,77.639076,Bin,Low,Available
1136,12.858118,77.710174,Recycling,Low,Available
1137,12.888697,77.555411,Bin,Medium,Available
1138,12.972238,77.592593,Recycling,Low,Available
1139,12.863206,77.669044,Bin,High,Available
1140,12.981752,77.646558,Bin,Low,Available
1141,12.998374,77.523541,Bin,High,Available
1142,13.050674,77.725812,Bin,Low,Available
1143,13.024358,77.674982,Recycling,High,Available
1144,12.888963,77.535205,Recycling,Low,Available
1145,13.02582,77.590884,Recycling,Medium,Available
1146,13.086964,77.540495,Bin,Medium,Available
1147,12.974129,77.493161,Bin,Medium,Available
1148,13.050793,77.503695,Bin,Medium,Available
1149,13.049613,77.69753,Bin,Medium,Available
1150,13.007052,77.49248,Recycling,High,Available
1151,12.994641,77.76897,Bin,Low,Available
1152,13.060786,77.675475,Bin,High,Full
1153,13.079948,77.483197,Bin,High,Available
1154,13.001679,77.508376,Recycling,High,Available
1155,12.965952,77.510892,Bin,Low,Available
1156,12.987469,77.666854,Bin,High,Available
1157,12.88012,77.748038,Bin,High,Available
1158,12.975219,77.793497,Bin,Medium,Available
1159,12.937502,77.77493,Bin,Medium,Available
1160,13.013182,77.539483,Bin,High,Available
1161,13.056717,77.646929,Recycling,High,Available
1162,12.992203,77.753703,Bin,High,Available
1163,12.885696,77.586302,Recycling,Medium,Full
1164,13.070313,77.572565,Bin,High,Available
1165,13.045731,77.604929,Bin,High,Available
1166,12.960782,77.581667,Bin,Medium,Available
1167,12.940442,77.633489,Bin,Low,Available
1168,13.083353,77.703237,Bin,Medium,Available
1169,13.004526,77.628328,Bin,Medium,Available
1170,12.898335,77.782761,Bin,Medium,Available
1171,12.859392,77.701014,Bin,Medium,Available
1172,13.036188,77.508883,Bin,Medium,Available
1173,12.911866,77.675833,Bin,High,Available
1174,12.868271,77.545783,Recycling,Medium,Available
1175,12.851839,77.631372,Bin,Medium,Full
1176,13.092105,77.639193,Bin,High,Available
1177,12.866225,77.613004,Bin,Medium,Available
1178,12.995536,77.57487,Bin,Medium,Available
1179,13.016003,77.568429,Recycling,High,Available
1180,12.859854,77.709458,Recycling,High,Full
1181,13.000134,77.635518,Bin,Low,Available
1182,13.007126,77.645038,Recycling,Low,Available
1183,12.872036,77.594783,Recycling,Medium,Full
1184,12.919473,77.624366,Bin,Medium,Full
1185,13.021052,77.758854,Bin,High,Available
1186,13.07215,77.565176,Bin,Medium,Full
1187,12.861945,77.573281,Recycling,Medium,Available
1188,12.956199,77.584943,Recycling,High,Available
1189,13.097093,77.612847,Bin,Low,Available
1190,12.889226,77.781648,Recycling,Low,Available
1191,13.030362,77.779448,Recycling,Medium,Available
1192,12.990536,77.643446,Bin,Low,Available
1193,12.917215,77.457363,Recycling,Low,Available
1194,12.984798,77.789085,Bin,Low,Available
1195,13.060274,77.798897,Bin,Medium,Full
1196,12.897811,77.6654,Bin,Low,Available
1197,12.916307,77.690132,Recycling,Low,Available
1198,12.86384,77.638342,Bin,High,Available
1199,13.014487,77.738364,Bin,High,Available
1200,13.081165,77.630996,Bin,Medium,Available
1201,12.998123,77.618873,Bin,Low,Available
1202,12.972833,77.782676,Bin,Medium,Available
1203,13.000948,77.554624,Bin,Low,Full
1204,12.882659,77.580143,Bin,Low,Available
1205,12.900294,77.478022,Bin,Low,Available
1206,13.051906,77.720016,Recycling,High,Available
1207,12.863083,77.723997,Recycling,High,Available
1208,12.908225,77.745865,Recycling,High,Available
1209,12.906416,77.524129,Recycling,Low,Available
1210,13.09964,77.458686,Recycling,Medium,Available
1211,12.988655,77.765571,Recycling,Low,Available
1212,12.91259,77.68426,Recycling,Medium,Available
1213,12.897125,77.731738,Recycling,Low,Available
1214,12.871529,77.645698,Bin,Low,Available
1215,12.933526,77.632641,Bin,Low,Available
1216,13.028254,77.5782,Bin,High,Full
1217,12.910038,77.563234,Bin,Medium,Available
1218,12.939048,77.693955,Bin,Medium,Available
1219,12.990528,77.452053,Bin,High,Available
1220,13.026701,77.772013,Bin,Medium,Available
1221,13.070427,77.779667,Recycling,Low,Available
1222,12.952576,77.614745,Bin,Low,Available
1223,12.96349,77.555582,Bin,High,Available
1224,12.918079,77.491126,Bin,High,Available
1225,12.98337,77.658738,Bin,High,Available
1226,12.879187,77.495173,Bin,High,Available
1227,13.067385,77.717433,Bin,Low,Available
1228,13.032123,77.519884,Bin,Medium,Available
1229,12.878308,77.592228,Bin,Medium,Available
1230,12.89292,77.732741,Bin,Medium,Available
1231,12.953004,77.498439,Bin,Medium,Available
1232,12.9345,77.767403,Bin,Low,Available
1233,13.039089,77.727947,Bin,High,Available
1234,12.95265,77.764509,Recycling,Medium,Full
1235,12.872193,77.752748,Bin,Low,Available
1236,12.954492,77.537917,Bin,Low,Available
1237,12.993071,77.604649,Bin,High,Full
1238,13.039197,77.5662,Recycling,Low,Available
1239,12.936407,77.732696,Bin,Low,Available
1240,13.064686,77.671824,Bin,Medium,Available
1241,13.013859,77.531616,Recycling,Medium,Available
1242,12.854031,77.58043,Bin,Medium,Available
1243,13.047533,77.526223,Bin,High,Available
1244,13.035221,77.681651,Bin,High,Available
1245,12.992803,77.710889,Bin,Medium,Available
1246,13.054491,77.775473,Bin,Medium,Full
1247,12.874637,77.531228,Recycling,High,Full
1248,12.953777,77.481269,Bin,Low,Available
1249,13.043067,77.476434,Recycling,Medium,Available
1250,12.872413,77.568076,Bin,High,Available
1251,12.964908,77.528261,Recycling,Medium,Available
1252,12.990791,77.780321,Bin,Low,Full
1253,12.892771,77.489635,Bin,High,Available
1254,13.098641,77.68771,Bin,High,Available
1255,12.921851,77.645258,Bin,Low,Available
1256,12.962396,77.742902,Bin,High,Available
1257,12.920114,77.505912,Bin,Low,Available
1258,13.076439,77.791281,Bin,High,Available
1259,12.87821,77.754509,Bin,Low,Available
1260,12.921814,77.707878,Bin,High,Available
1261,12.938754,77.618665,Bin,Medium,Available
1262,13.068687,77.778552,Recycling,High,Available
1263,13.056472,77.556226,Bin,Medium,Available
1264,12.921395,77.786564,Bin,Low,Available
1265,12.864275,77.48869,Bin,Medium,Available
1266,13.049923,77.708816,Bin,Medium,Available
1267,13.043499,77.468225,Bin,High,Available
1268,12.88272,77.532448,Recycling,High,Available
1269,12.970556,77.632113,Recycling,High,Available
1270,13.052776,77.519035,Bin,Medium,Available
1271,13.082886,77.481153,Bin,High,Full
1272,12.889132,77.578323,Bin,Low,Full
1273,13.078687,77.508433,Bin,Low,Full
1274,12.898406,77.5957,Bin,Medium,Available
1275,12.90669,77.776022,Recycling,High,Available
1276,12.931752,77.669786,Bin,High,Available
1277,12.867977,77.768152,Recycling,Low,Available
1278,12.925841,77.587494,Bin,Medium,Full
1279,12.975768,77.47902,Bin,Medium,Full
1280,12.95867,77.517494,Bin,High,Available
1281,13.041808,77.522061,Bin,Medium,Full
1282,13.082933,77.522405,Bin,Low,Available
1283,12.965146,77.765266,Recycling,Medium,Available
1284,13.074059,77.732348,Bin,Medium,Available
1285,12.907429,77.51985,Bin,Medium,Available
1286,12.863087,77.530843,Recycling,High,Available
1287,12.954018,77.792249,Bin,Low,Available
1288,12.893189,77.582778,Recycling,Medium,Available
1289,13.083603,77.466962,Bin,Medium,Available
1290,12.859889,77.591064,Bin,Medium,Available
1291,12.930141,77.482732,Bin,Low,Full
1292,12.968793,77.561041,Recycling,Medium,Available
1293,13.052992,77.753503,Bin,Low,Available
1294,13.040824,77.497776,Bin,High,Available
1295,13.038182,77.615821,Bin,Low,Available
1296,12.939956,77.639268,Bin,High,Full
1297,12.982835,77.589902,Recycling,Medium,Available
1298,12.881616,77.744894,Bin,Medium,Available
1299,12.899732,77.66059,Bin,Medium,Available
1300,12.959012,77.712035,Recycling,High,Available
1301,12.898532,77.637813,Recycling,High,Available
1302,12.925802,77.600307,Bin,Low,Available
1303,13.086726,77.534249,Bin,Low,Full
1304,12.994934,77.683463,Recycling,Medium,Available
1305,12.8597,77.51537,Recycling,High,Available
1306,12.944203,77.636744,Bin,Low,Available
1307,12.912621,77.732067,Bin,Low,Available
1308,13.066411,77.534472,Bin,Medium,Available
1309,12.987673,77.735878,Recycling,High,Available
1310,12.973335,77.464024,Recycling,Medium,Available
1311,13.016677,77.549501,Bin,Medium,Available
1312,13.05903,77.542738,Bin,Medium,Available
1313,13.045993,77.588183,Bin,Low,Full
1314,12.945765,77.705332,Bin,Low,Available
1315,13.069563,77.634539,Recycling,Medium,Available
1316,12.879937,77.73093,Bin,High,Full
1317,13.085828,77.632081,Bin,High,Available
1318,13.000239,77.462004,Bin,Low,Available
1319,12.941262,77.601353,Bin,Low,Available
1320,12.895656,77.650891,Bin,Medium,Available
1321,12.933902,77.717787,Bin,Medium,Available
1322,12.85459,77.678898,Bin,Medium,Available
1323,12.872734,77.773128,Bin,Low,Available
1324,12.998121,77.74245,Bin,Low,Full
1325,12.852291,77.52049,Recycling,Medium,Available
1326,12.866748,77.459867,Bin,High,Available
1327,13.030083,77.7714,Bin,Low,Available
1328,13.077021,77.731531,Bin,Medium,Available
1329,13.076866,77.492868,Bin,High,Available
1330,12.970499,77.474661,Bin,Medium,Full
1331,12.920667,77.611304,Bin,Low,Available
1332,13.034635,77.753399,Bin,Medium,Available
1333,13.086444,77.496401,Recycling,Low,Full
1334,13.02999,77.713835,Bin,Medium,Available
1335,13.042493,77.486386,Recycling,High,Available
1336,13.05569,77.631413,Bin,Medium,Available
1337,13.032472,77.593827,Bin,Medium,Available
1338,12.862992,77.750912,Bin,Low,Available
1339,12.970754,77.760391,Bin,High,Available
1340,12.969014,77.79709,Recycling,Low,Available
1341,12.908406,77.593346,Recycling,High,Available
1342,13.080556,77.657399,Bin,Medium,Available
1343,12.989973,77.620242,Bin,Low,Available
1344,12.98544,77.495878,Recycling,High,Full
1345,12.942254,77.497431,Bin,Low,Full
1346,12.895895,77.538468,Bin,Medium,Available
1347,12.964079,77.509769,Bin,Medium,Available
1348,13.002914,77.648012,Recycling,High,Full
1349,13.086519,77.53565,Bin,Medium,Full
1350,13.093013,77.750764,Bin,High,Available
1351,12.852328,77.604838,Bin,Medium,Available
1352,12.968359,77.66461,Recycling,Medium,Available
1353,13.054857,77.766954,Bin,Medium,Available
1354,12.861765,77.683991,Recycling,Low,Available
1355,13.063349,77.770019,Bin,High,Available
1356,12.988085,77.467678,Bin,High,Available
1357,12.914073,77.516645,Bin,Low,Available
1358,12.869812,77.517021,Bin,Medium,Available
1359,12.930178,77.787371,Bin,Low,Available
1360,13.068752,77.55551,Bin,High,Available
1361,12.992578,77.468752,Bin,Medium,Available
1362,12.976018,77.640709,Bin,High,Available
1363,13.030593,77.477298,Bin,Medium,Available
1364,13.094566,77.505482,Bin,Medium,Available
1365,12.882259,77.600611,Bin,High,Available
1366,13.078432,77.741548,Bin,High,Available
1367,13.091716,77.634308,Bin,Medium,Available
1368,13.097337,77.463752,Bin,Medium,Full
1369,12.9115,77.63623,Bin,High,Available
1370,12.898447,77.525098,Recycling,Low,Available
1371,12.903811,77.751569,Recycling,Medium,Available
1372,12.908514,77.467423,Bin,Medium,Available
1373,13.08601,77.588697,Bin,Medium,Available
1374,12.916944,77.609233,Bin,High,Full
1375,12.93233,77.46477,Bin,Medium,Available
1376,13.040116,77.794725,Recycling,Low,Full
1377,13.026123,77.608846,Bin,High,Available
1378,12.943302,77.622637,Bin,Low,Full
1379,13.018547,77.671644,Bin,Medium,Available
1380,12.869674,77.634559,Bin,Medium,Available
1381,12.957746,77.511175,Recycling,Medium,Available
1382,12.931355,77.483159,Recycling,Low,Available
1383,13.012466,77.458644,Recycling,Medium,Available
1384,12.865402,77.506874,Recycling,Medium,Available
1385,12.8664,77.691715,Bin,Medium,Available
1386,12.904204,77.684364,Recycling,Low,Available
1387,12.956046,77.606341,Bin,High,Available
1388,12.985851,77.556666,Bin,Low,Available
1389,12.899059,77.691526,Bin,Medium,Available
1390,12.941927,77.485217,Bin,Medium,Available
1391,12.921556,77.611036,Bin,Low,Available
1392,13.074187,77.523747,Bin,Low,Available
1393,13.009816,77.4763,Bin,Medium,Available
1394,13.026987,77.645099,Bin,Medium,Available
1395,12.984103,77.603002,Bin,Medium,Full
1396,13.099726,77.662717,Bin,Low,Available
1397,12.969864,77.578547,Recycling,Medium,Available
1398,12.945884,77.742817,Bin,Medium,Available
1399,13.054476,77.463427,Recycling,Medium,Available
1400,12.974292,77.683595,Bin,High,Available
1401,12.935742,77.498386,Bin,Medium,Available
1402,13.019665,77.597314,Recycling,Medium,Available
1403,12.877339,77.589052,Bin,Medium,Full
1404,12.869585,77.475401,Recycling,Low,Available
1405,12.98572,77.741513,Bin,Low,Available
1406,13.086595,77.595249,Bin,Medium,Full
1407,13.059232,77.798419,Bin,Low,Available
1408,13.055144,77.549836,Bin,High,Available
1409,12.942346,77.627033,Bin,High,Available
1410,13.003171,77.654881,Bin,Medium,Available
1411,12.871162,77.491745,Bin,Medium,Available
1412,13.025323,77.726164,Bin,Medium,Available
1413,12.897968,77.471426,Bin,High,Available
1414,12.861671,77.722836,Bin,High,Available
1415,13.086418,77.593125,Bin,Medium,Available
1416,12.9624,77.516021,Bin,Medium,Available
1417,13.03388,77.682327,Bin,High,Available
1418,13.073525,77.771955,Bin,High,Available
1419,12.941792,77.639805,Bin,High,Available
1420,12.89215,77.653279,Recycling,High,Available
1421,13.017945,77.588019,Bin,Low,Available
1422,13.018782,77.596107,Recycling,Medium,Available
1423,12.898004,77.743999,Recycling,High,Available
1424,13.097556,77.523292,Bin,High,Available
1425,13.017005,77.511839,Bin,High,Available
1426,13.017563,77.515766,Bin,Medium,Available
1427,12.928296,77.512594,Recycling,Medium,Available
1428,12.962102,77.562188,Recycling,High,Available
1429,13.065258,77.648052,Bin,Medium,Available
1430,13.012652,77.761391,Bin,High,Available
1431,12.972151,77.661128,Bin,High,Available
1432,12.860962,77.564318,Bin,Low,Available
1433,12.962506,77.566442,Bin,Low,Available
1434,13.022286,77.6301,Bin,Medium,Available
1435,12.868057,77.501609,Bin,High,Available
1436,13.038328,77.700714,Bin,Medium,Available
1437,12.85959,77.667513,Recycling,Medium,Available
1438,12.919357,77.674981,Bin,High,Available
1439,13.042443,77.646475,Recycling,Medium,Available
1440,12.994469,77.71226,Recycling,Low,Available
1441,13.084388,77.635456,Bin,Medium,Available
1442,13.042022,77.711529,Bin,Medium,Available
1443,12.868089,77.758387,Bin,Medium,Full
1444,13.019531,77.59505,Bin,Medium,Available
1445,13.099171,77.712777,Bin,Medium,Available
1446,12.857764,77.643963,Recycling,Medium,Available
1447,12.858357,77.578363,Bin,Medium,Available
1448,13.088533,77.528139,Recycling,Medium,Full
1449,12.988515,77.775792,Bin,High,Full
1450,12.88493,77.483644,Bin,High,Available
1451,12.981864,77.499394,Bin,High,Available
1452,13.008462,77.770116,Bin,Medium,Available
1453,13.000939,77.507376,Recycling,Medium,Available
1454,12.999858,77.509946,Recycling,Medium,Available
1455,12.889571,77.690841,Bin,Medium,Available
1456,13.037094,77.541712,Recycling,High,Available
1457,13.003461,77.480701,Bin,High,Available
1458,13.006175,77.548889,Bin,Low,Available
1459,12.975972,77.698068,Bin,Medium,Available
1460,12.856436,77.569367,Recycling,High,Available
1461,12.963875,77.460789,Recycling,Low,Full
1462,12.972304,77.569677,Recycling,Low,Available
1463,12.987233,77.526762,Bin,Medium,Available
1464,12.850179,77.777899,Bin,Low,Available
1465,12.859455,77.493068,Recycling,Medium,Available
1466,12.876748,77.701811,Recycling,Low,Available
1467,12.905773,77.46978,Bin,Medium,Available
1468,12.978986,77.538723,Recycling,High,Available
1469,12.938606,77.583401,Bin,High,Available
1470,13.064182,77.780433,Bin,Medium,Available
1471,12.900117,77.594713,Bin,High,Available
1472,12.963915,77.661995,Bin,Medium,Full
1473,12.99208,77.603828,Bin,Medium,Available
1474,13.003635,77.741257,Bin,Low,Available
1475,12.925805,77.694297,Recycling,Low,Available
1476,12.95528,77.593683,Bin,Low,Available
1477,12.863833,77.519346,Bin,Medium,Available
1478,13.093286,77.517801,Bin,Medium,Available
1479,13.059802,77.461198,Recycling,High,Available
1480,12.985899,77.678822,Bin,Medium,Available
1481,12.863512,77.610031,Bin,High,Available
1482,13.055662,77.523517,Bin,Medium,Available
1483,12.887624,77.62625,Recycling,Medium,Available
1484,13.062192,77.69712,Bin,Low,Full
1485,12.994255,77.527402,Bin,High,Available
1486,13.098023,77.495623,Recycling,Medium,Available
1487,13.070163,77.594519,Bin,Low,Available
1488,12.9112,77.688204,Bin,Low,Available
1489,13.011959,77.699225,Bin,Low,Full
1490,12.915167,77.748671,Recycling,High,Available
1491,13.05545,77.719238,Bin,Medium,Available
1492,12.880472,77.628415,Bin,Medium,Available
1493,12.940879,77.674352,Recycling,Low,Available
1494,12.885217,77.66873,Recycling,High,Available
1495,13.087553,77.472142,Bin,Low,Full
1496,12.982452,77.684272,Recycling,Low,Available
1497,13.06972,77.560227,Bin,Medium,Available
1498,12.857743,77.546213,Bin,Medium,Full
1499,13.095663,77.672967,Bin,High,Available
1500,12.888437,77.772604,Recycling,High,Available
1501,12.900085,77.523852,Bin,Low,Available
1502,13.0455,77.724383,Bin,High,Available
1503,13.013694,77.529949,Bin,Medium,Available
1504,12.91829,77.523332,Bin,High,Available
1505,13.030067,77.690549,Bin,High,Available
1506,12.940931,77.714789,Bin,Medium,Available
1507,13.059852,77.60686,Bin,Low,Available
1508,13.04306,77.615625,Bin,Medium,Full
1509,12.974467,77.744633,Recycling,Medium,Available
1510,12.951521,77.739176,Bin,Medium,Available
1511,12.938369,77.674773,Bin,Low,Available
1512,12.874742,77.544983,Recycling,Medium,Full
1513,13.094934,77.543897,Bin,High,Available
1514,12.875188,77.697633,Bin,High,Available
1515,12.881828,77.511485,Recycling,Medium,Available
1516,12.949409,77.567709,Bin,Medium,Available
1517,13.007944,77.539991,Recycling,Low,Full
1518,12.853714,77.618394,Bin,Medium,Available
1519,12.958897,77.595196,Recycling,Medium,Available
1520,12.91249,77.663335,Bin,Medium,Available
1521,12.928446,77.499646,Bin,Low,Available
1522,13.015182,77.782712,Recycling,Low,Full
1523,13.065669,77.605162,Bin,High,Available
1524,13.07633,77.479064,Bin,Medium,Available
1525,13.054057,77.795892,Bin,Low,Available
1526,13.001095,77.51949,Bin,High,Available
1527,12.974905,77.556825,Recycling,Medium,Available
1528,12.920116,77.705886,Bin,Low,Available
1529,12.922497,77.670117,Bin,Medium,Available
1530,12.850061,77.494428,Recycling,High,Available
1531,13.044593,77.663,Recycling,Medium,Available
1532,12.865884,77.588687,Recycling,Medium,Available
1533,12.880068,77.696235,Bin,Medium,Full
1534,12.855551,77.556303,Recycling,Medium,Available
1535,12.983555,77.738331,Bin,High,Available
1536,12.895313,77.699203,Bin,Medium,Available
1537,13.090696,77.49433,Bin,Medium,Available
1538,12.940797,77.468294,Bin,Medium,Available
1539,13.054008,77.730896,Bin,Low,Available
1540,12.922038,77.532603,Recycling,Low,Available
1541,12.851697,77.50353,Bin,High,Available
1542,12.887317,77.534349,Recycling,Medium,Available
1543,13.068348,77.588247,Bin,Low,Available
1544,12.929171,77.687056,Bin,Medium,Available
1545,12.897822,77.592592,Recycling,Medium,Available
1546,12.913772,77.494462,Bin,Medium,Available
1547,12.893503,77.716266,Bin,Medium,Available
1548,12.976637,77.646991,Bin,Low,Available
1549,13.067819,77.517404,Bin,High,Available
1550,12.987829,77.57584,Bin,Medium,Available
1551,12.900748,77.608154,Recycling,Medium,Available
1552,12.987005,77.695958,Recycling,Medium,Available
1553,13.027543,77.68707,Bin,Medium,Available
1554,13.017353,77.525648,Bin,High,Available
1555,13.080364,77.792477,Bin,Medium,Available
1556,13.064964,77.538135,Recycling,Medium,Available
1557,12.8714,77.51421,Recycling,Low,Available
1558,12.853487,77.679992,Bin,Medium,Available
1559,12.935619,77.487787,Bin,Medium,Available
1560,13.03555,77.628407,Bin,Medium,Available
1561,12.933889,77.791607,Recycling,Medium,Available
1562,13.061824,77.604446,Bin,Low,Available
1563,13.09236,77.692623,Bin,Low,Available
1564,13.06036,77.666193,Bin,Low,Available
1565,13.047069,77.540662,Recycling,Low,Available
1566,12.900284,77.51252,Bin,Medium,Available
1567,12.969188,77.544736,Bin,Medium,Available
1568,12.924668,77.753429,Recycling,High,Available
1569,12.882733,77.693678,Bin,Medium,Available
1570,13.056327,77.494079,Recycling,High,Available
1571,13.036092,77.666806,Recycling,Medium,Available
1572,12.965614,77.779338,Bin,Medium,Available
1573,13.055394,77.644071,Bin,Medium,Full
1574,13.038247,77.733907,Bin,Medium,Available
1575,13.057508,77.467246,Recycling,Medium,Available
1576,12.929314,77.548675,Bin,Low,Available
1577,13.053173,77.496411,Bin,Medium,Available
1578,13.040903,77.606566,Recycling,Medium,Available
1579,12.889083,77.602962,Bin,High,Available
1580,12.947033,77.509766,Bin,Medium,Available
1581,12.978732,77.509737,Bin,High,Available
1582,12.972879,77.791435,Bin,Medium,Available
1583,13.001504,77.481371,Recycling,High,Available
1584,13.026026,77.656405,Bin,High,Full
1585,12.974759,77.776037,Bin,Medium,Available
1586,12.902322,77.451302,Bin,Medium,Available
1587,12.962121,77.793227,Bin,Medium,Available
1588,12.861989,77.721393,Bin,High,Available
1589,12.992957,77.538775,Bin,Low,Available
1590,12.927317,77.490908,Recycling,Medium,Available
1591,12.899771,77.655696,Bin,High,Full
1592,12.911687,77.607533,Bin,Medium,Available
1593,12.917515,77.522393,Bin,Medium,Available
1594,13.022277,77.647775,Recycling,Low,Available
1595,13.018379,77.490254,Bin,Medium,Full
1596,12.885403,77.674992,Bin,High,Available
1597,13.090546,77.76552,Bin,High,Full
1598,12.913166,77.602872,Bin,Low,Available
1599,12.905032,77.548678,Bin,Low,Full
1600,13.026228,77.47982,Bin,Medium,Full
1601,12.850755,77.536776,Recycling,High,Available
1602,13.041441,77.482019,Bin,Low,Available
1603,13.052576,77.497263,Bin,High,Available
1604,13.094498,77.798001,Bin,Low,Available
1605,12.956123,77.558263,Bin,High,Available
1606,13.033332,77.450144,Bin,High,Available
1607,12.896381,77.678088,Recycling,Medium,Available
1608,12.913051,77.784572,Recycling,Medium,Available
1609,12.963081,77.598536,Bin,Medium,Available
1610,12.855626,77.60544,Recycling,Medium,Available
1611,13.077389,77.456311,Bin,High,Available
1612,12.930974,77.497688,Recycling,Medium,Full
1613,12.996463,77.685967,Recycling,Medium,Available
1614,12.978408,77.731066,Bin,Medium,Available
1615,13.078646,77.481863,Bin,Medium,Available
1616,13.019888,77.473483,Bin,High,Available
1617,12.892633,77.764097,Bin,High,Available
1618,12.985508,77.771663,Recycling,Medium,Available
1619,12.948293,77.585718,Bin,Low,Full
1620,12.867465,77.687164,Bin,Medium,Available
1621,12.917493,77.718947,Recycling,Low,Available
1622,12.967581,77.755751,Recycling,Medium,Available
1623,13.061839,77.453339,Bin,High,Available
1624,12.98571,77.635376,Bin,Medium,Available
1625,12.954591,77.699954,Recycling,Low,Available
1626,12.952005,77.690613,Bin,Medium,Full
1627,12.954533,77.768855,Recycling,Low,Available
1628,13.087595,77.785415,Bin,Low,Available
1629,13.099003,77.513,Bin,High,Available
1630,13.001122,77.546959,Recycling,Low,Available
1631,13.018555,77.527523,Bin,Medium,Available
1632,13.052244,77.730127,Bin,Medium,Available
1633,13.05679,77.598751,Bin,Low,Available
1634,12.962287,77.604042,Bin,High,Available
1635,12.899238,77.594465,Bin,Medium,Available
1636,12.962228,77.638009,Bin,Low,Full
1637,12.958431,77.594233,Bin,Medium,Available
1638,12.98971,77.697461,Bin,Low,Available
1639,13.086793,77.497576,Bin,Low,Available
1640,12.931376,77.500291,Recycling,Medium,Available
1641,12.85231,77.732855,Bin,Medium,Available
1642,12.996371,77.560479,Bin,Low,Available
1643,12.957005,77.680399,Bin,Low,Available
1644,13.00144,77.787005,Bin,Medium,Available
1645,13.081975,77.739932,Bin,Low,Available
1646,12.976105,77.710417,Bin,Low,Available
1647,13.051493,77.551324,Bin,Medium,Full
1648,13.061306,77.633901,Bin,High,Available
1649,12.928313,77.713783,Bin,Medium,Full
1650,13.031106,77.591334,Bin,Medium,Available
1651,12.894022,77.710167,Bin,Medium,Available
1652,13.095519,77.586882,Bin,Low,Available
1653,12.999841,77.596566,Bin,Low,Available
1654,12.976185,77.502342,Bin,Low,Available
1655,13.002427,77.518769,Bin,Low,Full
1656,13.063654,77.530673,Bin,Low,Available
1657,12.854903,77.684979,Bin,High,Available
1658,13.051027,77.727186,Bin,Medium,Available
1659,12.91368,77.542136,Bin,Medium,Full
1660,12.881593,77.790792,Bin,High,Available
1661,12.88577,77.750261,Bin,Medium,Available
1662,12.967939,77.623537,Recycling,Low,Available
1663,13.073953,77.470226,Bin,High,Available
1664,12.950887,77.497938,Bin,Low,Available
1665,13.040904,77.540393,Bin,High,Available
1666,13.060339,77.595197,Recycling,Low,Available
1667,12.900768,77.590683,Recycling,Medium,Available
1668,13.027329,77.655164,Bin,Medium,Available
1669,12.870968,77.797481,Bin,Low,Full
1670,12.925459,77.677604,Bin,Medium,Available
1671,12.935761,77.593745,Recycling,Medium,Full
1672,12.86047,77.626074,Bin,High,Available
1673,12.993375,77.74877,Bin,High,Available
1674,13.033114,77.77659,Bin,Medium,Available
1675,13.080028,77.614604,Bin,Medium,Available
1676,12.881086,77.524995,Bin,Medium,Available
1677,12.976436,77.735986,Recycling,Medium,Available
1678,13.023807,77.5963,Bin,Medium,Available
1679,13.079275,77.496891,Bin,Low,Full
1680,12.878126,77.483209,Bin,Medium,Available
1681,12.99628,77.60502,Bin,Medium,Available
1682,13.022425,77.703705,Bin,Medium,Available
1683,12.918117,77.741125,Recycling,Medium,Available
1684,12.885011,77.562728,Bin,Low,Full
1685,12.941271,77.769404,Recycling,High,Available
1686,13.006696,77.673301,Bin,Medium,Full
1687,13.033073,77.721931,Recycling,Low,Available
1688,12.970724,77.629928,Recycling,Medium,Available
1689,12.981768,77.463371,Bin,High,Available
1690,12.998583,77.657764,Bin,Low,Full
1691,12.94843,77.529598,Bin,Medium,Available
1692,13.010888,77.480802,Recycling,Medium,Available
1693,12.96559,77.586523,Recycling,High,Available
1694,13.065984,77.723533,Recycling,Low,Available
1695,12.918636,77.738433,Bin,Medium,Available
1696,12.930671,77.675717,Recycling,Medium,Full
1697,12.916149,77.631826,Bin,Low,Available
1698,13.015381,77.65717,Recycling,Medium,Available
1699,12.879111,77.658766,Bin,Low,Available
1700,12.988581,77.565061,Recycling,Medium,Available
1701,13.038718,77.677043,Bin,Medium,Available
1702,13.024127,77.581615,Recycling,High,Available
1703,12.913045,77.521301,Bin,Medium,Available
1704,12.978732,77.50788,Recycling,Low,Full
1705,13.078395,77.633876,Recycling,Medium,Available
1706,12.935144,77.555406,Bin,Medium,Available
1707,12.921665,77.578435,Bin,Low,Available
1708,12.868562,77.486321,Recycling,Low,Available
1709,12.918139,77.755041,Bin,Medium,Available
1710,12.94549,77.647505,Bin,High,Available
1711,12.937058,77.698573,Bin,High,Available
1712,13.02989,77.487609,Recycling,High,Available
1713,12.886322,77.560702,Recycling,Low,Available
1714,12.857505,77.58903,Bin,High,Available
1715,13.054777,77.641495,Bin,Medium,Available
1716,13.087648,77.750696,Bin,Low,Available
1717,13.080625,77.748433,Recycling,Medium,Available
1718,12.966083,77.538689,Bin,Low,Available
1719,13.071647,77.713088,Bin,Medium,Available
1720,13.035195,77.724466,Recycling,High,Available
1721,12.934492,77.614446,Bin,High,Available
1722,12.884558,77.589664,Recycling,Low,Available
1723,12.958243,77.474859,Bin,High,Available
1724,13.068027,77.551128,Bin,High,Available
1725,12.994101,77.727201,Bin,High,Available
1726,12.922823,77.500649,Recycling,Low,Available
1727,13.085825,77.63472,Bin,Medium,Available
1728,12.968914,77.660983,Recycling,High,Full
1729,13.072283,77.613747,Bin,High,Available
1730,13.090441,77.595525,Bin,High,Full
1731,12.911154,77.711146,Bin,Low,Available
1732,12.988056,77.681341,Bin,Medium,Available
1733,12.951228,77.51943,Recycling,Medium,Available
1734,12.952762,77.574296,Bin,Medium,Available
1735,12.985867,77.624004,Bin,Medium,Available
1736,12.881534,77.776426,Bin,Medium,Available
1737,13.077245,77.673276,Recycling,Medium,Full
1738,13.055115,77.748882,Bin,Low,Available
1739,12.917727,77.749393,Bin,Low,Available
1740,12.899968,77.531151,Recycling,Medium,Available
1741,12.957331,77.59276,Bin,Medium,Available
1742,13.030223,77.704965,Bin,High,Available
1743,13.075995,77.455475,Recycling,High,Available
1744,12.873322,77.708572,Recycling,Medium,Available
1745,13.086407,77.605028,Bin,Medium,Full
1746,12.869021,77.625392,Bin,High,Available
1747,13.077229,77.779697,Bin,Medium,Available
1748,12.932354,77.637904,Recycling,High,Available
1749,12.873258,77.656244,Bin,Low,Full
1750,13.081842,77.590914,Recycling,Medium,Available
1751,12.968986,77.492904,Recycling,Medium,Available
1752,12.941793,77.456608,Bin,Medium,Available
1753,12.933684,77.693421,Bin,High,Available
1754,13.078722,77.621219,Bin,Low,Available
1755,12.860584,77.671737,Bin,Medium,Available
1756,12.931805,77.534769,Bin,High,Available
1757,12.963438,77.627426,Bin,Medium,Available
1758,12.861188,77.553754,Bin,Low,Available
1759,12.927441,77.63266,Bin,Medium,Available
1760,12.934041,77.551599,Bin,Low,Available
1761,12.954492,77.780019,Recycling,Low,Available
1762,13.033075,77.663831,Recycling,Medium,Available
1763,12.978006,77.642095,Bin,Medium,Full
1764,13.075561,77.756501,Recycling,High,Available
1765,12.916281,77.62327,Recycling,Medium,Available
1766,12.88474,77.538345,Recycling,Low,Available
1767,12.916217,77.572452,Recycling,Medium,Available
1768,12.874983,77.731756,Bin,Medium,Available
1769,12.902415,77.759636,Bin,Medium,Available
1770,13.085575,77.714274,Bin,Medium,Available
1771,13.023919,77.718025,Bin,High,Available
1772,12.902816,77.671437,Recycling,Medium,Available
1773,13.0185,77.639527,Recycling,High,Available
1774,13.099605,77.713341,Recycling,Medium,Full
1775,12.878096,77.571708,Recycling,Low,Available
1776,13.04703,77.74242,Bin,High,Available
1777,12.980021,77.740588,Bin,Low,Available
1778,12.976291,77.635966,Recycling,High,Available
1779,13.045196,77.517121,Bin,High,Available
1780,12.911672,77.693362,Bin,High,Available
1781,12.852968,77.555229,Bin,Medium,Available
1782,13.06915,77.76937,Bin,Medium,Available
1783,13.087278,77.799516,Bin,High,Available
1784,12.852027,77.453238,Bin,Medium,Available
1785,13.021732,77.552901,Bin,Medium,Available
1786,12.951793,77.531296,Bin,Low,Available
1787,12.889345,77.684841,Recycling,Low,Available
1788,12.867718,77.659364,Bin,Medium,Available
1789,13.081089,77.642179,Bin,Medium,Full
1790,13.044296,77.549892,Recycling,Medium,Available
1791,13.055722,77.516105,Recycling,Low,Available
1792,12.924087,77.703949,Bin,Low,Available
1793,12.892796,77.486569,Bin,Medium,Available
1794,12.861143,77.789701,Recycling,Medium,Available
1795,12.962136,77.669186,Bin,Low,Full
1796,12.914064,77.583068,Recycling,Medium,Available
1797,13.020925,77.456889,Recycling,Medium,Available
1798,13.088659,77.774026,Recycling,Medium,Available
1799,12.966259,77.691464,Recycling,Low,Full
1800,13.053795,77.7926,Recycling,Low,Available
1801,12.87806,77.551928,Bin,High,Full
1802,13.005938,77.451971,Bin,Low,Available
1803,12.975338,77.465189,Bin,Low,Available
1804,12.966068,77.623361,Bin,High,Available
1805,12.979166,77.707606,Bin,High,Available
1806,12.965919,77.480983,Bin,Low,Available
1807,12.986133,77.636309,Bin,Medium,Available
1808,12.897254,77.614302,Recycling,Medium,Available
1809,12.930585,77.663638,Recycling,Medium,Available
1810,12.965171,77.761788,Bin,High,Full
1811,12.869569,77.776695,Bin,High,Available
1812,12.960214,77.671985,Recycling,Low,Available
1813,12.896683,77.571082,Bin,Medium,Available
1814,12.87684,77.50097,Bin,Medium,Full
1815,12.878919,77.781193,Recycling,Medium,Available
1816,13.056682,77.487422,Bin,Medium,Available
1817,13.058195,77.475295,Bin,Medium,Available
1818,12.935069,77.667291,Recycling,Medium,Available
1819,12.950539,77.485838,Bin,Low,Available
1820,12.934309,77.701278,Recycling,Low,Available
1821,12.918565,77.641664,Bin,Low,Full
1822,13.051051,77.513229,Bin,Medium,Available
1823,12.977553,77.494747,Recycling,Medium,Available
1824,12.943875,77.624215,Bin,Low,Available
1825,12.854793,77.720374,Bin,Low,Available
1826,13.043484,77.73484,Bin,Low,Available
1827,13.024928,77.536195,Recycling,Low,Full
1828,13.065062,77.690765,Recycling,High,Available
1829,12.960539,77.475026,Bin,High,Available
1830,12.932574,77.658375,Recycling,Low,Available
1831,12.88956,77.693374,Bin,Medium,Available
1832,12.899729,77.777723,Bin,Medium,Available
1833,12.970898,77.625367,Bin,Low,Available
1834,13.018066,77.723839,Bin,Medium,Available
1835,12.921833,77.506663,Bin,Low,Available
1836,12.990672,77.780732,Bin,Medium,Available
1837,12.99006,77.539251,Bin,Low,Available
1838,13.036151,77.466631,Bin,High,Available
1839,12.96383,77.694326,Bin,Low,Available
1840,12.994992,77.781819,Bin,Medium,Available
1841,12.977078,77.458391,Bin,High,Available
1842,12.962646,77.549934,Bin,Medium,Available
1843,13.091803,77.603529,Bin,High,Available
1844,12.988005,77.53083,Recycling,Medium,Available
1845,13.045183,77.525252,Recycling,High,Available
1846,12.893152,77.450921,Bin,Medium,Available
1847,12.89701,77.750883,Bin,Low,Available
1848,12.974713,77.52528,Bin,Low,Available
1849,13.042522,77.611815,Recycling,High,Available
1850,13.091545,77.737361,Bin,Low,Available
1851,12.884595,77.711857,Bin,High,Available
1852,13.001153,77.690228,Bin,Medium,Available
1853,12.852336,77.461542,Recycling,Medium,Available
1854,13.021991,77.72736,Bin,Low,Full
1855,12.936295,77.487269,Bin,High,Available
1856,12.917373,77.53495,Recycling,Low,Available
1857,13.081316,77.501414,Recycling,High,Full
1858,12.903639,77.671919,Recycling,High,Available
1859,13.041506,77.56858,Bin,Medium,Available
1860,12.966212,77.638133,Recycling,Medium,Available
1861,12.941311,77.587475,Bin,High,Available
1862,13.0421,77.481222,Bin,Medium,Available
1863,12.913214,77.63109,Bin,Low,Available
1864,12.993287,77.774013,Bin,Medium,Full
1865,13.046221,77.520003,Bin,Medium,Available
1866,13.047418,77.708582,Bin,High,Available
1867,12.878276,77.739896,Bin,High,Full
1868,13.024199,77.658611,Bin,Medium,Available
1869,13.009093,77.712946,Bin,Low,Available
1870,13.04791,77.616496,Bin,High,Available
1871,12.952336,77.763394,Bin,High,Available
1872,12.853737,77.761507,Bin,High,Available
1873,13.064747,77.797058,Bin,High,Available
1874,12.951702,77.74679,Bin,Medium,Available
1875,13.011488,77.790513,Bin,Medium,Full
1876,12.970346,77.477485,Bin,Medium,Available
1877,13.062259,77.63256,Recycling,High,Available
1878,12.851256,77.599738,Bin,High,Available
1879,12.921515,77.630893,Bin,Low,Available
1880,12.872232,77.470359,Bin,High,Available
1881,12.955719,77.648013,Bin,High,Available
1882,13.018348,77.761949,Recycling,Low,Available
1883,13.029262,77.479495,Recycling,High,Available
1884,12.87506,77.701216,Bin,High,Available
1885,12.855778,77.580552,Bin,Medium,Full
1886,12.94787,77.745733,Bin,Low,Available
1887,12.932037,77.767866,Bin,Medium,Available
1888,13.084617,77.492882,Bin,Low,Available
1889,12.919458,77.754467,Bin,Medium,Available
1890,12.872963,77.605757,Recycling,High,Full
1891,13.055807,77.486065,Bin,Low,Available
1892,12.877152,77.615478,Bin,High,Available
1893,13.084646,77.468864,Bin,Medium,Available
1894,12.913375,77.56581,Bin,Medium,Available
1895,12.978107,77.68545,Bin,Low,Available
1896,12.937369,77.709632,Recycling,Medium,Available
1897,12.997022,77.649741,Bin,Medium,Available
1898,12.991364,77.700427,Bin,High,Available
1899,12.866657,77.791628,Recycling,Low,Available
1900,12.896561,77.619871,Recycling,High,Available
1901,12.938476,77.661164,Bin,High,Full
1902,12.989558,77.56368,Bin,Low,Available
1903,12.962596,77.563797,Bin,High,Available
1904,13.064414,77.764128,Recycling,Medium,Available
1905,12.94341,77.566519,Bin,Medium,Available
1906,13.066425,77.461238,Bin,High,Available
1907,13.071518,77.705162,Recycling,Medium,Available
1908,12.85352,77.452435,Bin,Low,Available
1909,12.894261,77.459982,Recycling,Low,Available
1910,12.888037,77.76928,Recycling,Medium,Available
1911,12.851335,77.794705,Recycling,High,Available
1912,12.936197,77.762777,Bin,Medium,Available
1913,13.080489,77.49927,Bin,Medium,Available
1914,13.004838,77.531247,Bin,High,Full
1915,13.052478,77.611072,Recycling,Medium,Available
1916,12.969282,77.606668,Recycling,Medium,Available
1917,12.91454,77.463212,Bin,Low,Available
1918,13.013457,77.688423,Recycling,Medium,Full
1919,13.084086,77.73258,Bin,Medium,Full
1920,12.918534,77.52093,Bin,Low,Full
1921,12.997108,77.644933,Bin,Medium,Available
1922,13.003078,77.700661,Bin,High,Available
1923,12.905319,77.506496,Bin,High,Available
1924,12.945706,77.656192,Recycling,Low,Available
1925,13.093024,77.666145,Recycling,Medium,Available
1926,12.905651,77.54142,Bin,Medium,Available
1927,12.91572,77.462512,Recycling,Medium,Available
1928,12.892923,77.485887,Bin,Low,Available
1929,12.855128,77.537282,Recycling,High,Available
1930,13.055282,77.622562,Recycling,Medium,Available
1931,13.098375,77.531317,Bin,Medium,Available
1932,12.853618,77.49173,Bin,Medium,Available
1933,12.857964,77.614256,Recycling,Medium,Available
1934,13.044955,77.724374,Bin,High,Available
1935,13.072173,77.53408,Bin,Low,Available
1936,12.954264,77.530191,Bin,High,Available
1937,12.988383,77.665639,Bin,Medium,Full
1938,12.881403,77.596456,Bin,Medium,Available
1939,12.979722,77.498972,Bin,Low,Available
1940,12.866209,77.716928,Bin,Medium,Available
1941,13.019829,77.614675,Bin,Medium,Available
1942,12.973699,77.747196,Recycling,Low,Available
1943,13.0076,77.555429,Bin,High,Available
1944,13.08232,77.701102,Recycling,Low,Available
1945,12.980317,77.510235,Bin,Medium,Available
1946,12.901296,77.725993,Bin,Low,Available
1947,13.093996,77.565925,Bin,Medium,Full
1948,13.046015,77.667881,Bin,Medium,Available
1949,13.019736,77.703784,Recycling,Low,Available
1950,12.986402,77.697377,Recycling,Low,Available
1951,12.978148,77.56571,Recycling,Medium,Available
1952,12.995155,77.720582,Bin,High,Available
1953,12.986525,77.524902,Bin,Medium,Available
1954,13.091746,77.506026,Recycling,High,Available
1955,13.024757,77.538519,Bin,Medium,Full
1956,12.852941,77.65576,Bin,High,Available
1957,13.020382,77.688038,Bin,High,Available
1958,12.860493,77.614879,Bin,Medium,Available
1959,12.946049,77.601317,Recycling,Low,Full
1960,12.970059,77.66831,Recycling,Medium,Available
1961,12.95238,77.581156,Recycling,High,Available
1962,12.877031,77.599754,Bin,Medium,Available
1963,12.980593,77.452527,Bin,Medium,Available
1964,13.094567,77.755936,Bin,Low,Available
1965,13.077809,77.73722,Bin,High,Available
1966,13.031051,77.767812,Bin,High,Available
1967,13.094103,77.548441,Recycling,Low,Available
1968,12.983028,77.617257,Bin,High,Available
1969,12.98821,77.538636,Recycling,Low,Available
1970,12.910578,77.594924,Bin,Medium,Full
1971,13.028016,77.652987,Bin,Medium,Available
1972,13.046592,77.53752,Bin,Medium,Full
1973,12.881636,77.647976,Bin,High,Full
1974,12.958652,77.620832,Recycling,Medium,Available
1975,12.994582,77.69123,Bin,High,Available
1976,12.868087,77.725164,Bin,Low,Available
1977,13.070033,77.760714,Recycling,High,Available
1978,12.94506,77.73649,Bin,Medium,Available
1979,12.941256,77.766566,Bin,Medium,Full
1980,12.973375,77.512439,Bin,High,Available
1981,13.047145,77.697808,Bin,High,Full
1982,12.898538,77.495659,Recycling,High,Full
1983,13.071594,77.63959,Bin,Medium,Available
1984,13.036376,77.626866,Bin,Medium,Available
1985,12.892947,77.54755,Bin,Low,Full
1986,12.888278,77.544245,Bin,Medium,Available
1987,13.048429,77.724821,Bin,Low,Full
1988,13.056418,77.694229,Bin,Medium,Available
1989,12.896853,77.606879,Bin,Medium,Available
1990,13.060112,77.563263,Recycling,Low,Available
1991,12.888188,77.479025,Bin,Medium,Full
1992,12.940797,77.550503,Bin,Medium,Available
1993,13.023435,77.715847,Recycling,High,Available
1994,13.029023,77.58799,Bin,Medium,Full
1995,13.032226,77.783372,Recycling,High,Available
1996,12.96479,77.538126,Bin,Low,Available
1997,12.976264,77.633838,Recycling,High,Available
1998,12.942221,77.598385,Bin,High,Available
1999,12.993025,77.748555,Recycling,Low,Available
2000,12.958859,77.553127,Bin,Medium,Available
2001,12.912878,77.693135,Recycling,Low,Available
2002,13.062188,77.453486,Recycling,Medium,Available
2003,12.911619,77.453152,Bin,Low,Available
2004,12.891636,77.63502,Bin,Low,Available
2005,12.859313,77.459222,Recycling,Medium,Available
2006,12.957933,77.608549,Bin,High,Available
2007,12.880397,77.64462,Bin,Medium,Available
2008,12.973531,77.667098,Bin,High,Available
2009,12.983547,77.687616,Recycling,Medium,Available
2010,13.041061,77.653894,Bin,High,Available
2011,13.037099,77.715578,Recycling,Low,Available
2012,12.95696,77.565722,Bin,Medium,Available
2013,12.876139,77.664371,Recycling,High,Full
2014,12.952368,77.783575,Recycling,Low,Available
2015,12.958847,77.590665,Bin,Medium,Available
2016,12.977472,77.486688,Recycling,Medium,Full
2017,12.879465,77.785388,Bin,Low,Available
2018,13.026278,77.747605,Bin,High,Available
2019,13.007502,77.745897,Bin,Medium,Full
2020,13.075241,77.791769,Recycling,Low,Available
2021,12.95246,77.79678,Bin,Medium,Available
2022,12.930434,77.476258,Recycling,High,Available
2023,13.044192,77.669046,Bin,Low,Full
2024,13.025047,77.641709,Bin,Low,Available
2025,12.898425,77.522934,Bin,High,Available
2026,12.901937,77.677061,Recycling,High,Full
2027,12.984139,77.713157,Bin,Medium,Available
2028,12.977824,77.775177,Recycling,Low,Available
2029,12.93941,77.55176,Bin,High,Full
2030,13.013401,77.743356,Bin,Low,Available
2031,12.988771,77.70986,Bin,Medium,Available
2032,13.08986,77.605381,Recycling,High,Available
2033,12.992967,77.763006,Bin,High,Available
2034,12.86854,77.762009,Recycling,High,Available
2035,13.084172,77.739432,Recycling,Medium,Available
2036,13.08364,77.601241,Bin,Medium,Available
2037,12.967626,77.466789,Recycling,Medium,Available
2038,12.884797,77.451186,Bin,High,Available
2039,13.077222,77.525258,Bin,Low,Available
2040,13.042951,77.756262,Bin,Low,Available
2041,12.968982,77.784021,Bin,High,Available
2042,12.924462,77.609571,Bin,High,Available
2043,13.031353,77.473922,Recycling,Low,Full
2044,13.052368,77.788751,Bin,High,Available
2045,12.896092,77.605077,Bin,High,Available
2046,12.997303,77.669262,Bin,Medium,Available
2047,12.988755,77.550524,Recycling,High,Full
2048,12.859389,77.549797,Bin,Low,Available
2049,13.019694,77.530881,Bin,High,Available
2050,12.948657,77.580364,Bin,Low,Available
2051,12.941038,77.748328,Recycling,Medium,Available
2052,12.902483,77.721653,Bin,Low,Available
2053,12.89135,77.722006,Bin,Medium,Available
2054,12.994903,77.757004,Recycling,Medium,Available
2055,12.956611,77.662168,Bin,Medium,Available
2056,13.011634,77.513928,Recycling,Medium,Available
2057,12.861966,77.592751,Recycling,Low,Available
2058,13.007695,77.655647,Bin,Medium,Available
2059,12.968116,77.69441,Bin,Low,Available
2060,12.851451,77.555335,Recycling,High,Available
2061,13.089761,77.625841,Recycling,High,Available
2062,12.871261,77.526997,Bin,High,Available
2063,13.046663,77.568628,Recycling,Low,Available
2064,12.935219,77.592971,Bin,High,Available
2065,12.937804,77.743034,Bin,High,Full
2066,12.872142,77.551945,Bin,High,Available
2067,13.011091,77.715128,Bin,High,Available
2068,12.994335,77.761407,Recycling,Low,Available
2069,12.973511,77.469326,Recycling,Low,Available
2070,12.976558,77.458971,Recycling,High,Available
2071,12.907236,77.492568,Bin,Low,Available
2072,13.091602,77.651234,Recycling,Medium,Available
2073,13.063652,77.614979,Recycling,Low,Available
2074,13.063829,77.655595,Recycling,High,Available
2075,12.975242,77.581238,Bin,High,Available
2076,12.9892,77.698055,Bin,High,Available
2077,13.087384,77.568835,Bin,Medium,Available
2078,13.092382,77.46354,Recycling,Medium,Available
2079,12.866461,77.667758,Bin,Low,Full
2080,12.926028,77.607404,Bin,Low,Full
2081,12.943634,77.478273,Bin,Medium,Available
2082,13.023635,77.469419,Bin,High,Available
2083,13.063871,77.482164,Recycling,Medium,Available
2084,12.888222,77.473159,Bin,Low,Available
2085,12.978596,77.656066,Recycling,Medium,Available
2086,12.952946,77.615833,Bin,High,Available
2087,12.85143,77.677962,Bin,High,Full
2088,12.869182,77.487236,Bin,Medium,Available
2089,13.029199,77.658221,Bin,Low,Available
2090,12.903688,77.742066,Bin,Medium,Full
2091,13.065906,77.580032,Bin,High,Available
2092,12.89801,77.766549,Bin,Low,Available
2093,13.005579,77.681586,Bin,Medium,Available
2094,13.02004,77.470347,Recycling,Low,Full
2095,12.892881,77.720041,Bin,Low,Full
2096,13.064688,77.59125,Recycling,Medium,Full
2097,12.928764,77.633285,Bin,Medium,Full
2098,12.891469,77.502328,Bin,Medium,Available
2099,12.947679,77.781297,Bin,Medium,Available
2100,12.962032,77.778134,Recycling,Medium,Available
2101,13.023153,77.657267,Recycling,Medium,Available
2102,12.90346,77.463224,Bin,High,Available
2103,13.015133,77.665125,Recycling,Medium,Full
2104,12.939861,77.774348,Bin,Low,Available
2105,12.983258,77.498265,Bin,Medium,Available
2106,13.087164,77.674522,Recycling,Medium,Available
2107,12.978172,77.686511,Recycling,Low,Full
2108,13.081019,77.684645,Recycling,Medium,Full
2109,13.025696,77.464702,Recycling,Medium,Available
2110,12.991617,77.502285,Bin,High,Available
2111,12.918229,77.450859,Bin,High,Available
2112,13.086297,77.662977,Bin,High,Available
2113,12.993607,77.693474,Recycling,High,Available
2114,13.028257,77.464097,Bin,Medium,Available
2115,12.855771,77.496683,Bin,High,Full
2116,12.936591,77.659783,Recycling,Low,Available
2117,13.038745,77.481141,Recycling,High,Available
2118,12.872771,77.467194,Bin,Medium,Available
2119,12.916917,77.769059,Bin,Low,Available
2120,12.982777,77.592878,Bin,Low,Available
2121,13.099036,77.56534,Bin,Medium,Available
2122,12.948007,77.766725,Bin,Medium,Available
2123,13.088201,77.728093,Bin,Medium,Available
2124,12.928629,77.695066,Recycling,High,Full
2125,12.918137,77.756246,Recycling,Medium,Available
2126,12.876019,77.726267,Bin,Low,Available
2127,13.010405,77.52332,Bin,Medium,Available
2128,13.069151,77.774876,Bin,High,Available
2129,13.036521,77.521681,Bin,Medium,Available
2130,13.030615,77.742437,Bin,Medium,Full
2131,13.043914,77.550852,Bin,Medium,Available
2132,12.890557,77.558475,Recycling,Medium,Full
2133,13.041753,77.779691,Bin,High,Available
2134,13.01769,77.614249,Bin,High,Full
2135,12.855575,77.663327,Bin,Medium,Available
2136,12.92746,77.780067,Bin,Medium,Available
2137,12.913049,77.563663,Recycling,High,Available
2138,12.983489,77.471588,Bin,Medium,Available
2139,13.060833,77.701302,Recycling,Medium,Full
2140,12.988628,77.660077,Recycling,Medium,Available
2141,13.030951,77.766914,Recycling,Medium,Available
2142,13.097548,77.481732,Bin,Low,Available
2143,13.001906,77.50371,Bin,Medium,Available
2144,12.916295,77.742336,Bin,Medium,Full
2145,12.906787,77.586369,Bin,High,Full
2146,13.078868,77.721824,Bin,Low,Available
2147,12.885387,77.698636,Bin,Low,Available
2148,12.912186,77.601279,Bin,Medium,Available
2149,12.866407,77.590505,Recycling,High,Available
2150,12.955896,77.695919,Recycling,Low,Available
2151,13.048993,77.663393,Bin,Medium,Available
2152,12.977554,77.635186,Recycling,Medium,Available
2153,12.907742,77.755988,Bin,Medium,Available
2154,13.043326,77.61603,Bin,Medium,Full
2155,12.988443,77.701254,Recycling,High,Available
2156,13.088113,77.458707,Bin,High,Available
2157,12.91827,77.555918,Bin,Medium,Available
2158,13.073728,77.68597,Bin,High,Available
2159,12.887474,77.481489,Bin,Low,Available
2160,12.925008,77.548579,Bin,High,Available
2161,12.915621,77.535859,Recycling,Low,Full
2162,12.899932,77.78155,Bin,Medium,Available
2163,12.996917,77.561279,Bin,High,Available
2164,12.8528,77.610323,Bin,Medium,Available
2165,12.958213,77.519185,Bin,Low,Available
2166,12.862783,77.78399,Bin,High,Available
2167,12.87704,77.628107,Bin,High,Full
2168,13.044902,77.660736,Bin,Medium,Full
2169,13.000727,77.652675,Bin,Low,Full
2170,12.928434,77.604906,Bin,High,Available
2171,13.058498,77.4991,Recycling,High,Available
2172,12.991454,77.55943,Bin,High,Available
2173,12.949636,77.50946,Bin,High,Available
2174,13.087901,77.781208,Bin,Low,Full
2175,12.94819,77.451531,Bin,Medium,Available
2176,12.883347,77.488689,Recycling,High,Available
2177,13.042297,77.600099,Recycling,Medium,Available
2178,13.032253,77.596885,Recycling,Medium,Full
2179,13.083241,77.534649,Recycling,Medium,Full
2180,12.962531,77.710506,Bin,Low,Available
2181,12.956358,77.714423,Bin,Medium,Available
2182,12.970359,77.465538,Recycling,High,Available
2183,12.852741,77.509427,Bin,Medium,Available
2184,12.913471,77.717271,Bin,Medium,Available
2185,12.886818,77.608398,Recycling,Medium,Available
2186,12.997563,77.517157,Bin,Medium,Available
2187,12.879908,77.595848,Bin,Low,Available
2188,12.926345,77.773941,Bin,High,Available
2189,13.026021,77.541041,Recycling,Medium,Available
2190,12.941261,77.485074,Bin,Low,Available
2191,12.8982,77.669581,Recycling,Medium,Available
2192,12.976946,77.623544,Recycling,High,Available
2193,12.924064,77.640753,Bin,Medium,Available
2194,13.05791,77.76361,Bin,Low,Full
2195,12.89357,77.667659,Bin,Medium,Full
2196,12.875173,77.598293,Bin,High,Full
2197,12.909425,77.478416,Bin,Medium,Available
2198,12.85803,77.49669,Bin,Low,Full
2199,12.864648,77.525419,Recycling,Medium,Available
2200,12.895666,77.663454,Recycling,Medium,Available
2201,13.000854,77.586193,Bin,Medium,Available
2202,12.950683,77.570201,Bin,High,Available
2203,13.085079,77.552787,Bin,High,Available
2204,12.986757,77.468669,Bin,Low,Full
2205,12.927089,77.759574,Bin,Medium,Available
2206,13.060134,77.759179,Bin,Medium,Available
2207,12.860511,77.659383,Recycling,Medium,Available
2208,13.006925,77.581477,Bin,High,Full
2209,13.021464,77.456257,Bin,Low,Available
2210,13.039119,77.488703,Recycling,Medium,Available
2211,13.09285,77.479288,Recycling,Low,Available
2212,13.06286,77.767189,Bin,Medium,Available
2213,13.05819,77.492529,Recycling,Medium,Available
2214,12.955975,77.628224,Recycling,Medium,Full
2215,12.895073,77.703448,Recycling,Medium,Available
2216,12.991203,77.751326,Recycling,Low,Available
2217,12.953517,77.538794,Recycling,Medium,Available
2218,12.915851,77.451375,Bin,Low,Available
2219,12.919019,77.605276,Bin,Low,Available
2220,12.887897,77.676506,Recycling,Medium,Available
2221,12.877243,77.537756,Recycling,High,Available
2222,13.015942,77.59497,Bin,High,Available
2223,12.968201,77.764916,Bin,Low,Full
2224,13.049247,77.630243,Bin,Low,Available
2225,12.94626,77.742766,Recycling,High,Available
2226,13.047172,77.573005,Bin,Low,Available
2227,13.07589,77.533645,Bin,High,Available
2228,13.046446,77.562479,Bin,High,Available
2229,12.987945,77.545919,Bin,Low,Available
2230,12.867842,77.716195,Bin,Medium,Available
2231,13.082237,77.768763,Recycling,High,Available
2232,12.945277,77.664799,Bin,Medium,Available
2233,13.096545,77.737393,Bin,High,Available
2234,12.875042,77.573351,Bin,Low,Available
2235,12.939798,77.653146,Bin,Low,Full
2236,13.002172,77.782599,Recycling,Medium,Available
2237,13.064589,77.799514,Bin,High,Available
2238,12.938835,77.650995,Recycling,Medium,Available
2239,12.934176,77.500566,Bin,High,Available
2240,12.90495,77.558349,Bin,Medium,Available
2241,12.89106,77.532879,Bin,Low,Full
2242,12.965966,77.470579,Recycling,Medium,Available
2243,12.919899,77.64976,Recycling,High,Available
2244,12.933714,77.612493,Recycling,High,Available
2245,12.882982,77.623428,Bin,Medium,Available
2246,13.00901,77.782323,Recycling,Medium,Available
2247,13.064067,77.491112,Bin,Medium,Available
2248,12.950688,77.476586,Bin,Low,Available
2249,12.88027,77.752631,Bin,Medium,Available
2250,12.952623,77.517385,Recycling,Low,Available
2251,13.027536,77.523093,Bin,Medium,Available
2252,13.027145,77.668201,Bin,High,Available
2253,12.930583,77.603299,Bin,High,Available
2254,12.891164,77.451958,Bin,Low,Available
2255,12.983335,77.750298,Recycling,Low,Available
2256,12.976974,77.733572,Recycling,High,Available
2257,13.023569,77.48913,Bin,Low,Available
2258,13.008513,77.539945,Bin,Low,Available
2259,12.852087,77.488624,Bin,Low,Full
2260,12.926502,77.494597,Bin,High,Available
2261,12.924021,77.646566,Recycling,High,Available
2262,13.067703,77.754537,Bin,Medium,Available
2263,13.054553,77.451978,Recycling,Low,Available
2264,13.068007,77.528764,Bin,Low,Available
2265,12.894284,77.57727,Bin,High,Full
2266,12.878697,77.704089,Bin,Low,Available
2267,13.091371,77.779302,Bin,Low,Available
2268,12.978887,77.649397,Bin,High,Available
2269,13.080533,77.679853,Bin,High,Available
2270,12.92262,77.5689,Recycling,Low,Available
2271,12.963514,77.730423,Recycling,High,Available
2272,12.875016,77.656041,Recycling,Low,Available
2273,12.853073,77.657778,Recycling,Medium,Full
2274,12.865758,77.76605,Recycling,Medium,Full
2275,12.921984,77.761257,Recycling,High,Available
2276,12.880001,77.63619,Bin,High,Available
2277,13.077653,77.455191,Recycling,High,Available
2278,12.882549,77.478448,Bin,Medium,Available
2279,13.096728,77.589315,Bin,Medium,Available
2280,13.084193,77.731093,Bin,Medium,Full
2281,12.972652,77.52584,Bin,Low,Available
2282,12.877774,77.535344,Bin,Medium,Available
2283,13.018668,77.469474,Bin,Medium,Available
2284,12.923953,77.47346,Recycling,Medium,Available
2285,12.866261,77.791205,Bin,Medium,Available
2286,13.039083,77.722987,Bin,Medium,Available
2287,13.081639,77.661158,Bin,High,Full
2288,13.097296,77.75592,Recycling,Low,Available
2289,13.055757,77.530829,Bin,High,Available
2290,13.067723,77.451445,Bin,Medium,Available
2291,13.02246,77.647948,Bin,Low,Available
2292,12.896401,77.727278,Bin,Low,Available
2293,12.87271,77.495128,Bin,High,Full
2294,13.056564,77.566927,Bin,Medium,Available
2295,13.098343,77.49605,Bin,Medium,Available
2296,13.061587,77.687462,Recycling,Medium,Full
2297,13.091953,77.746505,Bin,Low,Available
2298,12.963254,77.757215,Bin,Low,Available
2299,12.873747,77.562268,Bin,Medium,Available
2300,13.065151,77.60664,Recycling,Medium,Available
2301,12.885457,77.451311,Bin,Low,Available
2302,12.997318,77.54649,Bin,High,Full
2303,12.87511,77.504457,Recycling,Low,Full
2304,12.851161,77.755784,Bin,High,Available
2305,13.013577,77.478011,Bin,High,Available
2306,13.081992,77.600063,Recycling,Medium,Full
2307,13.089959,77.565198,Recycling,High,Available
2308,13.006073,77.475439,Recycling,Low,Available
2309,12.950055,77.651923,Recycling,High,Available
2310,12.865112,77.71219,Bin,Medium,Available
2311,12.9756,77.568538,Recycling,Medium,Full
2312,12.985886,77.533392,Recycling,Medium,Available
2313,13.005877,77.575201,Recycling,Medium,Available
2314,12.873884,77.588609,Recycling,High,Available
2315,12.919441,77.565436,Bin,High,Available
2316,12.977469,77.733787,Bin,Low,Available
2317,13.088075,77.727548,Bin,Medium,Full
2318,12.957086,77.565988,Recycling,High,Available
2319,12.965945,77.595277,Bin,High,Available
2320,13.068832,77.516275,Bin,Low,Available
2321,12.995228,77.668956,Bin,Low,Available
2322,12.922229,77.669604,Bin,Medium,Available
2323,12.918257,77.535578,Bin,High,Available
2324,12.896628,77.512023,Recycling,High,Available
2325,12.951716,77.541691,Recycling,High,Available
2326,13.061891,77.715626,Bin,Medium,Available
2327,12.877763,77.702967,Bin,High,Full
2328,12.869155,77.615562,Recycling,High,Available
2329,12.937249,77.608849,Bin,High,Available
2330,13.080786,77.544275,Recycling,Medium,Available
2331,13.003348,77.545386,Bin,Low,Available
2332,12.936918,77.716999,Bin,Low,Full
2333,13.000342,77.786299,Bin,Low,Available
2334,13.012124,77.459893,Bin,Low,Available
2335,12.957387,77.620604,Bin,Medium,Available
2336,12.923616,77.454781,Bin,Medium,Available
2337,12.944205,77.669864,Bin,Low,Available
2338,13.003508,77.751299,Recycling,Medium,Available
2339,12.941263,77.757796,Bin,High,Available
2340,13.020284,77.463299,Bin,Medium,Available
2341,12.919481,77.76161,Bin,Medium,Available
2342,13.02853,77.695998,Bin,Medium,Available
2343,12.998318,77.531688,Recycling,Medium,Available
2344,12.96242,77.73199,Bin,Low,Available
2345,12.928872,77.727376,Bin,High,Available
2346,12.853148,77.764378,Bin,Medium,Available
2347,13.004221,77.628151,Recycling,High,Available
2348,12.960718,77.621899,Bin,Low,Available
2349,12.868818,77.475676,Bin,Medium,Available
2350,12.971374,77.567417,Bin,Medium,Available
2351,13.003734,77.792016,Bin,Low,Available
2352,13.092153,77.720133,Recycling,Medium,Full
2353,12.875708,77.468541,Recycling,High,Available
2354,12.878357,77.461611,Bin,Low,Full
2355,13.016965,77.722494,Recycling,Medium,Available
2356,12.998952,77.560091,Bin,Medium,Available
2357,13.095432,77.593865,Recycling,Low,Available
2358,12.942854,77.463787,Bin,Medium,Available
2359,13.081009,77.477185,Recycling,High,Available
2360,12.947688,77.709283,Bin,Medium,Available
2361,12.971953,77.796454,Bin,Medium,Available
2362,13.041278,77.717404,Bin,Low,Available
2363,12.956863,77.593618,Recycling,Medium,Available
2364,13.072807,77.621874,Bin,Low,Available
2365,13.086056,77.656327,Bin,Medium,Full
2366,12.918498,77.626791,Recycling,Low,Available
2367,13.00362,77.687886,Bin,Medium,Available
2368,12.903886,77.596879,Bin,Low,Full
2369,12.957926,77.789272,Bin,Medium,Available
2370,13.047519,77.724296,Bin,High,Available
2371,13.003244,77.794972,Recycling,High,Available
2372,12.876394,77.515921,Bin,High,Available
2373,13.014933,77.563252,Bin,Medium,Available
2374,13.053008,77.504571,Recycling,Low,Available
2375,13.014037,77.749224,Bin,Medium,Available
2376,12.902893,77.733905,Recycling,Low,Available
2377,13.043707,77.568065,Bin,Low,Available
2378,12.888163,77.740704,Bin,Low,Available
2379,12.862536,77.588813,Bin,Low,Full
2380,13.037732,77.472373,Recycling,Medium,Full
2381,12.928236,77.650957,Bin,Medium,Available
2382,12.901407,77.714498,Bin,High,Available
2383,13.020686,77.779251,Bin,High,Available
2384,12.940029,77.660043,Bin,Medium,Available
2385,13.035934,77.63482,Bin,Low,Full
2386,12.867928,77.465246,Bin,High,Full
2387,13.013732,77.758037,Bin,High,Available
2388,12.875281,77.489274,Bin,High,Available
2389,13.094474,77.602047,Bin,Medium,Available
2390,13.058056,77.610569,Bin,Low,Available
2391,13.096493,77.467169,Recycling,Medium,Available
2392,13.088722,77.619174,Bin,Low,Available
2393,13.058212,77.665044,Recycling,Low,Available
2394,12.851522,77.627752,Recycling,Medium,Available
2395,13.069215,77.723603,Bin,High,Available
2396,12.887418,77.529216,Bin,Medium,Available
2397,12.893055,77.716781,Recycling,High,Available
2398,12.911202,77.526183,Bin,Medium,Available
2399,13.026376,77.688075,Bin,Medium,Available
2400,12.937362,77.524418,Bin,Low,Available
2401,13.057535,77.748589,Bin,Low,Available
2402,12.902882,77.587702,Bin,Low,Available
2403,13.051099,77.52248,Bin,Low,Available
2404,13.098043,77.679458,Bin,High,Available
2405,13.051679,77.455789,Bin,Medium,Available
2406,13.095621,77.682892,Recycling,Low,Full
2407,12.930338,77.796348,Bin,Medium,Available
2408,12.958161,77.613829,Recycling,Medium,Available
2409,12.863635,77.744774,Bin,Medium,Available
2410,12.997917,77.45443,Bin,Medium,Available
2411,12.897972,77.678645,Bin,Medium,Available
2412,12.995044,77.681618,Recycling,Low,Available
2413,12.869671,77.599153,Recycling,Low,Available
2414,12.875222,77.66195,Bin,Medium,Full
2415,12.971606,77.49706,Bin,Medium,Available
2416,12.982751,77.689038,Bin,High,Available
2417,13.04465,77.537048,Bin,High,Available
2418,13.044776,77.703676,Bin,Medium,Available
2419,13.09183,77.733993,Bin,Low,Available
2420,12.936222,77.462217,Bin,Medium,Available
2421,13.05048,77.770277,Recycling,High,Available
2422,12.915893,77.522985,Recycling,High,Available
2423,13.070367,77.673545,Bin,Medium,Available
2424,12.857864,77.693416,Bin,Medium,Available
2425,12.919344,77.616562,Bin,Medium,Available
2426,12.962791,77.661276,Recycling,High,Full
2427,12.917501,77.462244,Bin,Low,Full
2428,13.012311,77.478596,Bin,Low,Available
2429,13.033854,77.750875,Recycling,Low,Available
2430,12.910081,77.575567,Recycling,Medium,Available
2431,12.97253,77.4601,Bin,Medium,Available
2432,12.903833,77.702668,Recycling,Medium,Available
2433,12.951007,77.687423,Recycling,High,Available
2434,12.95276,77.507967,Bin,Medium,Full
2435,12.948651,77.512946,Bin,Medium,Available
2436,12.908395,77.707595,Bin,Medium,Available
2437,12.916557,77.661152,Bin,Medium,Available
2438,12.936644,77.742573,Recycling,Medium,Available
2439,12.867952,77.482997,Bin,Low,Available
2440,13.0383,77.553022,Recycling,High,Available
2441,13.032206,77.711722,Bin,Low,Available
2442,13.080349,77.673866,Bin,Medium,Available
2443,12.997882,77.706922,Bin,High,Available
2444,13.003768,77.502777,Recycling,High,Available
2445,12.97206,77.540611,Recycling,High,Available
2446,13.069257,77.513341,Recycling,Medium,Available
2447,12.88956,77.508665,Bin,Medium,Available
2448,12.878174,77.475309,Recycling,High,Available
2449,12.990068,77.479637,Recycling,High,Available
2450,13.081547,77.734009,Recycling,Medium,Available
2451,12.90445,77.56452,Bin,Low,Available
2452,12.967015,77.531568,Bin,High,Available
2453,13.016607,77.653953,Bin,Low,Full
2454,12.912134,77.481958,Recycling,Low,Available
2455,12.857071,77.497974,Bin,Low,Available
2456,13.059252,77.58066,Recycling,Low,Available
2457,12.887684,77.667196,Bin,Medium,Available
2458,12.986426,77.669671,Recycling,Low,Available
2459,13.029426,77.663957,Bin,Medium,Available
2460,12.954847,77.512396,Recycling,High,Available
2461,13.020015,77.764049,Bin,Low,Available
2462,13.049753,77.462689,Recycling,Medium,Available
2463,12.923181,77.511025,Recycling,High,Available
2464,13.088105,77.738329,Bin,Medium,Available
2465,12.989681,77.470316,Bin,Low,Available
2466,13.056237,77.532977,Bin,Medium,Available
2467,12.921838,77.65737,Bin,Low,Available
2468,12.875288,77.727288,Recycling,Medium,Available
2469,12.886712,77.642861,Bin,Medium,Full
2470,12.898925,77.717597,Bin,Medium,Available
2471,12.938119,77.510738,Bin,Medium,Available
2472,13.014155,77.771598,Bin,Low,Available
2473,13.0635,77.650074,Bin,Low,Available
2474,12.919623,77.780107,Recycling,Low,Available
2475,12.906265,77.593772,Recycling,Medium,Available
2476,12.901972,77.730114,Bin,Medium,Available
2477,12.933562,77.785945,Bin,Medium,Available
2478,13.044747,77.569038,Bin,Medium,Available
2479,13.02818,77.758696,Bin,Low,Full
2480,12.958753,77.66814,Bin,Medium,Available
2481,13.038786,77.731313,Bin,Medium,Available
2482,12.870988,77.568848,Bin,High,Available
2483,13.014981,77.631177,Bin,High,Available
2484,12.876731,77.62283,Recycling,High,Available
2485,13.071574,77.545019,Bin,High,Full
2486,12.999058,77.651052,Recycling,High,Full
2487,12.988187,77.788676,Recycling,Low,Available
2488,12.974956,77.585648,Bin,Low,Available
2489,13.067723,77.524712,Bin,High,Available
2490,12.939592,77.604188,Bin,Medium,Available
2491,12.963026,77.736118,Bin,Medium,Available
2492,13.029431,77.645317,Bin,Low,Available
2493,12.920656,77.685697,Bin,High,Available
2494,12.927505,77.634768,Bin,High,Available
2495,12.961096,77.747298,Bin,Low,Available
2496,13.026674,77.790641,Recycling,Medium,Full
2497,12.850876,77.45967,Recycling,Low,Available
2498,12.909287,77.599135,Recycling,Medium,Available
2499,12.975818,77.774175,Recycling,Medium,Full
2500,13.027155,77.471857,Bin,Low,Available
2501,12.895935,77.62902,Bin,High,Available
2502,13.077033,77.780706,Bin,Medium,Available
2503,13.077173,77.631443,Bin,Low,Available
2504,13.085059,77.692518,Recycling,Medium,Available
2505,13.093579,77.456011,Recycling,Medium,Available
2506,13.022289,77.793189,Recycling,Low,Available
2507,12.991385,77.673057,Recycling,Low,Full
2508,13.009685,77.746466,Bin,Medium,Full
2509,12.99553,77.753406,Recycling,Medium,Available
2510,12.850878,77.464007,Bin,Low,Available
2511,12.926234,77.576023,Bin,Low,Available
2512,13.018486,77.638067,Bin,Medium,Available
2513,12.956923,77.674392,Recycling,High,Available
2514,13.011179,77.511975,Bin,High,Available
2515,13.08191,77.592567,Recycling,Medium,Available
2516,12.996689,77.5461,Bin,High,Available
2517,13.049137,77.550876,Bin,High,Available
2518,13.000344,77.663494,Bin,High,Available
2519,12.950933,77.751833,Bin,Medium,Full
2520,13.006349,77.735939,Bin,High,Full
2521,12.91823,77.509381,Bin,High,Available
2522,12.851025,77.570027,Recycling,Medium,Available
2523,12.898144,77.574631,Bin,Low,Full
2524,13.099413,77.50744,Bin,Medium,Available
2525,12.901205,77.555499,Bin,High,Available
2526,13.008738,77.585526,Recycling,High,Available
2527,12.905753,77.633971,Bin,Medium,Available
2528,12.980518,77.565818,Bin,High,Available
2529,13.013708,77.465189,Bin,Medium,Available
2530,12.855587,77.51003,Bin,High,Available
2531,13.017065,77.513867,Bin,Medium,Available
2532,13.098763,77.778236,Bin,High,Available
2533,13.088262,77.548639,Bin,Low,Available
2534,13.031685,77.780516,Bin,High,Available
2535,12.915704,77.46583,Bin,Medium,Available
2536,12.865579,77.512835,Bin,High,Available
2537,12.984412,77.657587,Bin,Low,Available
2538,12.862818,77.588484,Bin,Medium,Available
2539,12.98303,77.601983,Bin,High,Available
2540,13.033555,77.715119,Bin,Low,Available
2541,12.873303,77.466076,Bin,Low,Available
2542,13.062284,77.532475,Recycling,High,Full
2543,13.059391,77.577339,Bin,Medium,Available
2544,13.062494,77.798597,Bin,Medium,Available
2545,12.8512,77.62819,Bin,High,Available
2546,13.079117,77.669829,Recycling,Low,Full
2547,13.018786,77.509582,Bin,High,Available
2548,12.965634,77.559716,Bin,High,Available
2549,12.956726,77.793671,Recycling,High,Available
2550,12.908519,77.594152,Recycling,Low,Available
2551,12.861659,77.601322,Recycling,Low,Available
2552,13.083124,77.532925,Bin,High,Full
2553,12.908732,77.485116,Bin,High,Available
2554,13.018559,77.567627,Bin,Medium,Available
2555,13.032209,77.604476,Bin,Low,Available
2556,12.916437,77.483191,Bin,Low,Available
2557,13.036693,77.563914,Bin,High,Available
2558,13.089674,77.457504,Recycling,High,Full
2559,12.891973,77.564387,Bin,Medium,Available
2560,12.929268,77.638827,Bin,Medium,Full
2561,13.042887,77.472633,Bin,Low,Available
2562,13.089222,77.757672,Bin,Low,Available
2563,12.983129,77.489987,Bin,Low,Available
2564,12.904984,77.789927,Recycling,Medium,Available
2565,12.9792,77.524707,Bin,High,Available
2566,13.008447,77.639361,Recycling,High,Available
2567,12.92644,77.610855,Bin,Medium,Available
2568,12.875825,77.519177,Bin,High,Available
2569,13.020384,77.56866,Bin,Medium,Available
2570,12.862644,77.622655,Bin,Medium,Full
2571,12.895674,77.558936,Bin,High,Available
2572,13.035966,77.749731,Bin,Medium,Available
2573,13.058214,77.465521,Bin,Medium,Available
2574,12.959072,77.638982,Bin,Medium,Available
2575,13.075297,77.541292,Recycling,Medium,Available
2576,13.031158,77.462443,Recycling,High,Available
2577,12.914353,77.583504,Bin,Medium,Available
2578,13.005283,77.507492,Recycling,High,Available
2579,13.063182,77.536501,Bin,Medium,Available
2580,12.991791,77.764769,Recycling,Medium,Available
2581,12.870952,77.50625,Recycling,Medium,Available
2582,12.927152,77.662575,Bin,Medium,Available
2583,12.865957,77.565625,Bin,High,Available
2584,12.894153,77.642052,Bin,Low,Available
2585,13.097017,77.680592,Bin,Medium,Available
2586,12.936218,77.677166,Recycling,Low,Available
2587,12.880389,77.525247,Bin,Low,Full
2588,12.96486,77.477183,Recycling,High,Available
2589,13.083368,77.527045,Recycling,Medium,Full
2590,13.049228,77.571273,Recycling,Low,Available
2591,12.876976,77.777277,Bin,Medium,Available
2592,13.089982,77.567267,Recycling,High,Available
2593,12.944543,77.711711,Recycling,High,Available
2594,13.072077,77.585654,Bin,High,Available
2595,13.046128,77.658657,Recycling,Low,Available
2596,13.058211,77.456731,Bin,High,Available
2597,13.093886,77.513886,Bin,High,Available
2598,12.995281,77.635465,Recycling,Low,Available
2599,12.888863,77.65858,Bin,Medium,Available
2600,12.856693,77.482178,Bin,Medium,Full
2601,13.023668,77.452835,Bin,Low,Available
2602,13.097877,77.63592,Bin,Low,Available
2603,13.064024,77.508598,Bin,Medium,Available
2604,12.943971,77.774706,Bin,Medium,Available
2605,12.906497,77.679745,Bin,Low,Available
2606,13.082496,77.643113,Recycling,Medium,Available
2607,12.973738,77.781008,Recycling,High,Available
2608,12.987417,77.613447,Recycling,Low,Available
2609,12.952837,77.535179,Bin,High,Available
2610,13.065341,77.740897,Bin,Medium,Available
2611,13.078813,77.591492,Bin,Medium,Available
2612,12.91294,77.581198,Recycling,High,Available
2613,12.967254,77.755837,Bin,High,Available
2614,13.019635,77.653893,Bin,High,Available
2615,12.936757,77.638388,Recycling,Low,Available
2616,12.94991,77.51612,Recycling,Low,Available
2617,12.865969,77.574746,Bin,Medium,Available
2618,12.957262,77.529369,Bin,High,Full
2619,12.886308,77.460423,Recycling,Medium,Available
2620,13.045179,77.560141,Bin,High,Available
2621,12.888436,77.496629,Bin,High,Available
2622,12.855347,77.780461,Bin,Low,Available
2623,12.908757,77.597702,Recycling,High,Available
2624,12.952725,77.644253,Bin,Low,Full
2625,12.896675,77.51944,Bin,Medium,Available
2626,12.886989,77.582354,Bin,Low,Available
2627,12.989336,77.761007,Bin,Low,Available
2628,13.03668,77.488451,Bin,Low,Available
2629,12.970738,77.554369,Recycling,Medium,Available
2630,12.951984,77.624036,Bin,High,Full
2631,12.895372,77.492134,Bin,Medium,Available
2632,13.061981,77.713139,Bin,Medium,Available
2633,12.978184,77.616478,Bin,Medium,Available
2634,13.003214,77.701719,Bin,Medium,Available
2635,12.96237,77.534585,Bin,Medium,Available
2636,13.093012,77.576517,Bin,Low,Available
2637,13.043201,77.537388,Bin,Medium,Available
2638,13.069088,77.605328,Bin,High,Full
2639,12.89101,77.459086,Bin,Low,Full
2640,12.989629,77.580642,Recycling,Medium,Available
2641,13.085305,77.747331,Recycling,Medium,Available
2642,12.894838,77.650628,Recycling,Low,Available
2643,12.97262,77.463932,Recycling,Low,Available
2644,12.871416,77.781404,Bin,Low,Available
2645,13.086501,77.699166,Recycling,Medium,Available
2646,12.877505,77.645944,Bin,High,Available
2647,12.953248,77.502969,Recycling,Low,Available
2648,12.90288,77.644912,Recycling,Medium,Available
2649,12.966135,77.711839,Bin,Low,Full
2650,13.088538,77.796663,Recycling,Low,Available
2651,12.935056,77.561346,Recycling,High,Available
2652,12.896491,77.768334,Recycling,Low,Full
2653,12.918062,77.478304,Bin,Medium,Available
2654,12.929713,77.797485,Bin,High,Available
2655,12.869696,77.546916,Bin,Low,Available
2656,12.993689,77.564836,Recycling,Low,Available
2657,12.853414,77.618589,Bin,High,Available
2658,12.972528,77.480306,Bin,High,Available
2659,12.992052,77.734974,Recycling,High,Full
2660,13.084421,77.591932,Bin,High,Available
2661,13.09888,77.454787,Bin,Low,Available
2662,12.905632,77.698193,Bin,High,Available
2663,12.912701,77.538492,Bin,High,Full
2664,13.063035,77.787709,Bin,High,Available
2665,13.073667,77.454069,Recycling,Medium,Available
2666,12.881801,77.588579,Bin,Low,Available
2667,13.051441,77.453235,Bin,Low,Available
2668,12.913563,77.540649,Bin,Medium,Available
2669,12.893878,77.536511,Recycling,Medium,Available
2670,12.910386,77.621661,Bin,Low,Available
2671,12.949665,77.497908,Bin,High,Available
2672,13.00614,77.787042,Recycling,Medium,Available
2673,12.882034,77.629236,Bin,Low,Available
2674,12.882754,77.694645,Bin,Medium,Available
2675,12.884943,77.654195,Recycling,Low,Available
2676,13.067365,77.475295,Recycling,Medium,Available
2677,12.92742,77.553991,Bin,High,Available
2678,13.017431,77.729562,Bin,Medium,Available
2679,13.04561,77.55824,Bin,High,Available
2680,12.866656,77.630618,Bin,Medium,Full
2681,12.971402,77.613167,Bin,Low,Available
2682,13.079745,77.68448,Bin,Low,Available
2683,13.0411,77.743951,Bin,High,Available
2684,13.024135,77.658859,Bin,High,Available
2685,12.91372,77.73477,Bin,High,Available
2686,12.944248,77.772646,Bin,High,Available
2687,13.062184,77.498719,Bin,High,Available
2688,13.036642,77.731635,Recycling,High,Available
2689,12.893281,77.466734,Bin,Low,Available
2690,12.896236,77.463627,Bin,High,Available
2691,12.939521,77.76298,Bin,High,Available
2692,12.895866,77.687674,Recycling,Medium,Full
2693,12.887683,77.547593,Bin,Low,Available
2694,13.079408,77.477338,Bin,Medium,Full
2695,13.099424,77.713686,Recycling,High,Full
2696,13.026818,77.477917,Bin,Medium,Available
2697,12.918346,77.65209,Recycling,Low,Available
2698,13.030682,77.787384,Recycling,High,Available
2699,12.901067,77.640833,Recycling,High,Available
2700,12.898817,77.65989,Bin,Low,Available
2701,12.878305,77.744952,Bin,Low,Full
2702,12.944772,77.453355,Bin,Low,Available
2703,12.869372,77.657641,Bin,Medium,Full
2704,12.956085,77.770492,Bin,Medium,Available
2705,12.868294,77.481317,Bin,Medium,Available
2706,13.079068,77.585928,Bin,Medium,Full
2707,13.057771,77.769108,Bin,High,Available
2708,12.902186,77.780493,Bin,High,Available
2709,13.05486,77.546573,Bin,Low,Available
2710,12.937024,77.680088,Bin,Low,Available
2711,12.954748,77.735179,Recycling,Low,Available
2712,13.042091,77.55109,Bin,Medium,Available
2713,12.856496,77.503482,Bin,Low,Available
2714,12.934463,77.477255,Bin,High,Available
2715,13.013358,77.584543,Bin,Medium,Available
2716,13.061802,77.622179,Recycling,Medium,Full
2717,13.042622,77.788083,Bin,Medium,Available
2718,13.070073,77.787451,Bin,High,Available
2719,12.986394,77.512947,Bin,High,Available
2720,13.0081,77.657534,Bin,Medium,Available
2721,12.896795,77.730218,Recycling,Low,Available
2722,12.963734,77.711718,Bin,Low,Available
2723,13.08915,77.586947,Bin,High,Available
2724,13.029793,77.646946,Recycling,Medium,Full
2725,13.024845,77.707291,Bin,Medium,Available
2726,12.924177,77.64697,Bin,High,Available
2727,13.057362,77.660955,Bin,Medium,Available
2728,12.930867,77.573035,Bin,High,Available
2729,13.015624,77.57993,Bin,Medium,Available
2730,13.032309,77.691693,Bin,Medium,Available
2731,12.8572,77.595191,Bin,Medium,Available
2732,12.927211,77.560348,Bin,Medium,Available
2733,12.937356,77.696816,Bin,Medium,Available
2734,13.009087,77.681001,Bin,Low,Available
2735,13.009848,77.755506,Bin,Low,Available
2736,13.058122,77.758204,Bin,High,Available
2737,12.876809,77.482402,Recycling,Low,Available
2738,12.968177,77.558746,Recycling,Low,Available
2739,13.043543,77.460648,Bin,High,Full
2740,13.069074,77.561784,Bin,Low,Available
2741,12.873556,77.560316,Recycling,Medium,Available
2742,12.958345,77.610621,Recycling,Low,Available
2743,12.955016,77.471401,Bin,High,Available
2744,12.867398,77.503771,Recycling,High,Available
2745,12.967057,77.760914,Recycling,High,Available
2746,13.010679,77.610305,Recycling,High,Available
2747,12.862889,77.78556,Bin,High,Available
2748,12.879775,77.478155,Bin,Low,Available
2749,13.025374,77.79524,Bin,Medium,Available
2750,12.984859,77.631209,Bin,Low,Available
2751,12.875389,77.696714,Bin,High,Full
2752,13.093973,77.778678,Bin,Medium,Available
2753,13.051552,77.760951,Recycling,Medium,Available
2754,12.874395,77.464086,Recycling,Medium,Full
2755,12.874314,77.74947,Bin,High,Available
2756,13.078998,77.554248,Recycling,Low,Available
2757,12.957904,77.739913,Bin,High,Available
2758,12.902357,77.782109,Bin,High,Available
2759,12.975037,77.597823,Bin,Medium,Available
2760,12.900972,77.51547,Bin,High,Available
2761,13.073302,77.672791,Bin,Medium,Available
2762,13.022335,77.474398,Recycling,High,Available
2763,13.042008,77.454425,Bin,Low,Available
2764,13.038969,77.734773,Bin,Medium,Available
2765,12.88885,77.677427,Bin,Low,Available
2766,13.013391,77.501054,Bin,Low,Available
2767,12.906638,77.588302,Bin,Medium,Available
2768,13.029817,77.494284,Bin,High,Available
2769,12.887085,77.457747,Bin,Medium,Full
2770,13.071733,77.593795,Bin,Low,Available
2771,12.884521,77.496299,Bin,Low,Available
2772,13.090395,77.652466,Recycling,Medium,Available
2773,12.931145,77.514011,Bin,High,Full
2774,12.861227,77.502621,Bin,Low,Available
2775,12.882274,77.609779,Bin,Medium,Available
2776,12.957032,77.79414,Bin,High,Available
2777,13.088015,77.726538,Bin,High,Available
2778,12.965708,77.79624,Recycling,High,Available
2779,13.06872,77.697285,Recycling,Medium,Full
2780,13.05626,77.74536,Bin,Medium,Available
2781,13.083914,77.655142,Bin,Low,Available
2782,13.05913,77.735078,Bin,Medium,Available
2783,12.852139,77.741763,Bin,Medium,Available
2784,12.981672,77.774349,Bin,High,Available
2785,12.859538,77.600436,Bin,High,Available
2786,12.85726,77.464175,Bin,High,Available
2787,12.988645,77.72994,Bin,Low,Available
2788,13.00707,77.706937,Bin,High,Available
2789,13.087773,77.638419,Bin,Low,Available
2790,13.042345,77.697419,Bin,Medium,Available
2791,13.098964,77.764054,Bin,High,Full
2792,12.938387,77.701826,Bin,Medium,Available
2793,12.93064,77.598552,Bin,High,Available
2794,12.950037,77.762919,Bin,Medium,Full
2795,13.071682,77.509313,Bin,High,Available
2796,12.942893,77.518261,Bin,High,Available
2797,13.092253,77.720696,Bin,Low,Full
2798,12.935113,77.55919,Recycling,Medium,Available
2799,13.072274,77.797676,Bin,High,Available
2800,12.981018,77.770186,Recycling,Low,Available
2801,12.870129,77.646629,Bin,Medium,Available
2802,12.951306,77.463976,Recycling,Low,Available
2803,13.067512,77.711193,Bin,Low,Available
2804,12.947676,77.718128,Bin,Medium,Available
2805,13.03714,77.765777,Bin,Medium,Available
2806,12.967102,77.759849,Bin,High,Available
2807,13.083539,77.715008,Bin,Low,Available
2808,12.892527,77.623219,Bin,High,Available
2809,13.046407,77.779669,Recycling,Low,Available
2810,12.936935,77.589951,Bin,High,Available
2811,12.980924,77.793857,Bin,Medium,Available
2812,12.88779,77.664036,Bin,High,Available
2813,12.932266,77.659368,Bin,Low,Available
2814,12.938409,77.633707,Bin,Medium,Available
2815,12.926937,77.494249,Recycling,High,Available
2816,12.951773,77.624499,Bin,Medium,Available
2817,13.030369,77.47169,Bin,High,Available
2818,12.887272,77.794762,Recycling,High,Available
2819,12.895961,77.779494,Bin,High,Available
2820,12.933822,77.794939,Bin,Low,Available
2821,12.970486,77.464865,Bin,Medium,Available
2822,12.938735,77.793892,Bin,Medium,Available
2823,13.033466,77.798164,Recycling,Medium,Available
2824,13.058757,77.777591,Recycling,Medium,Full
2825,12.888982,77.538742,Bin,Low,Available
2826,13.063231,77.722612,Bin,Medium,Available
2827,12.947708,77.744458,Bin,Medium,Available
2828,13.071307,77.538205,Bin,High,Available
2829,13.072304,77.57124,Bin,High,Available
2830,12.979031,77.566467,Bin,Medium,Available
2831,13.069818,77.722721,Bin,Medium,Available
2832,12.896134,77.545621,Bin,Medium,Available
2833,12.983059,77.718944,Recycling,Medium,Available
2834,12.933566,77.758437,Bin,High,Available
2835,12.90461,77.639844,Bin,Medium,Available
2836,13.059028,77.687325,Bin,Low,Full
2837,13.060419,77.726152,Bin,Medium,Available
2838,12.984619,77.501061,Bin,Medium,Available
2839,12.974636,77.756479,Bin,High,Available
2840,12.859177,77.514951,Recycling,Medium,Full
2841,12.981177,77.457788,Recycling,Low,Available
2842,12.892026,77.570906,Recycling,High,Available
2843,13.05735,77.516777,Recycling,Medium,Available
2844,12.925626,77.49612,Bin,Low,Available
2845,13.098626,77.454203,Bin,Medium,Full
2846,12.976501,77.640295,Bin,Low,Available
2847,12.952164,77.468407,Bin,Medium,Available
2848,12.883574,77.77642,Recycling,Low,Available
2849,13.003373,77.48349,Bin,Low,Full
2850,13.063128,77.652941,Bin,High,Full
2851,13.092333,77.493883,Bin,Medium,Available
2852,12.854616,77.471691,Recycling,High,Available
2853,13.072763,77.657786,Recycling,Medium,Available
2854,12.958432,77.610055,Bin,Low,Full
2855,12.911034,77.519493,Bin,Medium,Available
2856,13.042973,77.630829,Bin,High,Available
2857,12.992661,77.759468,Bin,Medium,Full
2858,12.938289,77.610555,Recycling,Low,Available
2859,13.064856,77.753963,Bin,Medium,Available
2860,13.03464,77.542802,Bin,Medium,Full
2861,13.073959,77.784679,Recycling,Medium,Available
2862,13.043712,77.708938,Bin,Low,Full
2863,12.963901,77.577167,Bin,Medium,Available
2864,13.059235,77.551478,Bin,Medium,Available
2865,13.091365,77.733248,Recycling,Low,Available
2866,12.989426,77.551604,Recycling,Medium,Full
2867,12.913698,77.620024,Bin,Low,Available
2868,12.960821,77.606353,Bin,Low,Available
2869,12.933812,77.450462,Bin,Low,Available
2870,12.882963,77.627689,Bin,Medium,Available
2871,12.963002,77.631682,Recycling,Medium,Available
2872,12.958651,77.596208,Recycling,Low,Available
2873,12.906043,77.575688,Bin,Medium,Available
2874,13.046653,77.577575,Recycling,Medium,Available
2875,13.058885,77.705456,Recycling,Low,Available
2876,13.065457,77.626413,Bin,Medium,Available
2877,12.92114,77.651416,Bin,Medium,Available
2878,12.860709,77.686527,Bin,Low,Available
2879,12.898558,77.595446,Bin,High,Available
2880,13.001757,77.45794,Recycling,Medium,Available
2881,13.054708,77.520093,Bin,Medium,Available
2882,13.072428,77.603076,Bin,High,Full
2883,13.021108,77.613762,Bin,High,Available
2884,12.86715,77.638084,Bin,Low,Available
2885,12.884304,77.50618,Bin,Low,Available
2886,13.052232,77.608387,Bin,Low,Available
2887,12.914392,77.640364,Recycling,Medium,Available
2888,12.879581,77.723271,Bin,High,Available
2889,13.034666,77.767551,Recycling,Medium,Available
2890,12.91642,77.77753,Bin,Low,Available
2891,12.881763,77.625886,Bin,Medium,Available
2892,13.085876,77.720674,Recycling,Medium,Available
2893,12.971343,77.520379,Bin,Medium,Available
2894,13.099567,77.467216,Bin,Medium,Available
2895,12.992838,77.502492,Recycling,Medium,Available
2896,13.02891,77.761165,Recycling,Medium,Available
2897,12.975801,77.719057,Recycling,Low,Available
2898,13.044029,77.601078,Bin,Medium,Available
2899,13.099951,77.622547,Bin,Low,Available
2900,12.989704,77.6406,Bin,Medium,Available
2901,12.914775,77.570435,Recycling,Medium,Available
2902,12.963181,77.727671,Recycling,Medium,Full
2903,13.084805,77.652994,Bin,Medium,Available
2904,13.012721,77.512229,Bin,Medium,Available
2905,12.974918,77.711361,Bin,Low,Available
2906,12.904832,77.540252,Bin,Medium,Available
2907,12.866889,77.510001,Recycling,Medium,Full
2908,13.062188,77.629032,Recycling,Low,Available
2909,12.918096,77.741222,Bin,High,Available
2910,13.070297,77.556472,Bin,Medium,Available
2911,13.01136,77.781633,Bin,High,Available
2912,13.051829,77.584356,Bin,High,Available
2913,12.983665,77.457068,Bin,Medium,Available
2914,12.99565,77.500159,Bin,Medium,Available
2915,13.067582,77.721552,Bin,High,Available
2916,13.035966,77.499014,Bin,Low,Available
2917,12.854216,77.503064,Bin,Low,Available
2918,13.022978,77.460164,Bin,Low,Full
2919,13.083274,77.528926,Bin,Low,Full
2920,12.980747,77.465128,Bin,Low,Available
2921,13.017482,77.614461,Bin,Low,Available
2922,12.875036,77.732625,Bin,Medium,Available
2923,12.906495,77.673814,Bin,Medium,Available
2924,12.972817,77.556219,Bin,Medium,Available
2925,12.966468,77.470189,Bin,Medium,Full
2926,13.070701,77.47448,Bin,Medium,Available
2927,13.041358,77.710482,Recycling,Low,Available
2928,13.056797,77.684703,Recycling,Low,Available
2929,12.992262,77.462486,Bin,Medium,Available
2930,12.918332,77.674122,Bin,High,Available
2931,12.916665,77.794703,Recycling,Low,Available
2932,12.877584,77.45962,Bin,Low,Available
2933,13.027667,77.793563,Recycling,Medium,Available
2934,13.099865,77.69855,Recycling,High,Available
2935,13.026196,77.747782,Recycling,Low,Available
2936,13.020139,77.536614,Bin,Low,Available
2937,12.96038,77.635217,Bin,Medium,Available
2938,12.889741,77.466572,Bin,Medium,Available
2939,12.892312,77.487994,Recycling,Medium,Full
2940,13.028579,77.564365,Bin,Medium,Available
2941,12.879419,77.51155,Recycling,Medium,Available
2942,13.018379,77.598292,Bin,Low,Available
2943,13.094788,77.475706,Bin,Low,Available
2944,12.944677,77.736338,Recycling,Low,Available
2945,13.009225,77.63264,Bin,Low,Available
2946,12.950304,77.728447,Recycling,Low,Available
2947,13.077038,77.637428,Recycling,Low,Available
2948,12.984857,77.751246,Bin,Low,Available
2949,13.06646,77.778609,Recycling,High,Available
2950,12.861927,77.501662,Bin,High,Full
2951,12.896709,77.666882,Recycling,Medium,Available
2952,12.964453,77.581528,Bin,Medium,Available
2953,13.098499,77.640239,Bin,High,Available
2954,12.897309,77.732805,Bin,High,Available
2955,12.858297,77.630955,Bin,High,Available
2956,13.080901,77.724046,Bin,High,Available
2957,13.017238,77.741292,Bin,Medium,Available
2958,12.924489,77.513909,Bin,Low,Available
2959,12.850139,77.662912,Bin,High,Available
2960,12.971501,77.59248,Bin,Medium,Full
2961,13.084037,77.74681,Recycling,Medium,Available
2962,13.035523,77.693651,Recycling,High,Full
2963,12.937126,77.741549,Bin,Medium,Available
2964,13.0464,77.765132,Bin,Medium,Available
2965,13.097387,77.617591,Bin,Medium,Available
2966,12.869022,77.661261,Recycling,High,Available
2967,13.098347,77.694554,Bin,Low,Available
2968,13.059544,77.457574,Bin,High,Available
2969,13.045684,77.711153,Bin,High,Available
2970,12.988348,77.675501,Bin,High,Available
2971,12.864411,77.778042,Bin,Medium,Available
2972,13.058684,77.461597,Bin,Medium,Available
2973,13.026477,77.587782,Bin,Low,Available
2974,13.058452,77.588264,Bin,Low,Available
2975,12.853034,77.621025,Bin,High,Available
2976,13.041298,77.65919,Recycling,Medium,Available
2977,13.071785,77.467236,Bin,Low,Available
2978,12.852652,77.75158,Bin,Low,Available
2979,12.8967,77.66854,Bin,Medium,Available
2980,13.014032,77.744714,Recycling,High,Available
2981,13.072222,77.562768,Bin,High,Full
2982,13.01389,77.531003,Bin,Medium,Full
2983,12.887399,77.739091,Bin,High,Full
2984,12.956873,77.577768,Recycling,Medium,Available
2985,13.005707,77.503511,Recycling,Low,Full
2986,12.912643,77.706858,Bin,Medium,Available
2987,13.036973,77.644885,Recycling,Medium,Available
2988,13.038237,77.503019,Bin,Medium,Available
2989,12.930528,77.690247,Bin,High,Full
2990,12.991299,77.664002,Bin,High,Available
2991,13.003763,77.792689,Bin,High,Available
2992,12.865091,77.72916,Bin,High,Available
2993,13.065576,77.505173,Bin,Medium,Available
2994,12.935191,77.613735,Bin,Medium,Available
2995,12.991551,77.533273,Recycling,Medium,Available
2996,12.969267,77.753245,Bin,Medium,Available
2997,12.892389,77.736117,Bin,Low,Available
2998,13.009631,77.764391,Bin,High,Available
2999,12.863685,77.721617,Bin,Low,Available
3000,12.870615,77.707582,Bin,High,Available
3001,13.001508,77.524054,Bin,High,Available
3002,13.053768,77.748743,Bin,Medium,Available
3003,12.974647,77.516737,Bin,Medium,Available
3004,13.052438,77.592659,Bin,Low,Full
3005,13.09015,77.690943,Bin,High,Available
3006,13.061083,77.718048,Bin,Medium,Available
3007,12.923004,77.722344,Recycling,High,Available
3008,12.871627,77.469932,Bin,Medium,Available
3009,12.851622,77.796403,Bin,High,Available
3010,12.88261,77.729148,Recycling,Medium,Available
3011,12.87187,77.679547,Recycling,Low,Available
3012,13.075577,77.54952,Bin,Medium,Available
3013,12.953947,77.554997,Bin,High,Available
3014,13.017681,77.675272,Bin,Low,Available
3015,12.972785,77.557393,Bin,Low,Available
3016,13.051184,77.771553,Recycling,High,Full
3017,12.981806,77.526795,Recycling,Low,Available
3018,12.908314,77.630244,Bin,Low,Available
3019,13.068477,77.649693,Recycling,Low,Available
3020,12.993894,77.612165,Bin,High,Available
3021,13.085565,77.58939,Bin,Medium,Available
3022,12.922213,77.522761,Bin,Low,Available
3023,13.014199,77.663587,Recycling,Medium,Available
3024,12.92277,77.495334,Recycling,High,Available
3025,12.935327,77.788315,Bin,High,Available
3026,12.902513,77.724371,Bin,Medium,Available
3027,12.990895,77.707494,Bin,Medium,Full
3028,12.927216,77.641208,Recycling,High,Available
3029,12.957023,77.744906,Recycling,High,Available
3030,12.930985,77.663056,Recycling,High,Available
3031,12.957088,77.612653,Recycling,Medium,Available
3032,12.856514,77.647885,Bin,High,Available
3033,12.965127,77.600224,Recycling,Low,Available
3034,13.084799,77.733236,Recycling,Low,Available
3035,12.856507,77.532965,Recycling,Low,Available
3036,12.912977,77.588352,Recycling,Low,Available
3037,12.925272,77.488369,Bin,Medium,Available
3038,13.054399,77.640487,Bin,Medium,Available
3039,13.004089,77.68976,Bin,High,Full
3040,13.053272,77.556788,Bin,High,Available
3041,13.055007,77.453316,Bin,High,Available
3042,13.047244,77.775509,Bin,Low,Full
3043,12.894309,77.68878,Bin,Low,Available
3044,12.980093,77.748323,Recycling,Medium,Available
3045,12.924671,77.491736,Bin,Low,Available
3046,12.958121,77.596512,Bin,Medium,Available
3047,12.869526,77.780107,Bin,High,Available
3048,13.07057,77.456902,Recycling,Medium,Available
3049,12.950436,77.474818,Recycling,Low,Full
3050,12.862744,77.617764,Recycling,Medium,Available
3051,13.039773,77.724503,Recycling,Medium,Available
3052,12.940782,77.539979,Recycling,Medium,Available
3053,12.950918,77.699431,Recycling,Medium,Available
3054,13.044801,77.67434,Bin,Low,Available
3055,12.964204,77.739049,Bin,Medium,Full
3056,13.059226,77.682767,Bin,Low,Available
3057,12.876753,77.552409,Bin,Low,Available
3058,12.89527,77.671194,Bin,Medium,Available
3059,12.94278,77.483841,Bin,High,Full
3060,13.011915,77.770888,Bin,Low,Full
3061,12.874738,77.688925,Bin,Medium,Available
3062,12.959122,77.537691,Bin,Medium,Full
3063,13.049653,77.610492,Bin,High,Available
3064,12.902616,77.578105,Recycling,Low,Available
3065,12.973494,77.546744,Bin,Medium,Available
3066,12.877993,77.499367,Recycling,High,Available
3067,12.878365,77.468696,Bin,High,Available
3068,13.019919,77.699536,Recycling,Low,Available
3069,12.867131,77.753798,Recycling,Medium,Available
3070,12.918328,77.554202,Bin,Low,Available
3071,13.032691,77.554678,Bin,Low,Available
3072,12.991383,77.765555,Bin,High,Full
3073,12.994115,77.776863,Bin,Medium,Available
3074,12.9973,77.702673,Recycling,Low,Available
3075,12.894216,77.681745,Bin,High,Available
3076,12.922851,77.747817,Bin,Low,Available
3077,12.871136,77.794871,Bin,Low,Available
3078,12.869217,77.729962,Recycling,High,Available
3079,12.931442,77.462281,Bin,Medium,Available
3080,13.076908,77.508758,Bin,Low,Available
3081,12.858321,77.625995,Bin,Low,Available
3082,12.901113,77.690662,Bin,Medium,Full
3083,12.859338,77.625093,Recycling,Medium,Available
3084,12.94942,77.688093,Recycling,Low,Available
3085,12.931263,77.531473,Bin,Low,Available
3086,12.882656,77.776884,Bin,Low,Available
3087,13.083254,77.7145,Recycling,Low,Available
3088,12.952048,77.541988,Bin,High,Available
3089,13.072499,77.774846,Bin,Medium,Available
3090,13.06983,77.5041,Recycling,Medium,Available
3091,12.859783,77.564408,Recycling,Low,Available
3092,12.85785,77.579823,Bin,Low,Full
3093,12.959012,77.545829,Bin,Low,Available
3094,12.986562,77.533133,Bin,Medium,Available
3095,13.087061,77.490532,Bin,Medium,Available
3096,13.052576,77.715958,Bin,Medium,Available
3097,12.988877,77.72697,Bin,Low,Available
3098,12.940372,77.640706,Bin,Medium,Available
3099,13.070969,77.451824,Recycling,Medium,Available
3100,13.063906,77.613486,Recycling,Low,Available
3101,13.014368,77.75455,Recycling,Medium,Available
3102,12.932848,77.793,Bin,High,Available
3103,13.002128,77.587718,Recycling,Medium,Full
3104,12.851898,77.650435,Recycling,High,Full
3105,12.8511,77.450116,Bin,Low,Full
3106,12.905516,77.615433,Bin,Medium,Available
3107,12.861165,77.567293,Bin,High,Available
3108,12.986195,77.79556,Recycling,High,Full
3109,12.972385,77.693732,Bin,Medium,Available
3110,12.976334,77.695945,Recycling,Low,Full
3111,12.964956,77.523565,Recycling,Medium,Available
3112,12.987008,77.583655,Recycling,Medium,Available
3113,12.877399,77.763406,Bin,High,Available
3114,13.009835,77.77277,Bin,Medium,Available
3115,13.039396,77.633971,Bin,High,Available
3116,13.040453,77.573902,Recycling,Medium,Available
3117,12.940654,77.494724,Bin,Low,Available
3118,13.022128,77.475896,Bin,Low,Available
3119,12.916938,77.650165,Recycling,High,Full
3120,12.894017,77.542718,Bin,High,Available
3121,12.989174,77.536756,Bin,High,Available
3122,13.059235,77.650194,Recycling,Medium,Full
3123,12.920335,77.658362,Bin,Medium,Full
3124,13.094951,77.622819,Bin,Medium,Full
3125,13.011367,77.46567,Bin,Low,Available
3126,12.932078,77.615203,Recycling,Low,Available
3127,12.94949,77.530474,Bin,High,Available
3128,13.070975,77.777969,Bin,Low,Available
3129,13.057529,77.687843,Bin,Medium,Available
3130,12.982035,77.761055,Bin,High,Available
3131,13.036593,77.775589,Recycling,Low,Available
3132,12.969226,77.601044,Bin,High,Available
3133,12.962965,77.517344,Recycling,High,Available
3134,12.876003,77.724853,Bin,Medium,Full
3135,13.093958,77.645249,Bin,Low,Available
3136,12.959911,77.555767,Bin,Low,Available
3137,12.98551,77.660585,Bin,Medium,Available
3138,13.05856,77.616681,Recycling,Medium,Available
3139,12.862591,77.678669,Recycling,High,Full
3140,12.920545,77.65138,Bin,Medium,Available
3141,13.064037,77.768349,Bin,Low,Available
3142,13.020941,77.559281,Recycling,Medium,Available
3143,12.989851,77.466022,Recycling,Medium,Full
3144,12.984339,77.698539,Bin,Medium,Available
3145,13.044629,77.719539,Bin,High,Full
3146,12.868899,77.777756,Bin,Medium,Available
3147,13.091939,77.485526,Bin,Medium,Available
3148,13.011383,77.49587,Recycling,High,Available
3149,13.065004,77.575873,Bin,Medium,Available
3150,13.08634,77.500325,Recycling,Low,Available
3151,12.887991,77.463346,Recycling,Low,Available
3152,12.988771,77.488083,Recycling,Medium,Available
3153,12.975255,77.661527,Bin,Low,Available
3154,12.960055,77.58654,Bin,Medium,Available
3155,12.934686,77.594118,Bin,Low,Available
3156,13.099061,77.707795,Bin,Low,Available
3157,12.959798,77.725379,Recycling,Medium,Available
3158,13.045549,77.784534,Bin,Medium,Available
3159,12.945382,77.707129,Recycling,Medium,Available
3160,12.892909,77.524186,Bin,Low,Available
3161,12.922913,77.727036,Recycling,Medium,Available
3162,13.011694,77.797475,Bin,Low,Available
3163,12.93009,77.518524,Recycling,High,Available
3164,12.931411,77.532686,Recycling,Medium,Available
3165,12.953871,77.670855,Bin,Medium,Available
3166,12.997766,77.552735,Bin,Medium,Available
3167,13.007171,77.770085,Bin,Low,Available
3168,12.975574,77.600395,Recycling,Low,Available
3169,13.070964,77.768737,Recycling,High,Full
3170,12.908633,77.519153,Bin,High,Full
3171,12.896734,77.67293,Recycling,High,Available
3172,13.092573,77.570636,Bin,Medium,Available
3173,12.850356,77.70612,Recycling,High,Available
3174,12.980572,77.575991,Bin,Medium,Available
3175,12.87001,77.714425,Bin,High,Available
3176,13.095754,77.470299,Bin,Medium,Available
3177,12.940306,77.541171,Recycling,Medium,Available
3178,12.947572,77.679083,Bin,Medium,Available
3179,12.997023,77.714703,Bin,Medium,Available
3180,12.900485,77.504136,Bin,Medium,Full
3181,12.868308,77.659954,Bin,Medium,Full
3182,12.901385,77.464271,Bin,Medium,Available
3183,12.912844,77.558264,Bin,Low,Available
3184,12.970619,77.610733,Recycling,Low,Full
3185,12.995484,77.728505,Bin,Medium,Full
3186,13.073984,77.533541,Bin,Medium,Full
3187,12.930589,77.678205,Recycling,High,Available
3188,12.950614,77.788456,Bin,High,Available
3189,13.017487,77.540229,Bin,High,Available
3190,13.020819,77.544303,Bin,Medium,Available
3191,12.92272,77.700408,Recycling,Low,Available
3192,13.015289,77.693455,Recycling,Medium,Available
3193,12.948713,77.539186,Bin,Medium,Available
3194,13.084448,77.73934,Recycling,High,Available
3195,13.061675,77.505321,Bin,High,Available
3196,13.097131,77.686179,Recycling,Low,Available
3197,12.860805,77.743239,Bin,Medium,Available
3198,12.867113,77.618523,Bin,High,Available
3199,12.935618,77.648604,Bin,Medium,Available
3200,12.894802,77.478771,Bin,Medium,Available
3201,12.943106,77.726469,Bin,Medium,Available
3202,13.011895,77.788197,Bin,High,Available
3203,12.857717,77.507982,Bin,Medium,Available
3204,12.958165,77.568341,Bin,Low,Full
3205,12.925512,77.699884,Bin,Medium,Available
3206,12.942254,77.657238,Bin,Low,Available
3207,13.069942,77.60411,Bin,Medium,Full
3208,12.986734,77.618273,Recycling,High,Available
3209,12.894426,77.725493,Recycling,Medium,Available
3210,13.007983,77.603691,Bin,Low,Full
3211,13.037539,77.670911,Bin,Low,Available
3212,13.015394,77.671798,Bin,Medium,Available
3213,12.856571,77.607717,Recycling,Medium,Available
3214,12.979169,77.797156,Bin,Medium,Available
3215,12.889946,77.584063,Bin,High,Full
3216,12.934027,77.673912,Bin,High,Available
3217,12.850063,77.717111,Recycling,Medium,Full
3218,13.077112,77.633369,Bin,High,Available
3219,12.931154,77.513971,Recycling,High,Available
3220,13.095442,77.705837,Recycling,Low,Available
3221,13.02465,77.640031,Bin,High,Available
3222,13.062167,77.507021,Bin,Low,Available
3223,12.944977,77.731845,Bin,Medium,Available
3224,12.863196,77.513095,Bin,Medium,Available
3225,12.95075,77.702894,Bin,High,Available
3226,12.98792,77.660618,Recycling,Low,Available
3227,12.936546,77.634063,Bin,Low,Available
3228,12.933964,77.513679,Bin,Low,Full
3229,12.995287,77.735169,Bin,High,Available
3230,12.993486,77.622128,Recycling,Medium,Available
3231,12.886385,77.662144,Bin,Low,Available
3232,12.978694,77.739413,Bin,Medium,Available
3233,13.012106,77.551485,Recycling,Medium,Available
3234,13.094147,77.781491,Bin,Low,Available
3235,12.857621,77.457269,Bin,High,Full
3236,12.977861,77.647829,Bin,Low,Available
3237,13.038635,77.500976,Recycling,Medium,Available
3238,12.88943,77.669669,Recycling,High,Available
3239,12.996846,77.558767,Recycling,High,Available
3240,12.955815,77.666353,Bin,Low,Available
3241,13.08262,77.669205,Bin,High,Available
3242,12.910942,77.553982,Bin,Medium,Available
3243,13.029384,77.560788,Recycling,Low,Available
3244,13.015953,77.689123,Bin,Medium,Available
3245,13.062888,77.469442,Bin,Medium,Available
3246,12.869063,77.772268,Recycling,Medium,Available
3247,13.035349,77.564925,Bin,High,Full
3248,13.081767,77.541857,Bin,Low,Available
3249,12.928542,77.580974,Bin,High,Available
3250,13.053606,77.461265,Bin,High,Available
3251,12.994535,77.468405,Bin,Medium,Full
3252,13.079246,77.625147,Bin,High,Available
3253,12.979215,77.766779,Recycling,High,Available
3254,12.981094,77.744865,Bin,High,Available
3255,13.05203,77.6642,Bin,Medium,Available
3256,13.008463,77.599537,Recycling,Medium,Available
3257,12.865563,77.772742,Bin,Medium,Available
3258,12.903863,77.634581,Bin,High,Available
3259,13.063994,77.763095,Bin,High,Available
3260,12.946107,77.676841,Recycling,Medium,Available
3261,12.947109,77.602389,Bin,Medium,Available
3262,12.997111,77.576987,Bin,High,Full
3263,12.995903,77.464907,Recycling,High,Available
3264,12.886789,77.500197,Bin,Low,Full
3265,12.985192,77.694986,Recycling,High,Full
3266,13.091814,77.603675,Recycling,High,Available
3267,13.020446,77.690351,Recycling,Medium,Available
3268,12.853047,77.566226,Bin,Medium,Available
3269,12.901611,77.634604,Bin,Low,Available
3270,12.869787,77.655574,Bin,Low,Available
3271,12.997852,77.460145,Bin,High,Available
3272,12.882796,77.657366,Bin,Low,Full
3273,13.076567,77.747658,Recycling,High,Available
3274,13.019657,77.732238,Bin,Medium,Available
3275,13.074264,77.455993,Bin,High,Available
3276,13.098478,77.690641,Bin,High,Available
3277,12.961514,77.559232,Bin,Medium,Available
3278,13.008335,77.734603,Bin,Low,Available
3279,13.01758,77.765396,Bin,High,Available
3280,13.005326,77.48198,Bin,Low,Available
3281,12.976024,77.73436,Recycling,Medium,Available
3282,12.956827,77.790448,Bin,Low,Available
3283,13.002838,77.63299,Bin,High,Available
3284,13.015457,77.474073,Bin,High,Full
3285,12.921386,77.504971,Bin,Medium,Available
3286,13.091609,77.577051,Bin,High,Available
3287,13.088191,77.682603,Recycling,Low,Available
3288,12.972052,77.607718,Bin,High,Available
3289,13.015396,77.507,Recycling,High,Available
3290,13.081196,77.508442,Bin,Low,Available
3291,13.00544,77.560229,Bin,Low,Available
3292,12.963321,77.536512,Bin,High,Available
3293,13.032313,77.462499,Bin,Medium,Available
3294,12.880048,77.754606,Recycling,Low,Available
3295,13.089571,77.479107,Bin,High,Full
3296,12.967806,77.506962,Bin,High,Full
3297,13.00197,77.718162,Recycling,Medium,Available
3298,13.021352,77.636901,Bin,High,Available
3299,12.923698,77.730681,Bin,High,Available
3300,13.012297,77.535484,Recycling,Low,Available
3301,13.047771,77.574221,Recycling,High,Available
3302,12.851885,77.55383,Bin,High,Full
3303,12.86761,77.614953,Bin,Low,Available
3304,12.929271,77.63762,Bin,High,Available
3305,13.053237,77.68749,Recycling,Medium,Full
3306,13.066444,77.603443,Bin,High,Available
3307,13.082061,77.728941,Bin,Low,Available
3308,13.092211,77.561798,Bin,High,Available
3309,12.921364,77.554185,Bin,Low,Available
3310,12.929272,77.748817,Recycling,Medium,Available
3311,12.979079,77.60569,Bin,High,Available
3312,13.058181,77.486826,Bin,High,Available
3313,12.977442,77.633105,Bin,High,Available
3314,12.993331,77.649769,Recycling,Medium,Available
3315,12.993188,77.481965,Bin,Low,Available
3316,12.871133,77.614288,Recycling,High,Available
3317,12.906052,77.685782,Recycling,Low,Available
3318,12.990453,77.641132,Recycling,High,Full
3319,12.938499,77.644027,Bin,Medium,Available
3320,12.909164,77.500181,Bin,High,Full
3321,12.964429,77.674988,Bin,High,Available
3322,13.045085,77.728054,Bin,Medium,Full
3323,12.872409,77.689067,Recycling,Medium,Full
3324,13.083414,77.71148,Bin,Medium,Available
3325,13.057863,77.747364,Bin,Medium,Available
3326,13.038264,77.704284,Recycling,High,Available
3327,13.036489,77.670741,Bin,High,Available
3328,12.949589,77.479214,Bin,Medium,Available
3329,12.905309,77.634588,Bin,High,Available
3330,12.993466,77.501584,Bin,Medium,Available
3331,13.04254,77.528042,Bin,Low,Full
3332,13.088031,77.647143,Bin,High,Available
3333,13.024957,77.785494,Bin,Medium,Available
3334,13.017473,77.706526,Bin,Medium,Available
3335,12.976441,77.609505,Recycling,Medium,Available
3336,12.933504,77.741041,Bin,Medium,Available
3337,12.98716,77.671913,Bin,High,Full
3338,13.092746,77.6836,Recycling,High,Available
3339,12.956859,77.533437,Bin,Low,Available
3340,13.02996,77.598937,Bin,High,Available
3341,13.093825,77.674705,Bin,Medium,Available
3342,12.903231,77.593216,Recycling,Low,Available
3343,12.897098,77.700992,Bin,Medium,Available
3344,12.951249,77.48612,Bin,Low,Available
3345,12.99165,77.703389,Bin,Medium,Available
3346,12.980964,77.630076,Bin,High,Available
3347,13.037697,77.500353,Bin,Low,Available
3348,12.94546,77.496375,Recycling,Medium,Available
3349,12.857682,77.638059,Recycling,Medium,Full
3350,12.884113,77.648907,Recycling,Medium,Available
3351,12.995722,77.664108,Recycling,High,Available
3352,13.015861,77.525534,Bin,High,Full
3353,12.869737,77.637438,Bin,Low,Available
3354,13.001522,77.45342,Recycling,High,Full
3355,12.895161,77.658093,Bin,Medium,Available
3356,13.045596,77.458068,Recycling,High,Available
3357,13.040097,77.586171,Recycling,Medium,Full
3358,12.894306,77.552322,Bin,Medium,Available
3359,12.973106,77.749724,Bin,Medium,Available
3360,12.952169,77.630508,Recycling,Low,Available
3361,12.944914,77.576139,Bin,High,Available
3362,12.975475,77.668367,Bin,High,Available
3363,12.961695,77.733424,Bin,High,Available
3364,13.002294,77.756271,Recycling,Medium,Available
3365,12.95833,77.641582,Bin,Low,Available
3366,12.864918,77.50929,Recycling,Low,Available
3367,12.99601,77.658407,Recycling,Medium,Available
3368,13.031328,77.624519,Bin,High,Available
3369,12.946281,77.451242,Bin,Low,Available
3370,13.051058,77.642472,Bin,High,Available
3371,13.033258,77.66359,Bin,High,Available
3372,13.097397,77.452559,Bin,Low,Available
3373,13.033092,77.692699,Recycling,Low,Available
3374,13.014778,77.603919,Bin,Medium,Available
3375,13.045261,77.702237,Bin,Low,Available
3376,12.948294,77.547975,Bin,High,Available
3377,12.991368,77.529083,Recycling,Low,Available
3378,13.091668,77.704482,Recycling,Medium,Available
3379,12.900955,77.563597,Bin,Medium,Available
3380,13.053796,77.57571,Bin,High,Available
3381,13.030314,77.714291,Bin,Medium,Available
3382,13.042977,77.667869,Bin,High,Available
3383,13.038405,77.752881,Recycling,High,Available
3384,13.095452,77.582858,Bin,Low,Full
3385,13.025996,77.713682,Bin,High,Available
3386,13.017943,77.552168,Bin,Low,Available
3387,12.910956,77.572184,Bin,Low,Available
3388,13.079975,77.635644,Bin,Medium,Available
3389,13.08047,77.512543,Bin,High,Available
3390,12.85564,77.501675,Bin,High,Available
3391,13.080886,77.79856,Bin,Low,Available
3392,12.970397,77.59216,Bin,Medium,Full
3393,12.983685,77.692804,Recycling,Low,Available
3394,12.87683,77.498873,Bin,Medium,Available
3395,13.095622,77.504847,Bin,Low,Available
3396,12.981881,77.781321,Bin,Low,Available
3397,12.886435,77.530496,Bin,Low,Available
3398,13.002365,77.59765,Bin,High,Available
3399,13.044644,77.563976,Bin,Medium,Available
3400,12.855463,77.576007,Recycling,Medium,Available
3401,12.997789,77.762281,Recycling,Low,Full
3402,12.925386,77.608927,Bin,High,Full
3403,13.082413,77.452784,Recycling,Low,Available
3404,12.978747,77.617974,Bin,Medium,Full
3405,12.910137,77.545909,Recycling,Low,Available
3406,13.020434,77.62694,Bin,Low,Full
3407,12.885006,77.590284,Bin,Medium,Available
3408,13.085305,77.708768,Bin,High,Available
3409,12.990301,77.658634,Bin,High,Available
3410,12.988711,77.702782,Recycling,High,Available
3411,13.01079,77.587983,Bin,High,Full
3412,13.073854,77.49843,Recycling,High,Available
3413,12.979662,77.722683,Bin,High,Available
3414,13.028486,77.727407,Bin,High,Available
3415,12.952913,77.487738,Bin,High,Full
3416,12.91292,77.574332,Bin,Medium,Full
3417,13.010238,77.665977,Bin,Low,Available
3418,13.000512,77.681517,Recycling,High,Available
3419,13.081796,77.796477,Bin,Low,Available
3420,13.0469,77.459704,Bin,Low,Available
3421,12.975292,77.579114,Bin,High,Available
3422,12.916331,77.678312,Bin,Medium,Available
3423,12.917805,77.728191,Bin,Low,Available
3424,13.026973,77.513924,Bin,High,Available
3425,12.931814,77.680369,Bin,Medium,Available
3426,12.9479,77.476195,Bin,Medium,Available
3427,12.861333,77.576566,Recycling,Medium,Available
3428,12.94237,77.598134,Bin,High,Available
3429,12.858228,77.662785,Recycling,High,Available
3430,12.96702,77.675737,Bin,Medium,Full
3431,13.036577,77.623907,Bin,Medium,Available
3432,12.964445,77.455707,Bin,Medium,Available
3433,12.919682,77.632925,Bin,Low,Full
3434,13.063668,77.477472,Recycling,Medium,Full
3435,12.9256,77.533558,Bin,High,Available
3436,13.027351,77.471492,Recycling,Low,Full
3437,12.972702,77.606832,Recycling,High,Available
3438,12.88178,77.62716,Bin,Medium,Available
3439,12.854681,77.69893,Recycling,Low,Available
3440,12.99209,77.688858,Bin,Medium,Available
3441,12.976751,77.720663,Recycling,Low,Available
3442,13.092279,77.504869,Recycling,High,Available
3443,12.92049,77.550761,Recycling,Medium,Available
3444,13.000149,77.493686,Recycling,Medium,Full
3445,13.046209,77.48924,Bin,High,Available
3446,13.093091,77.707509,Bin,High,Available
3447,12.885131,77.707072,Recycling,Medium,Available
3448,12.937829,77.570011,Bin,Low,Available
3449,13.075101,77.557479,Bin,High,Available
3450,13.082709,77.507932,Bin,Medium,Available
3451,12.970043,77.659638,Bin,Medium,Available
3452,12.958177,77.687807,Bin,Medium,Available
3453,12.952726,77.458081,Bin,High,Available
3454,12.861508,77.795371,Bin,Low,Available
3455,13.034639,77.552871,Bin,Medium,Available
3456,12.932572,77.703705,Bin,Low,Available
3457,13.010183,77.734695,Bin,Medium,Available
3458,12.927844,77.457095,Recycling,Medium,Available
3459,13.027093,77.74006,Bin,Low,Full
3460,13.029332,77.741915,Bin,Medium,Available
3461,12.869496,77.648569,Bin,Low,Available
3462,12.921198,77.489151,Bin,Low,Available
3463,13.07456,77.613493,Bin,High,Full
3464,12.856259,77.606884,Bin,Medium,Available
3465,13.092869,77.7802,Bin,Low,Full
3466,12.964657,77.522904,Recycling,Low,Available
3467,13.069812,77.506868,Bin,Low,Available
3468,12.880772,77.615058,Bin,High,Available
3469,13.054337,77.532217,Bin,Medium,Available
3470,13.028566,77.526217,Bin,Medium,Available
3471,12.908499,77.514282,Bin,Medium,Available
3472,12.908467,77.468778,Bin,High,Available
3473,13.065199,77.453354,Recycling,Medium,Full
3474,12.913155,77.615038,Bin,Medium,Available
3475,13.036605,77.797253,Bin,Medium,Available
3476,13.09914,77.643036,Recycling,Medium,Available
3477,13.085644,77.508247,Bin,Low,Available
3478,12.865511,77.478571,Bin,Medium,Available
3479,12.861204,77.785122,Recycling,Low,Available
3480,12.994644,77.533117,Bin,Medium,Available
3481,12.922807,77.732629,Bin,Medium,Available
3482,12.983377,77.561292,Bin,High,Available
3483,12.938555,77.692997,Recycling,Medium,Available
3484,13.019927,77.486717,Recycling,Medium,Available
3485,12.864252,77.583274,Recycling,Low,Available
3486,13.08279,77.588194,Bin,Medium,Available
3487,12.89215,77.456494,Bin,High,Available
3488,12.902738,77.57958,Recycling,Low,Full
3489,12.863739,77.779335,Bin,Medium,Available
3490,13.045499,77.508298,Bin,Medium,Full
3491,13.038732,77.631005,Bin,Low,Available
3492,13.04674,77.679765,Bin,High,Full
3493,13.011108,77.58013,Bin,Medium,Available
3494,12.926668,77.592454,Bin,Medium,Available
3495,13.040241,77.636014,Bin,Medium,Full
3496,13.038809,77.563136,Recycling,Low,Full
3497,12.911426,77.453183,Bin,Medium,Available
3498,13.049193,77.744851,Bin,Medium,Available
3499,12.861887,77.674425,Bin,High,Available
3500,12.899646,77.638833,Bin,Medium,Available
3501,12.96548,77.502045,Recycling,Low,Available
3502,12.969838,77.60881,Recycling,High,Available
3503,12.924044,77.754822,Bin,Medium,Available
3504,13.005464,77.716186,Recycling,Medium,Available
3505,13.011423,77.590846,Bin,High,Full
3506,12.918055,77.569727,Recycling,Medium,Available
3507,13.015924,77.796767,Recycling,High,Available
3508,13.069035,77.634026,Recycling,Medium,Available
3509,12.968994,77.544443,Recycling,High,Available
3510,13.071733,77.608558,Recycling,High,Available
3511,12.976944,77.669053,Recycling,Low,Available
3512,13.087581,77.612834,Recycling,High,Available
3513,12.986779,77.758577,Bin,Low,Available
3514,13.018495,77.747241,Bin,Low,Full
3515,12.886932,77.733378,Recycling,High,Available
3516,13.01685,77.76118,Bin,Medium,Available
3517,12.870568,77.762209,Recycling,High,Available
3518,13.037798,77.520935,Bin,Medium,Full
3519,13.057698,77.778463,Recycling,High,Available
3520,13.06149,77.662617,Bin,Low,Available
3521,12.93205,77.613722,Bin,High,Available
3522,12.962649,77.585724,Bin,Medium,Available
3523,13.092776,77.650871,Bin,Medium,Available
3524,12.983221,77.462426,Recycling,Low,Available
3525,12.869111,77.653068,Bin,Low,Available
3526,13.00569,77.489144,Bin,Medium,Available
3527,12.976518,77.479825,Bin,Medium,Available
3528,12.873843,77.598369,Recycling,High,Available
3529,13.067978,77.79042,Recycling,Medium,Available
3530,12.895411,77.690331,Recycling,Medium,Available
3531,12.973773,77.601177,Bin,Medium,Available
3532,13.037193,77.755995,Recycling,Low,Full
3533,12.935388,77.558258,Recycling,Medium,Available
3534,12.943404,77.702513,Bin,Medium,Available
3535,13.033434,77.763996,Bin,Low,Available
3536,12.958042,77.699862,Bin,Medium,Available
3537,13.017714,77.706109,Recycling,High,Available
3538,12.959915,77.794259,Bin,Low,Available
3539,13.023391,77.773659,Bin,Low,Full
3540,13.078819,77.546733,Bin,Medium,Available
3541,13.06929,77.487653,Bin,Low,Available
3542,12.878232,77.472992,Recycling,Low,Full
3543,12.942,77.684712,Bin,Low,Available
3544,12.990161,77.719055,Recycling,Medium,Available
3545,13.07266,77.667902,Recycling,High,Available
3546,12.930148,77.650157,Recycling,Medium,Available
3547,12.920664,77.514369,Bin,Medium,Available
3548,12.931537,77.664754,Bin,Low,Available
3549,12.942017,77.684967,Recycling,High,Available
3550,12.971571,77.706874,Recycling,High,Available
3551,12.898134,77.656504,Recycling,Medium,Available
3552,13.029187,77.554894,Bin,Low,Available
3553,12.99817,77.575441,Bin,Low,Available
3554,13.014926,77.48448,Bin,Low,Available
3555,12.893047,77.47353,Bin,Medium,Available
3556,12.874723,77.500657,Bin,High,Available
3557,12.952105,77.555561,Bin,High,Available
3558,13.046958,77.680425,Bin,Low,Available
3559,12.888843,77.595034,Bin,High,Available
3560,13.017883,77.502165,Bin,Low,Available
3561,13.088146,77.542439,Bin,Medium,Full
3562,12.987994,77.466372,Recycling,High,Available
3563,13.080449,77.607741,Bin,Medium,Available
3564,13.01487,77.470737,Recycling,Low,Available
3565,13.009034,77.515635,Bin,High,Available
3566,13.013644,77.626425,Recycling,Medium,Available
3567,12.940846,77.750677,Bin,Low,Full
3568,13.04915,77.469483,Recycling,Medium,Available
3569,12.909292,77.692356,Recycling,Low,Available
3570,12.92678,77.659306,Bin,Low,Available
3571,13.044774,77.625325,Bin,Medium,Available
3572,13.089996,77.718831,Bin,Medium,Available
3573,13.003246,77.613864,Recycling,High,Available
3574,13.063607,77.712881,Recycling,High,Available
3575,12.916912,77.761133,Recycling,High,Available
3576,13.006939,77.50062,Bin,Low,Available
3577,12.853042,77.670584,Bin,Low,Available
3578,12.892236,77.779593,Bin,Medium,Available
3579,13.011939,77.69856,Bin,High,Available
3580,13.09726,77.740835,Bin,Medium,Available
3581,12.864599,77.526306,Recycling,Medium,Available
3582,13.04051,77.633582,Bin,High,Available
3583,12.891287,77.784831,Bin,Medium,Available
3584,13.000821,77.581408,Bin,High,Available
3585,13.049487,77.650007,Recycling,Medium,Available
3586,12.862661,77.759104,Recycling,Medium,Available
3587,12.972398,77.788507,Recycling,High,Full
3588,13.077388,77.526048,Recycling,High,Full
3589,12.992815,77.479809,Bin,Medium,Available
3590,12.948528,77.659476,Bin,Medium,Available
3591,13.085187,77.712673,Bin,High,Available
3592,12.852433,77.579362,Bin,Medium,Available
3593,12.956365,77.503852,Recycling,Low,Available
3594,12.885789,77.565154,Bin,Low,Available
3595,12.889291,77.645652,Bin,Low,Full
3596,12.896285,77.528877,Bin,Medium,Available
3597,12.882039,77.732008,Bin,Low,Available
3598,13.052602,77.648924,Bin,Medium,Available
3599,12.979366,77.745176,Bin,Medium,Full
3600,12.994046,77.648167,Bin,Medium,Available
3601,12.949213,77.796743,Recycling,High,Available
3602,12.965515,77.514714,Bin,High,Available
3603,13.070567,77.501769,Bin,Medium,Available
3604,13.072307,77.796347,Bin,Low,Available
3605,13.020294,77.580437,Recycling,Medium,Available
3606,13.042465,77.641876,Bin,Low,Available
3607,12.986444,77.611693,Recycling,High,Available
3608,12.943825,77.701055,Bin,Low,Available
3609,12.867741,77.566122,Bin,High,Available
3610,13.075613,77.5301,Bin,Medium,Available
3611,12.861083,77.527373,Bin,Medium,Available
3612,12.97779,77.506126,Recycling,Low,Available
3613,13.044979,77.787105,Bin,Medium,Available
3614,13.019545,77.612184,Bin,High,Available
3615,13.070491,77.748224,Bin,Medium,Available
3616,13.098543,77.488909,Bin,Medium,Full
3617,13.045051,77.675347,Bin,Medium,Available
3618,13.070303,77.712367,Recycling,Medium,Available
3619,12.887493,77.565393,Bin,High,Available
3620,13.025528,77.692289,Bin,Low,Available
3621,12.930023,77.695135,Bin,High,Available
3622,12.896577,77.701708,Bin,High,Available
3623,12.889398,77.532769,Bin,High,Available
3624,13.081363,77.47052,Bin,Medium,Available
3625,12.93352,77.641381,Bin,Medium,Available
3626,13.008179,77.741902,Bin,High,Available
3627,13.080732,77.522706,Bin,Medium,Available
3628,13.001477,77.62308,Recycling,Medium,Available
3629,13.002025,77.66841,Bin,Medium,Full
3630,13.033171,77.488711,Bin,High,Available
3631,13.078761,77.556352,Recycling,High,Available
3632,12.987704,77.669595,Bin,High,Available
3633,13.06265,77.731198,Bin,Medium,Available
3634,12.97255,77.53623,Bin,Low,Available
3635,12.93398,77.541231,Recycling,High,Available
3636,13.00593,77.74371,Recycling,Medium,Full
3637,12.897899,77.780183,Bin,Medium,Available
3638,12.985027,77.663922,Recycling,High,Full
3639,12.937097,77.796943,Bin,High,Available
3640,12.976458,77.788104,Recycling,Medium,Available
3641,12.894107,77.70258,Bin,Low,Available
3642,12.877111,77.703525,Bin,Medium,Available
3643,12.987626,77.697267,Bin,Medium,Available
3644,12.949454,77.751668,Bin,Low,Available
3645,12.939941,77.74645,Bin,High,Available
3646,12.946391,77.570131,Recycling,High,Available
3647,13.056209,77.694893,Recycling,High,Available
3648,13.02832,77.637425,Bin,Low,Full
3649,13.081515,77.729598,Recycling,High,Available
3650,12.921959,77.460718,Bin,Low,Available
3651,13.061883,77.751688,Bin,High,Available
3652,13.072259,77.608923,Bin,High,Available
3653,12.975851,77.565101,Bin,High,Available
3654,13.074962,77.451374,Bin,Low,Available
3655,12.862653,77.64372,Bin,Low,Available
3656,12.904354,77.528286,Bin,Medium,Available
3657,12.854401,77.534654,Bin,Medium,Full
3658,13.046927,77.669062,Bin,High,Available
3659,12.998708,77.724562,Recycling,Medium,Available
3660,13.036446,77.522379,Recycling,High,Available
3661,12.968229,77.517368,Bin,High,Full
3662,13.01271,77.500456,Recycling,High,Available
3663,12.998706,77.72203,Recycling,High,Available
3664,12.995181,77.692176,Recycling,High,Full
3665,12.97802,77.740766,Bin,Medium,Available
3666,13.054559,77.795035,Bin,Low,Available
3667,13.005058,77.785895,Bin,Low,Available
3668,12.871367,77.541627,Bin,Low,Available
3669,13.088476,77.547497,Bin,High,Available
3670,13.004509,77.696947,Recycling,High,Available
3671,13.072502,77.637389,Bin,High,Available
3672,13.076534,77.464059,Bin,High,Available
3673,13.085384,77.783866,Recycling,Medium,Available
3674,13.067404,77.721564,Bin,High,Available
3675,13.09387,77.470086,Bin,Medium,Available
3676,13.045684,77.506215,Recycling,Medium,Available
3677,12.918686,77.652777,Bin,Low,Available
3678,12.896625,77.53243,Recycling,Low,Available
3679,12.855766,77.571383,Bin,Low,Full
3680,13.077375,77.486747,Recycling,Low,Available
3681,12.851267,77.592983,Bin,Medium,Available
3682,13.029152,77.572557,Recycling,High,Available
3683,12.926526,77.612164,Bin,Medium,Available
3684,13.016815,77.67578,Bin,Low,Available
3685,12.939057,77.621863,Recycling,Medium,Available
3686,12.959709,77.737227,Recycling,Medium,Available
3687,12.966272,77.647296,Recycling,Medium,Available
3688,12.972864,77.574071,Recycling,Medium,Full
3689,12.96428,77.4738,Bin,Low,Available
3690,12.938435,77.708819,Bin,Low,Available
3691,12.952859,77.772642,Bin,High,Available
3692,13.040243,77.702334,Recycling,Low,Available
3693,13.019789,77.483307,Bin,High,Available
3694,13.096351,77.469894,Recycling,Medium,Available
3695,13.092712,77.495378,Recycling,Medium,Available
3696,13.075417,77.600253,Recycling,Medium,Full
3697,13.009157,77.499366,Bin,Low,Available
3698,12.892574,77.457706,Bin,Medium,Available
3699,12.975374,77.53669,Bin,High,Available
3700,13.070293,77.675408,Recycling,Low,Available
3701,13.066344,77.737849,Bin,Medium,Available
3702,13.013028,77.751123,Bin,Medium,Available
3703,12.947399,77.455288,Recycling,Medium,Available
3704,12.864976,77.52961,Bin,Medium,Available
3705,12.946639,77.521629,Bin,Low,Available
3706,12.961201,77.704163,Bin,Low,Available
3707,13.038836,77.702444,Bin,Low,Available
3708,12.922039,77.453228,Bin,Medium,Available
3709,12.876069,77.763753,Bin,High,Available
3710,13.019286,77.521642,Bin,Low,Available
3711,13.082883,77.644213,Recycling,Medium,Available
3712,12.950164,77.697114,Bin,High,Available
3713,13.027049,77.565615,Bin,Medium,Available
3714,12.884253,77.520664,Bin,Medium,Available
3715,12.887136,77.451531,Recycling,High,Available
3716,13.098763,77.685779,Bin,Low,Full
3717,13.007513,77.745114,Recycling,Medium,Available
3718,12.89707,77.4733,Bin,Medium,Available
3719,12.891683,77.606038,Bin,Medium,Available
3720,13.01112,77.778016,Bin,Low,Full
3721,12.976599,77.718242,Bin,High,Full
3722,13.008871,77.487058,Recycling,High,Available
3723,12.859182,77.729637,Bin,Low,Available
3724,12.916245,77.681472,Bin,Low,Available
3725,13.080989,77.506388,Bin,Medium,Available
3726,12.92175,77.573946,Bin,High,Available
3727,12.975176,77.5843,Bin,Medium,Available
3728,12.965987,77.546594,Bin,Medium,Available
3729,12.888207,77.461457,Bin,High,Available
3730,12.998967,77.775237,Bin,High,Available
3731,12.910076,77.673317,Bin,Medium,Available
3732,13.00448,77.546511,Bin,High,Full
3733,13.0927,77.700785,Bin,Medium,Available
3734,12.897309,77.551314,Recycling,Low,Full
3735,12.980696,77.700449,Bin,Low,Full
3736,12.916537,77.553783,Bin,Low,Available
3737,13.010582,77.609379,Bin,Low,Available
3738,13.046024,77.457556,Bin,Low,Available
3739,13.034317,77.765696,Bin,Medium,Available
3740,12.942809,77.632785,Bin,High,Available
3741,13.05724,77.545123,Recycling,High,Full
3742,13.044473,77.734329,Bin,Low,Available
3743,13.028188,77.794885,Bin,Low,Available
3744,13.094844,77.512025,Bin,Medium,Available
3745,12.855555,77.567944,Recycling,Low,Available
3746,13.04055,77.783614,Recycling,Medium,Full
3747,12.858855,77.711071,Bin,Low,Available
3748,12.882388,77.755059,Bin,Medium,Available
3749,12.901541,77.797185,Recycling,High,Available
3750,12.891141,77.626074,Bin,Low,Available
3751,12.940444,77.515228,Bin,Medium,Available
3752,12.970473,77.633958,Bin,High,Full
3753,13.020857,77.456171,Bin,Medium,Full
3754,13.099017,77.750164,Bin,High,Available
3755,13.050222,77.592517,Bin,Medium,Available
3756,12.939267,77.750166,Bin,Low,Available
3757,12.950769,77.798945,Bin,Low,Full
3758,13.070513,77.461284,Recycling,Medium,Available
3759,12.973626,77.796983,Bin,Low,Available
3760,12.962444,77.772479,Bin,Low,Available
3761,12.954123,77.787922,Bin,Medium,Available
3762,13.04251,77.672268,Bin,High,Available
3763,13.035468,77.798795,Recycling,High,Full
3764,12.887783,77.624205,Bin,Medium,Available
3765,13.040605,77.702309,Recycling,Low,Available
3766,12.987851,77.559546,Bin,High,Available
3767,13.056233,77.640871,Bin,Medium,Available
3768,13.093234,77.451972,Recycling,High,Full
3769,12.969147,77.787333,Bin,Low,Available
3770,13.086324,77.454818,Bin,Low,Available
3771,12.872023,77.750835,Bin,High,Available
3772,13.092757,77.628457,Bin,Medium,Available
3773,13.06149,77.675584,Recycling,High,Available
3774,13.012541,77.519877,Bin,Medium,Full
3775,12.857635,77.481935,Bin,Medium,Available
3776,13.061014,77.707943,Recycling,Medium,Available
3777,12.864538,77.748246,Recycling,Medium,Available
3778,12.944976,77.78534,Bin,High,Available
3779,12.859764,77.7099,Bin,High,Available
3780,12.983697,77.722081,Bin,Low,Available
3781,12.997285,77.454455,Recycling,Medium,Full
3782,13.070684,77.605738,Bin,Medium,Available
3783,13.073787,77.72585,Bin,Medium,Full
3784,12.998888,77.725055,Recycling,Medium,Available
3785,13.031019,77.624994,Bin,High,Available
3786,12.917879,77.501378,Bin,Medium,Available
3787,12.992091,77.468713,Bin,Medium,Available
3788,12.955633,77.549479,Recycling,Low,Available
3789,13.081161,77.638534,Recycling,Low,Available
3790,12.964256,77.452842,Bin,Medium,Available
3791,13.084582,77.480027,Bin,Medium,Available
3792,13.043702,77.605188,Bin,High,Full
3793,12.978476,77.653388,Bin,Low,Available
3794,12.957685,77.774851,Bin,Low,Available
3795,12.946004,77.668141,Bin,Medium,Available
3796,12.910459,77.477616,Bin,Low,Available
3797,12.934085,77.720527,Recycling,Medium,Full
3798,12.920517,77.759769,Bin,Medium,Available
3799,12.874524,77.791422,Bin,Medium,Available
3800,12.86867,77.503291,Bin,Low,Full
3801,12.934861,77.493292,Bin,High,Available
3802,12.919893,77.790146,Bin,Medium,Available
3803,13.083088,77.793532,Recycling,Medium,Available
3804,12.910576,77.761765,Recycling,Medium,Available
3805,12.891388,77.602228,Bin,Medium,Available
3806,12.85025,77.731503,Recycling,High,Available
3807,12.987198,77.54425,Recycling,Medium,Available
3808,13.020602,77.745838,Bin,Low,Available
3809,13.073786,77.689869,Bin,Medium,Available
3810,13.035309,77.66247,Bin,High,Available
3811,13.047623,77.525008,Bin,High,Available
3812,12.978079,77.618597,Recycling,Low,Available
3813,13.081533,77.650098,Bin,Low,Full
3814,12.898902,77.663666,Bin,High,Available
3815,12.999238,77.453759,Recycling,Medium,Full
3816,12.973885,77.692979,Bin,High,Available
3817,12.93784,77.49153,Bin,Low,Available
3818,13.072992,77.578891,Recycling,Low,Available
3819,12.970473,77.792285,Recycling,Medium,Available
3820,12.89826,77.646818,Bin,Medium,Available
3821,13.029727,77.621532,Recycling,Medium,Available
3822,13.033842,77.74163,Recycling,Medium,Available
3823,13.038011,77.504512,Bin,Low,Available
3824,12.968377,77.799264,Bin,High,Available
3825,12.90112,77.470478,Bin,High,Full
3826,12.939653,77.763728,Bin,Medium,Available
3827,12.863245,77.477436,Bin,Medium,Available
3828,12.893189,77.662049,Bin,High,Available
3829,13.043854,77.633692,Bin,High,Available
3830,12.92244,77.514382,Bin,Medium,Available
3831,12.9539,77.48506,Recycling,Medium,Available
3832,12.997206,77.517477,Bin,Medium,Available
3833,12.911073,77.762379,Bin,Medium,Available
3834,13.087887,77.489269,Recycling,Medium,Available
3835,12.924287,77.618826,Bin,Low,Available
3836,13.021168,77.607059,Recycling,High,Available
3837,13.093231,77.476455,Bin,Medium,Available
3838,13.0073,77.616756,Bin,Low,Full
3839,13.066978,77.685864,Bin,Medium,Available
3840,12.957063,77.693563,Bin,Low,Full
3841,13.061204,77.541191,Bin,High,Available
3842,12.975757,77.609685,Bin,High,Available
3843,12.865916,77.473043,Bin,Medium,Available
3844,12.900931,77.676264,Bin,Low,Available
3845,13.021217,77.613315,Bin,Medium,Full
3846,12.95671,77.587107,Bin,Low,Available
3847,12.932174,77.492498,Bin,Low,Available
3848,12.876434,77.458502,Recycling,High,Available
3849,12.984825,77.547285,Bin,Medium,Available
3850,13.025098,77.494272,Bin,High,Available
3851,12.974632,77.613726,Bin,Medium,Available
3852,12.974923,77.63498,Bin,High,Available
3853,12.953385,77.580794,Bin,Medium,Full
3854,13.02409,77.76453,Recycling,High,Available
3855,13.090888,77.505359,Bin,Medium,Full
3856,12.954401,77.524215,Bin,Medium,Available
3857,13.028692,77.79129,Recycling,Low,Available
3858,12.942885,77.588093,Bin,High,Available
3859,13.069955,77.774429,Bin,High,Available
3860,12.980098,77.586335,Bin,Medium,Available
3861,12.873245,77.667393,Bin,Low,Available
3862,12.994612,77.599299,Bin,High,Available
3863,12.878928,77.628826,Bin,Low,Available
3864,13.052082,77.712153,Bin,High,Available
3865,13.086627,77.475112,Bin,Medium,Available
3866,13.042845,77.669413,Bin,Medium,Available
3867,12.899007,77.798512,Recycling,Low,Available
3868,12.929126,77.721424,Recycling,Medium,Available
3869,12.974602,77.588802,Recycling,Medium,Available
3870,13.018109,77.541432,Bin,High,Available
3871,13.056659,77.544889,Bin,High,Available
3872,12.890119,77.62881,Bin,Low,Full
3873,13.097681,77.649004,Recycling,High,Available
3874,12.861039,77.505172,Bin,Low,Available
3875,12.948089,77.53436,Bin,Medium,Available
3876,13.049009,77.452818,Recycling,High,Available
3877,13.033411,77.776747,Bin,High,Available
3878,13.031643,77.576382,Bin,Medium,Available
3879,13.026246,77.478834,Bin,Medium,Available
3880,12.893157,77.498625,Bin,Medium,Available
3881,13.086615,77.717835,Recycling,Low,Available
3882,12.982431,77.793864,Recycling,Medium,Full
3883,12.888774,77.455326,Bin,Low,Available
3884,13.03617,77.544687,Bin,High,Available
3885,12.904286,77.487297,Bin,Low,Available
3886,12.958001,77.562303,Recycling,High,Available
3887,12.982659,77.485855,Recycling,Medium,Available
3888,13.060617,77.568376,Bin,High,Full
3889,12.934743,77.57418,Bin,High,Available
3890,12.998336,77.783487,Bin,High,Full
3891,12.917288,77.713971,Bin,High,Available
3892,12.911801,77.700554,Recycling,Medium,Available
3893,12.872991,77.651384,Recycling,High,Available
3894,12.984155,77.547835,Bin,Medium,Available
3895,12.980482,77.783482,Bin,Medium,Available
3896,13.099122,77.720496,Recycling,Medium,Available
3897,12.980521,77.517933,Bin,High,Available
3898,12.87158,77.708377,Bin,Medium,Available
3899,12.930478,77.735301,Bin,High,Available
3900,13.067144,77.457056,Bin,Low,Available
3901,13.07249,77.613639,Recycling,Medium,Available
3902,13.07389,77.599036,Recycling,Low,Full
3903,12.993645,77.715763,Bin,Medium,Full
3904,13.06926,77.466385,Bin,Medium,Available
3905,13.0325,77.514579,Bin,Medium,Available
3906,13.034643,77.786423,Bin,High,Available
3907,12.953619,77.461502,Bin,Medium,Available
3908,13.074896,77.709635,Recycling,Medium,Available
3909,12.931914,77.561943,Bin,Medium,Available
3910,12.946356,77.502181,Bin,Low,Available
3911,13.046361,77.489374,Recycling,Medium,Available
3912,13.053183,77.652871,Bin,High,Available
3913,12.900455,77.713216,Recycling,Low,Available
3914,13.06452,77.559794,Bin,Medium,Full
3915,12.860887,77.718031,Bin,Medium,Available
3916,13.091456,77.530222,Bin,High,Available
3917,12.959497,77.650641,Recycling,High,Full
3918,12.956711,77.552694,Bin,Medium,Available
3919,12.954996,77.503549,Bin,Medium,Available
3920,12.973332,77.507833,Bin,High,Available
3921,13.024133,77.627525,Bin,High,Available
3922,12.981223,77.523112,Bin,Medium,Available
3923,13.026725,77.710663,Recycling,Medium,Available
3924,12.994236,77.597547,Bin,High,Available
3925,13.076443,77.468709,Bin,Low,Available
3926,12.882806,77.758822,Recycling,Medium,Available
3927,13.083239,77.740761,Bin,High,Available
3928,12.996986,77.565842,Bin,Low,Available
3929,13.023957,77.783626,Recycling,Medium,Available
3930,12.89643,77.693358,Bin,Low,Available
3931,12.927578,77.467446,Recycling,Medium,Available
3932,12.868697,77.538116,Bin,High,Available
3933,13.051174,77.510846,Bin,Medium,Available
3934,13.000282,77.773688,Bin,Medium,Full
3935,12.869473,77.469561,Bin,Medium,Available
3936,12.89756,77.610581,Bin,Low,Available
3937,13.00339,77.781008,Bin,High,Available
3938,12.918064,77.608994,Recycling,Medium,Available
3939,13.097193,77.475209,Bin,Low,Available
3940,12.882761,77.754733,Bin,Medium,Available
3941,13.082885,77.684318,Recycling,High,Available
3942,12.90858,77.517805,Bin,High,Available
3943,12.86284,77.66285,Bin,Medium,Available
3944,13.051486,77.636769,Bin,High,Full
3945,12.865009,77.586973,Bin,Low,Full
3946,12.921037,77.724053,Bin,Medium,Available
3947,12.905176,77.466572,Bin,Medium,Available
3948,12.941598,77.714118,Bin,High,Full
3949,12.90996,77.75182,Bin,High,Available
3950,12.955987,77.529826,Bin,Medium,Full
3951,13.03451,77.564571,Recycling,High,Available
3952,12.853577,77.491357,Recycling,High,Available
3953,12.921299,77.727503,Recycling,High,Available
3954,12.910668,77.634012,Bin,High,Available
3955,13.058424,77.583563,Recycling,Medium,Available
3956,13.003872,77.474601,Recycling,Medium,Available
3957,13.059848,77.753017,Bin,High,Available
3958,12.878306,77.658876,Bin,Medium,Available
3959,12.951181,77.737926,Bin,High,Available
3960,12.918417,77.542521,Bin,High,Available
3961,12.907545,77.766721,Bin,Low,Available
3962,13.065655,77.762815,Bin,Medium,Available
3963,13.042752,77.734871,Bin,High,Available
3964,12.889168,77.698056,Bin,High,Available
3965,13.060923,77.552653,Bin,Low,Available
3966,13.029318,77.579063,Bin,Medium,Available
3967,12.930887,77.538364,Bin,High,Available
3968,12.850901,77.723588,Bin,Low,Full
3969,13.002016,77.625273,Bin,High,Available
3970,12.921442,77.492844,Recycling,Medium,Available
3971,12.904618,77.677909,Recycling,Medium,Available
3972,12.937198,77.715348,Bin,Medium,Full
3973,13.095311,77.548613,Bin,Low,Full
3974,12.992143,77.584785,Bin,High,Available
3975,12.920732,77.572575,Bin,Medium,Full
3976,13.064173,77.611133,Recycling,Medium,Available
3977,13.095854,77.556361,Bin,High,Available
3978,13.040133,77.777534,Bin,Low,Available
3979,12.877892,77.595666,Recycling,Medium,Available
3980,12.989197,77.653592,Recycling,Medium,Available
3981,12.991483,77.555185,Bin,Medium,Available
3982,12.907703,77.772117,Bin,High,Available
3983,12.935653,77.457983,Bin,High,Available
3984,12.959037,77.491148,Bin,High,Available
3985,13.034189,77.572186,Recycling,High,Available
3986,12.956616,77.771539,Bin,High,Available
3987,12.905923,77.703246,Bin,Medium,Available
3988,12.902071,77.727879,Recycling,High,Available
3989,12.951501,77.732941,Bin,Medium,Full
3990,12.984006,77.630229,Bin,Low,Available
3991,13.078311,77.592935,Bin,High,Available
3992,13.002375,77.553787,Recycling,Low,Available
3993,12.897901,77.543708,Bin,Medium,Available
3994,13.019165,77.481896,Bin,Medium,Full
3995,13.064892,77.789064,Bin,Medium,Available
3996,13.005705,77.501492,Bin,Medium,Available
3997,12.9809,77.494939,Bin,Low,Full
3998,12.879632,77.540484,Recycling,Medium,Available
3999,12.946058,77.490554,Bin,Low,Available
4000,13.051659,77.655089,Bin,Low,Available
4001,13.061311,77.48075,Recycling,Medium,Available
4002,12.929502,77.568595,Recycling,High,Available
4003,13.093218,77.479572,Bin,Medium,Available
4004,13.090222,77.591731,Bin,Medium,Available
4005,12.958237,77.620964,Bin,Medium,Available
4006,13.028136,77.675983,Bin,Low,Available
4007,12.894738,77.680025,Recycling,Medium,Available
4008,12.952482,77.559403,Recycling,High,Available
4009,12.92255,77.719543,Bin,High,Available
4010,12.881226,77.791902,Recycling,High,Available
4011,12.911519,77.653703,Bin,Low,Available
4012,13.015972,77.47482,Bin,Low,Available
4013,13.010173,77.471935,Recycling,Low,Available
4014,13.044092,77.725764,Bin,High,Full
4015,12.990348,77.618729,Bin,Medium,Available
4016,13.043202,77.591359,Bin,Low,Available
4017,12.884928,77.465934,Bin,High,Available
4018,12.993739,77.688218,Bin,Medium,Available
4019,13.028027,77.506574,Bin,Medium,Full
4020,13.002352,77.724023,Bin,Medium,Available
4021,13.056026,77.528656,Bin,Low,Available
4022,13.071266,77.570822,Bin,High,Available
4023,12.983862,77.75128,Bin,Medium,Available
4024,12.894658,77.591532,Bin,High,Full
4025,13.062799,77.56046,Recycling,Medium,Available
4026,13.025419,77.455783,Bin,High,Available
4027,12.941049,77.625233,Recycling,Medium,Available
4028,12.880082,77.552811,Recycling,Medium,Available
4029,12.97465,77.759436,Bin,Medium,Available
4030,12.857272,77.775841,Recycling,High,Full
4031,13.05381,77.689609,Recycling,Medium,Available
4032,12.947805,77.789953,Bin,High,Available
4033,12.933546,77.572834,Bin,Low,Available
4034,13.059454,77.472191,Bin,Low,Available
4035,13.005076,77.675744,Bin,Low,Available
4036,13.052779,77.498511,Bin,Low,Available
4037,13.033581,77.638334,Bin,Medium,Full
4038,13.06217,77.757981,Bin,Medium,Available
4039,12.869428,77.590374,Bin,Low,Available
4040,12.887775,77.578495,Bin,Medium,Available
4041,12.918137,77.590257,Bin,Medium,Available
4042,12.98076,77.628152,Bin,High,Available
4043,12.933067,77.781568,Recycling,High,Available
4044,12.944556,77.548301,Bin,High,Available
4045,13.070404,77.565186,Bin,High,Available
4046,13.095353,77.721167,Bin,Medium,Full
4047,12.987912,77.539389,Bin,Medium,Available
4048,13.035941,77.488274,Bin,High,Available
4049,13.060504,77.569658,Recycling,Low,Available
4050,13.068107,77.713271,Bin,High,Available
4051,13.087766,77.62676,Bin,Medium,Available
4052,12.983425,77.608394,Bin,Low,Available
4053,13.066859,77.659604,Recycling,High,Available
4054,13.095652,77.559117,Bin,Medium,Available
4055,13.07384,77.645979,Bin,High,Available
4056,12.890533,77.651887,Recycling,High,Available
4057,12.944271,77.480443,Bin,High,Available
4058,12.908862,77.775983,Recycling,Medium,Available
4059,12.886227,77.486127,Bin,Low,Available
4060,13.098241,77.578222,Bin,High,Full
4061,13.073523,77.470157,Bin,High,Available
4062,12.883305,77.625723,Recycling,Low,Full
4063,12.863243,77.723768,Bin,Medium,Available
4064,13.045591,77.776865,Bin,Medium,Available
4065,12.981302,77.761646,Bin,Low,Available
4066,12.894573,77.767753,Bin,Medium,Available
4067,12.962722,77.645529,Bin,Medium,Available
4068,13.022422,77.617659,Bin,Medium,Available
4069,13.081272,77.46889,Recycling,Medium,Available
4070,12.925651,77.788344,Bin,Medium,Full
4071,13.070274,77.637715,Recycling,High,Available
4072,12.951399,77.567073,Bin,High,Available
4073,12.859523,77.757107,Bin,High,Full
4074,13.085133,77.733895,Bin,Medium,Available
4075,12.914919,77.663833,Bin,High,Full
4076,12.945192,77.630398,Bin,High,Available
4077,12.919528,77.606394,Bin,High,Available
4078,12.872394,77.758217,Recycling,High,Available
4079,13.014936,77.647177,Bin,Medium,Available
4080,12.931247,77.776302,Bin,High,Available
4081,12.928641,77.669943,Recycling,Medium,Full
4082,12.86006,77.772768,Bin,High,Available
4083,13.058189,77.685083,Bin,High,Available
4084,12.911035,77.734963,Bin,Low,Available
4085,13.057619,77.501619,Bin,High,Full
4086,13.083891,77.724624,Bin,Medium,Available
4087,13.027434,77.797458,Recycling,Low,Available
4088,13.003662,77.691386,Recycling,Medium,Available
4089,13.08555,77.693833,Bin,Medium,Full
4090,13.071871,77.591801,Bin,Low,Available
4091,13.007281,77.654468,Bin,High,Available
4092,12.876271,77.575819,Bin,Low,Available
4093,13.053834,77.713419,Recycling,Medium,Available
4094,12.917945,77.797553,Bin,Low,Available
4095,13.093833,77.795901,Recycling,Medium,Available
4096,13.092655,77.693468,Recycling,Medium,Available
4097,13.063681,77.502449,Recycling,Medium,Full
4098,12.934198,77.700586,Bin,Medium,Available
4099,13.091779,77.692237,Bin,High,Available
4100,12.942901,77.485743,Recycling,Low,Available
4101,13.080066,77.731934,Bin,High,Full
4102,12.869628,77.738825,Bin,Medium,Available
4103,13.024451,77.461934,Recycling,Low,Available
4104,12.887741,77.738251,Bin,Medium,Available
4105,13.043125,77.618401,Recycling,Low,Available
4106,12.987884,77.781481,Bin,Low,Available
4107,13.010288,77.589648,Recycling,Low,Available
4108,12.925007,77.669356,Bin,Low,Full
4109,12.935261,77.699609,Bin,Low,Available
4110,13.05456,77.588625,Bin,Low,Available
4111,12.927257,77.745428,Bin,Low,Available
4112,12.897763,77.6279,Bin,High,Available
4113,13.026742,77.652465,Recycling,High,Full
4114,13.039996,77.58526,Recycling,High,Available
4115,12.984479,77.526299,Bin,Medium,Available
4116,12.987741,77.786037,Bin,High,Available
4117,12.959525,77.614645,Bin,Medium,Available
4118,12.995047,77.672752,Bin,Medium,Available
4119,12.883215,77.538561,Bin,Low,Available
4120,12.854882,77.535894,Bin,Low,Available
4121,13.078277,77.72695,Bin,High,Available
4122,12.868129,77.79792,Recycling,Medium,Available
4123,13.017807,77.518069,Bin,Medium,Full
4124,12.852498,77.723877,Bin,Medium,Available
4125,13.02169,77.470468,Bin,Medium,Available
4126,12.883774,77.682277,Bin,Low,Available
4127,13.078173,77.455456,Bin,Low,Available
4128,12.887664,77.598017,Recycling,Low,Available
4129,12.952789,77.532016,Bin,High,Available
4130,13.06163,77.568495,Recycling,Low,Available
4131,13.087096,77.45481,Bin,Medium,Available
4132,12.894022,77.790264,Bin,Low,Available
4133,13.045816,77.477897,Bin,Medium,Available
4134,13.021722,77.58773,Recycling,High,Available
4135,13.025757,77.774964,Bin,Medium,Available
4136,12.983783,77.646883,Recycling,High,Available
4137,12.866308,77.477283,Recycling,Low,Available
4138,12.931167,77.610062,Bin,High,Available
4139,13.086141,77.651109,Bin,Low,Full
4140,13.031391,77.467248,Recycling,Medium,Available
4141,12.888515,77.743966,Bin,Low,Available
4142,12.890226,77.627865,Bin,Medium,Full
4143,12.927632,77.576161,Bin,Medium,Available
4144,12.89758,77.755111,Recycling,High,Available
4145,12.85541,77.657904,Recycling,Medium,Available
4146,12.87263,77.694859,Recycling,Low,Available
4147,12.952071,77.653952,Recycling,High,Available
4148,12.87772,77.688904,Recycling,High,Full
4149,12.925543,77.712776,Recycling,Medium,Available
4150,13.088458,77.607787,Bin,Low,Available
4151,12.959427,77.483069,Recycling,High,Available
4152,12.900565,77.691421,Bin,Medium,Available
4153,13.058812,77.586638,Bin,Medium,Available
4154,13.087251,77.779362,Bin,Low,Available
4155,13.04723,77.452108,Bin,Medium,Available
4156,12.873089,77.575957,Bin,Medium,Full
4157,12.881076,77.580454,Recycling,High,Available
4158,13.024738,77.48075,Recycling,High,Available
4159,12.974623,77.515562,Bin,Medium,Available
4160,12.856521,77.642053,Bin,Low,Available
4161,12.919055,77.699103,Bin,High,Available
4162,13.078017,77.710297,Bin,Low,Available
4163,13.089192,77.558627,Bin,Low,Available
4164,12.918911,77.56559,Bin,Medium,Available
4165,12.975936,77.73508,Recycling,High,Available
4166,13.04992,77.492088,Bin,High,Available
4167,12.988103,77.75624,Recycling,Medium,Available
4168,13.038607,77.531249,Bin,High,Available
4169,12.883768,77.560207,Bin,High,Available
4170,12.982714,77.789106,Recycling,Medium,Full
4171,12.951076,77.530647,Bin,Medium,Available
4172,13.014738,77.690127,Bin,Low,Available
4173,12.897759,77.671387,Bin,Medium,Available
4174,13.009961,77.740322,Recycling,High,Available
4175,12.898357,77.688506,Recycling,Low,Available
4176,12.887252,77.707853,Bin,Low,Full
4177,12.989418,77.565883,Bin,Low,Available
4178,12.93426,77.641781,Recycling,Medium,Available
4179,12.982185,77.744044,Bin,Low,Available
4180,13.009779,77.523995,Recycling,Medium,Full
4181,12.892239,77.712981,Bin,Medium,Available
4182,12.947096,77.7456,Bin,Medium,Available
4183,13.035875,77.465074,Recycling,High,Available
4184,12.888142,77.670642,Bin,High,Available
4185,12.982788,77.705707,Bin,Medium,Available
4186,13.093155,77.749991,Recycling,High,Available
4187,13.07522,77.563833,Recycling,High,Available
4188,12.940265,77.456801,Recycling,Low,Available
4189,13.047639,77.520442,Bin,Medium,Available
4190,13.044639,77.554768,Bin,Medium,Available
4191,13.080071,77.758022,Bin,Medium,Available
4192,12.916891,77.640592,Recycling,Medium,Available
4193,12.968871,77.474162,Recycling,Medium,Available
4194,12.925111,77.766636,Bin,High,Available
4195,13.070156,77.705067,Bin,High,Available
4196,12.858075,77.496796,Bin,Medium,Available
4197,13.030061,77.680832,Recycling,Medium,Available
4198,13.078094,77.456375,Bin,High,Available
4199,12.856209,77.473093,Bin,High,Available
4200,12.976689,77.561414,Bin,Low,Available
4201,12.962278,77.519282,Bin,High,Full
4202,13.084193,77.6663,Bin,High,Available
4203,13.017437,77.722778,Recycling,High,Available
4204,13.023302,77.54161,Recycling,Low,Full
4205,12.928166,77.495557,Recycling,Low,Available
4206,12.915578,77.759652,Bin,Medium,Available
4207,12.864851,77.740526,Bin,Medium,Available
4208,12.970563,77.519531,Bin,Low,Full
4209,12.85789,77.791955,Bin,Low,Available
4210,12.869996,77.660859,Recycling,Low,Available
4211,12.948619,77.505822,Bin,High,Available
4212,13.066696,77.640486,Bin,Medium,Available
4213,13.031551,77.621074,Recycling,Low,Full
4214,13.06161,77.697897,Recycling,Medium,Available
4215,12.99015,77.5744,Bin,Low,Available
4216,12.920194,77.493011,Bin,High,Available
4217,13.037001,77.511319,Bin,Low,Available
4218,13.004359,77.662619,Bin,Medium,Full
4219,12.89355,77.456724,Bin,Low,Full
4220,13.002405,77.614639,Bin,Medium,Available
4221,13.082505,77.668975,Bin,Medium,Available
4222,12.854388,77.670681,Bin,Medium,Available
4223,13.000857,77.469779,Bin,Medium,Available
4224,13.073869,77.747625,Recycling,High,Available
4225,13.089105,77.753549,Recycling,Low,Available
4226,13.0594,77.62138,Recycling,Medium,Available
4227,13.025047,77.770364,Bin,High,Available
4228,12.928885,77.574326,Bin,Low,Available
4229,12.873885,77.517901,Recycling,Medium,Available
4230,12.89687,77.740032,Recycling,Medium,Full
4231,13.061207,77.705963,Recycling,Low,Available
4232,12.866712,77.453038,Bin,High,Available
4233,13.092538,77.659052,Bin,Medium,Available
4234,13.095993,77.746543,Bin,High,Available
4235,12.870595,77.684723,Bin,Low,Available
4236,12.871766,77.621306,Bin,High,Available
4237,12.889713,77.569586,Bin,High,Available
4238,13.060102,77.779769,Bin,Low,Available
4239,12.96931,77.661619,Bin,Medium,Available
4240,13.072729,77.478487,Bin,High,Available
4241,13.026334,77.736899,Bin,Low,Available
4242,12.935528,77.531792,Recycling,Medium,Available
4243,13.082424,77.709208,Bin,Medium,Available
4244,13.092768,77.631054,Recycling,Medium,Full
4245,12.863472,77.793732,Recycling,Medium,Available
4246,13.038064,77.765439,Bin,Medium,Full
4247,13.044645,77.587713,Recycling,Low,Available
4248,12.901691,77.550142,Bin,Medium,Available
4249,12.986194,77.566035,Bin,High,Available
4250,12.97646,77.675644,Recycling,High,Available
4251,13.05964,77.796274,Bin,High,Available
4252,12.964904,77.565992,Bin,Low,Available
4253,12.856809,77.552333,Bin,Medium,Available
4254,13.096015,77.552111,Bin,Low,Available
4255,12.862083,77.645828,Recycling,Low,Available
4256,12.854154,77.743833,Recycling,Low,Available
4257,13.088822,77.587209,Bin,Medium,Available
4258,13.094539,77.799126,Recycling,Medium,Available
4259,12.939183,77.794951,Recycling,Medium,Available
4260,12.980121,77.794375,Bin,Low,Available
4261,12.938676,77.77138,Recycling,High,Available
4262,12.989536,77.65674,Bin,High,Available
4263,13.017301,77.492564,Bin,High,Full
4264,12.984752,77.461072,Recycling,High,Available
4265,12.999595,77.600421,Bin,High,Available
4266,12.875917,77.450955,Bin,Low,Available
4267,12.85281,77.529518,Bin,Low,Available
4268,12.9922,77.483963,Bin,High,Full
4269,12.850668,77.728382,Bin,Low,Available
4270,12.930434,77.633135,Bin,High,Available
4271,12.930443,77.557934,Bin,High,Available
4272,13.093748,77.692589,Bin,Medium,Available
4273,12.954217,77.739914,Bin,Low,Available
4274,13.063605,77.59715,Bin,Low,Available
4275,12.861245,77.460217,Bin,Medium,Available
4276,13.074021,77.498787,Recycling,Medium,Available
4277,13.012898,77.663313,Bin,High,Available
4278,13.097629,77.62823,Bin,Medium,Available
4279,12.999283,77.692596,Bin,Low,Available
4280,12.870364,77.688744,Recycling,High,Available
4281,12.983105,77.648638,Recycling,Medium,Available
4282,12.959088,77.679167,Recycling,High,Available
4283,13.087886,77.470699,Recycling,High,Available
4284,13.033749,77.475442,Bin,Low,Available
4285,12.986845,77.525405,Recycling,Medium,Available
4286,13.013218,77.561949,Bin,Medium,Available
4287,12.996569,77.538739,Recycling,Low,Available
4288,12.959775,77.705952,Recycling,High,Available
4289,12.887744,77.732223,Bin,Low,Available
4290,12.922963,77.467111,Recycling,Medium,Available
4291,13.029097,77.760066,Bin,Medium,Available
4292,12.902482,77.621368,Bin,High,Available
4293,12.877047,77.735761,Recycling,Medium,Available
4294,12.850012,77.776129,Bin,Medium,Available
4295,12.990342,77.749867,Bin,High,Available
4296,12.892781,77.769747,Bin,Medium,Full
4297,12.868799,77.600007,Bin,Medium,Available
4298,13.091578,77.609109,Recycling,High,Available
4299,12.910683,77.662749,Recycling,High,Available
4300,13.071747,77.520122,Bin,High,Available
4301,12.897777,77.597192,Bin,Medium,Available
4302,13.080153,77.770285,Bin,Medium,Available
4303,13.015749,77.583804,Bin,Medium,Available
4304,12.964535,77.690252,Recycling,High,Available
4305,13.041159,77.452281,Bin,High,Available
4306,12.968516,77.675625,Recycling,Medium,Available
4307,13.095186,77.696949,Bin,Low,Available
4308,12.991361,77.729022,Bin,High,Available
4309,13.036142,77.596661,Bin,High,Available
4310,12.874203,77.632089,Bin,High,Full
4311,12.863825,77.657091,Bin,High,Full
4312,13.028113,77.632626,Bin,Medium,Available
4313,13.0313,77.67239,Recycling,Medium,Available
4314,12.885935,77.506905,Bin,High,Available
4315,13.050377,77.53175,Bin,High,Available
4316,12.902529,77.549432,Recycling,Medium,Available
4317,12.964983,77.582453,Bin,Medium,Available
4318,12.918721,77.726154,Recycling,High,Available
4319,12.925981,77.751124,Bin,Low,Full
4320,12.931612,77.595074,Bin,High,Available
4321,13.07307,77.665929,Bin,Medium,Available
4322,13.006015,77.606413,Recycling,Medium,Available
4323,12.954181,77.726242,Bin,Low,Full
4324,12.999207,77.657029,Bin,High,Available
4325,12.858461,77.733708,Bin,High,Available
4326,12.943827,77.472059,Bin,Medium,Available
4327,12.942907,77.775584,Bin,High,Full
4328,13.093586,77.764413,Bin,High,Available
4329,13.059294,77.455311,Recycling,High,Available
4330,12.870381,77.531399,Recycling,Medium,Available
4331,13.059985,77.480569,Bin,Medium,Available
4332,12.926923,77.523526,Bin,Medium,Full
4333,12.977213,77.554291,Bin,High,Full
4334,12.937289,77.551833,Bin,High,Available
4335,13.007518,77.700792,Recycling,Low,Full
4336,12.948039,77.70312,Bin,Medium,Available
4337,12.948938,77.494138,Bin,Medium,Available
4338,13.083905,77.529616,Bin,Low,Available
4339,12.926909,77.621245,Bin,Low,Available
4340,13.010272,77.569259,Bin,High,Available
4341,13.082686,77.617508,Bin,High,Full
4342,12.942678,77.59257,Bin,High,Available
4343,12.911912,77.51475,Bin,Low,Available
4344,13.014627,77.490577,Bin,Medium,Available
4345,12.866319,77.478638,Bin,High,Available
4346,12.866131,77.586874,Bin,Medium,Available
4347,12.970281,77.560079,Bin,High,Full
4348,13.086038,77.470517,Recycling,High,Full
4349,12.913229,77.709763,Bin,Medium,Available
4350,13.042227,77.752157,Bin,Medium,Available
4351,12.954227,77.57628,Bin,High,Available
4352,13.008935,77.76155,Recycling,High,Available
4353,13.054358,77.546798,Recycling,High,Available
4354,12.871258,77.653968,Recycling,High,Available
4355,13.08479,77.465169,Bin,Medium,Available
4356,12.862003,77.724719,Bin,Low,Available
4357,13.062291,77.655585,Bin,Low,Available
4358,12.987535,77.677779,Recycling,Medium,Available
4359,13.084996,77.640842,Bin,High,Full
4360,12.993024,77.554164,Recycling,Medium,Available
4361,12.989959,77.595542,Recycling,Medium,Available
4362,13.060044,77.738516,Recycling,High,Available
4363,12.878666,77.744859,Bin,Low,Available
4364,12.889811,77.712841,Recycling,Low,Available
4365,12.920324,77.727545,Bin,High,Available
4366,12.936785,77.744476,Bin,High,Available
4367,12.958121,77.669819,Bin,Medium,Full
4368,12.908817,77.702797,Bin,Medium,Available
4369,12.967616,77.793032,Bin,Medium,Available
4370,12.991263,77.665293,Bin,Low,Full
4371,13.056745,77.510959,Bin,High,Full
4372,13.087784,77.764776,Bin,High,Full
4373,12.944237,77.588083,Bin,Medium,Available
4374,12.855737,77.49943,Bin,Low,Available
4375,12.876673,77.771113,Recycling,High,Available
4376,12.87675,77.603348,Bin,High,Available
4377,12.996333,77.722788,Recycling,High,Available
4378,12.966495,77.66189,Bin,High,Available
4379,12.860034,77.771966,Bin,High,Full
4380,13.053938,77.471491,Bin,High,Full
4381,12.964517,77.604015,Bin,High,Available
4382,12.897734,77.681255,Bin,High,Available
4383,12.851438,77.626707,Bin,Low,Available
4384,12.952915,77.761615,Bin,High,Available
4385,12.887961,77.466366,Bin,Low,Available
4386,12.911283,77.67756,Bin,Low,Available
4387,13.047797,77.478418,Recycling,Medium,Full
4388,12.887035,77.797748,Bin,Medium,Available
4389,12.855914,77.778874,Bin,Low,Available
4390,12.862696,77.663289,Bin,Medium,Available
4391,12.982936,77.630706,Bin,Low,Available
4392,13.075039,77.703828,Recycling,Medium,Full
4393,13.000764,77.608594,Bin,High,Full
4394,12.908827,77.511387,Bin,High,Available
4395,12.921145,77.596984,Bin,High,Available
4396,12.997244,77.546236,Recycling,Medium,Full
4397,12.995029,77.737417,Recycling,Medium,Full
4398,12.855485,77.719049,Recycling,Medium,Available
4399,12.990556,77.716528,Recycling,Medium,Available
4400,12.928071,77.530005,Bin,Medium,Available
4401,13.020088,77.587933,Recycling,Low,Available
4402,13.012456,77.779327,Recycling,High,Full
4403,13.018763,77.551554,Recycling,High,Available
4404,13.027632,77.753691,Recycling,High,Available
4405,12.955423,77.488338,Bin,High,Available
4406,13.005138,77.683088,Recycling,Low,Available
4407,12.962084,77.577694,Recycling,High,Available
4408,13.069817,77.571679,Recycling,Low,Available
4409,12.964113,77.487625,Bin,Medium,Available
4410,12.868246,77.680841,Recycling,Medium,Available
4411,12.894542,77.655486,Recycling,Medium,Available
4412,13.03411,77.566621,Recycling,High,Available
4413,13.067528,77.526516,Bin,High,Available
4414,13.072982,77.779146,Bin,Medium,Available
4415,12.937679,77.601058,Recycling,Medium,Available
4416,13.036305,77.457167,Bin,Medium,Available
4417,13.054593,77.641663,Recycling,High,Available
4418,13.038634,77.463422,Bin,Low,Available
4419,12.908863,77.794491,Bin,Medium,Available
4420,12.930449,77.567412,Bin,Medium,Available
4421,12.998001,77.719084,Bin,High,Available
4422,13.017274,77.564643,Bin,Low,Full
4423,12.974251,77.798627,Bin,Low,Available
4424,12.859899,77.766669,Recycling,High,Available
4425,12.994959,77.798855,Bin,High,Available
4426,13.09397,77.739731,Recycling,Medium,Available
4427,12.975922,77.698889,Recycling,Low,Available
4428,12.908809,77.756219,Bin,Medium,Available
4429,12.939136,77.779196,Bin,Low,Available
4430,12.976154,77.674599,Bin,Medium,Available
4431,13.064334,77.735799,Recycling,High,Available
4432,12.949819,77.711088,Bin,Medium,Available
4433,12.963722,77.643201,Bin,Low,Available
4434,12.855001,77.790691,Bin,Medium,Available
4435,12.864918,77.615264,Bin,High,Available
4436,12.869826,77.523207,Bin,Low,Available
4437,13.096077,77.630114,Recycling,Medium,Available
4438,12.903931,77.713839,Recycling,Low,Available
4439,13.092525,77.723276,Bin,Medium,Available
4440,12.972491,77.574308,Bin,Medium,Available
4441,13.068489,77.504365,Recycling,Low,Available
4442,13.075361,77.609076,Bin,Low,Available
4443,13.040668,77.799022,Recycling,High,Available
4444,13.073859,77.476703,Recycling,Medium,Full
4445,12.868933,77.700335,Recycling,High,Available
4446,12.945643,77.645037,Bin,Low,Available
4447,12.905503,77.642085,Recycling,High,Available
4448,12.869975,77.535792,Bin,Low,Available
4449,12.996931,77.652357,Bin,Medium,Available
4450,13.056621,77.571196,Bin,Low,Available
4451,12.96684,77.504577,Bin,Low,Available
4452,12.856892,77.644161,Bin,Low,Full
4453,13.017882,77.48463,Bin,Medium,Available
4454,12.954815,77.760474,Bin,Medium,Available
4455,13.0428,77.770763,Recycling,High,Full
4456,13.024286,77.712869,Recycling,Low,Available
4457,13.034743,77.771239,Recycling,High,Full
4458,12.984345,77.452422,Bin,Medium,Available
4459,12.962811,77.590142,Recycling,Medium,Full
4460,13.075716,77.624826,Bin,High,Available
4461,12.932134,77.485892,Bin,Low,Available
4462,12.915455,77.673199,Recycling,Medium,Full
4463,13.046033,77.704757,Bin,Medium,Available
4464,13.076348,77.608159,Bin,High,Available
4465,12.852472,77.731746,Bin,Medium,Full
4466,12.985293,77.626118,Bin,Medium,Available
4467,12.962257,77.507234,Bin,Medium,Available
4468,13.013365,77.614874,Bin,Medium,Full
4469,12.88986,77.691414,Bin,High,Available
4470,13.085401,77.667338,Recycling,Low,Available
4471,13.045258,77.589102,Bin,Medium,Available
4472,13.033906,77.46501,Bin,Medium,Available
4473,13.092961,77.753939,Bin,High,Full
4474,12.914869,77.747294,Bin,Medium,Available
4475,13.028473,77.460549,Bin,Medium,Available
4476,13.043756,77.678078,Bin,Low,Available
4477,12.962617,77.509135,Bin,Medium,Available
4478,12.986727,77.717277,Bin,High,Available
4479,12.958903,77.663295,Bin,Medium,Available
4480,13.012857,77.48298,Bin,High,Full
4481,13.023341,77.690391,Bin,High,Full
4482,13.044761,77.664375,Bin,High,Available
4483,13.043892,77.493594,Bin,Low,Available
4484,12.910093,77.689393,Bin,Low,Available
4485,12.878317,77.680752,Recycling,High,Available
4486,13.052313,77.573744,Recycling,High,Available
4487,12.951784,77.568061,Recycling,Medium,Available
4488,13.000609,77.791474,Recycling,Medium,Available
4489,13.057365,77.76461,Bin,Medium,Available
4490,12.958611,77.509243,Bin,Medium,Available
4491,13.016448,77.473255,Recycling,High,Available
4492,13.070348,77.496006,Recycling,Low,Available
4493,12.930955,77.654957,Bin,Medium,Available
4494,13.065198,77.671859,Bin,Medium,Available
4495,12.94662,77.63753,Bin,Medium,Available
4496,12.968814,77.525208,Bin,Low,Available
4497,12.930176,77.786642,Bin,High,Available
4498,12.876634,77.735088,Bin,Low,Available
4499,12.984668,77.745263,Bin,Medium,Available
4500,13.094473,77.732506,Bin,High,Available
4501,13.032434,77.73705,Recycling,Low,Available
4502,13.0491,77.53833,Bin,Medium,Available
4503,12.881641,77.685145,Bin,Low,Available
4504,12.870901,77.746066,Recycling,High,Available
4505,12.980812,77.514466,Bin,Medium,Available
4506,12.873664,77.553844,Recycling,Medium,Full
4507,13.09785,77.634331,Bin,High,Available
4508,12.913012,77.724708,Bin,Low,Available
4509,13.03319,77.493775,Bin,Low,Available
4510,13.040861,77.699798,Bin,Low,Available
4511,12.905824,77.545185,Bin,Medium,Available
4512,13.037506,77.725702,Bin,Low,Full
4513,13.091409,77.520827,Recycling,High,Available
4514,12.930831,77.617496,Bin,Medium,Full
4515,13.035971,77.534456,Bin,Medium,Available
4516,12.939606,77.766942,Bin,Low,Available
4517,12.979557,77.64169,Bin,Medium,Available
4518,12.886285,77.641196,Bin,High,Available
4519,13.01848,77.586921,Bin,High,Available
4520,13.031414,77.626817,Bin,High,Available
4521,13.003904,77.726227,Recycling,Medium,Available
4522,12.871568,77.575581,Bin,High,Available
4523,13.032767,77.456653,Bin,High,Available
4524,12.857881,77.601693,Recycling,Medium,Available
4525,13.017451,77.539036,Recycling,Low,Available
4526,13.014002,77.739929,Recycling,High,Available
4527,12.880576,77.525892,Recycling,High,Full
4528,12.868997,77.637883,Bin,High,Available
4529,13.042503,77.575815,Bin,Low,Available
4530,12.93758,77.48211,Bin,Medium,Full
4531,13.059901,77.538436,Bin,Low,Full
4532,12.987369,77.513876,Recycling,Medium,Full
4533,12.915169,77.587628,Bin,High,Full
4534,12.993589,77.527621,Bin,High,Available
4535,13.045274,77.607453,Bin,Medium,Available
4536,13.062868,77.627577,Bin,Medium,Available
4537,13.084812,77.560628,Recycling,High,Available
4538,13.084192,77.66818,Recycling,Low,Available
4539,13.043069,77.545074,Recycling,High,Available
4540,12.928221,77.688562,Bin,High,Available
4541,12.999386,77.595544,Bin,Low,Available
4542,13.004518,77.747023,Bin,Low,Available
4543,13.03443,77.505198,Bin,Low,Available
4544,12.90625,77.57341,Recycling,Medium,Available
4545,13.009436,77.616977,Recycling,Low,Available
4546,13.032715,77.527525,Recycling,Medium,Available
4547,12.886464,77.540231,Bin,Medium,Available
4548,12.943501,77.674194,Bin,Low,Available
4549,12.95553,77.569594,Bin,Low,Available
4550,13.083842,77.60138,Bin,Low,Available
4551,12.997217,77.515318,Bin,Medium,Available
4552,12.930122,77.610393,Recycling,Medium,Available
4553,13.015421,77.593685,Bin,High,Available
4554,13.076249,77.512565,Bin,High,Available
4555,13.091916,77.483977,Recycling,Medium,Available
4556,13.06988,77.538179,Bin,Low,Available
4557,13.094453,77.489012,Bin,Low,Available
4558,12.879515,77.533945,Bin,Medium,Full
4559,12.977773,77.470385,Bin,High,Available
4560,12.868178,77.515733,Recycling,Medium,Available
4561,12.91237,77.566283,Recycling,Low,Full
4562,12.995133,77.493154,Bin,High,Available
4563,13.065847,77.53975,Bin,High,Full
4564,12.971456,77.673891,Bin,Low,Available
4565,12.873373,77.547893,Bin,High,Available
4566,12.956501,77.795819,Bin,Medium,Available
4567,12.863895,77.70095,Bin,Low,Available
4568,13.082222,77.689132,Bin,Medium,Available
4569,13.005222,77.593552,Bin,Medium,Available
4570,12.897667,77.736195,Bin,Medium,Available
4571,12.94907,77.691592,Recycling,Medium,Full
4572,13.088925,77.59435,Recycling,Medium,Available
4573,12.863741,77.650891,Recycling,High,Available
4574,12.889982,77.575457,Bin,Medium,Available
4575,12.941196,77.646244,Bin,Low,Available
4576,13.07296,77.453981,Bin,High,Full
4577,13.031776,77.455346,Bin,High,Available
4578,12.9917,77.532901,Bin,Low,Available
4579,12.855458,77.797771,Bin,High,Available
4580,12.985023,77.478214,Recycling,Medium,Available
4581,13.062147,77.641457,Recycling,High,Full
4582,12.869446,77.492335,Recycling,Medium,Available
4583,13.042416,77.5425,Recycling,High,Available
4584,12.918512,77.590567,Bin,Medium,Available
4585,12.963118,77.628774,Bin,High,Available
4586,12.907696,77.682095,Recycling,Medium,Available
4587,12.886734,77.569674,Recycling,High,Available
4588,13.025588,77.748905,Recycling,Medium,Available
4589,12.95391,77.475194,Bin,High,Available
4590,13.073094,77.468013,Bin,Low,Available
4591,13.075054,77.623877,Recycling,Low,Available
4592,13.01856,77.496692,Bin,Low,Available
4593,13.092723,77.739466,Recycling,High,Full
4594,12.994294,77.631388,Bin,High,Available
4595,12.864056,77.781763,Bin,High,Available
4596,12.932125,77.694237,Recycling,Low,Available
4597,13.051092,77.537274,Bin,Low,Available
4598,12.86631,77.704103,Bin,High,Available
4599,12.963308,77.673656,Recycling,Medium,Available
4600,13.066754,77.558586,Bin,Medium,Available
4601,12.857695,77.655059,Bin,High,Available
4602,12.919709,77.604169,Bin,High,Available
4603,13.03973,77.737015,Recycling,Medium,Full
4604,12.903915,77.700028,Bin,High,Available
4605,13.045985,77.775559,Recycling,High,Available
4606,12.901239,77.791006,Bin,Medium,Available
4607,12.861097,77.579198,Bin,Low,Available
4608,12.977104,77.655066,Bin,Medium,Full
4609,12.968293,77.750087,Recycling,Low,Available
4610,12.969011,77.655836,Bin,Medium,Available
4611,12.85052,77.788826,Bin,High,Available
4612,12.909522,77.532206,Recycling,Low,Available
4613,13.067422,77.685296,Bin,High,Full
4614,12.958489,77.650665,Recycling,High,Available
4615,13.061838,77.555693,Bin,Low,Available
4616,13.014218,77.628774,Bin,Medium,Available
4617,13.09684,77.748748,Bin,High,Available
4618,13.016975,77.788327,Bin,Medium,Available
4619,12.916578,77.650955,Recycling,Medium,Full
4620,13.078591,77.538817,Bin,Medium,Available
4621,12.87399,77.797794,Recycling,Medium,Available
4622,12.871893,77.623356,Recycling,High,Available
4623,12.982842,77.694084,Bin,Low,Available
4624,13.000409,77.452045,Bin,Low,Available
4625,12.985263,77.552845,Bin,High,Available
4626,12.973865,77.783489,Bin,High,Available
4627,12.854983,77.676146,Bin,Low,Available
4628,13.078832,77.52178,Bin,Medium,Available
4629,13.056144,77.715744,Bin,Low,Available
4630,13.019948,77.695961,Recycling,Medium,Available
4631,12.984798,77.502716,Bin,Medium,Full
4632,12.941635,77.793035,Bin,Low,Available
4633,12.885424,77.608527,Bin,Medium,Full
4634,13.017527,77.715925,Bin,Medium,Available
4635,13.073524,77.513452,Bin,Medium,Available
4636,13.057561,77.531009,Bin,High,Available
4637,12.950529,77.460305,Recycling,High,Available
4638,13.064135,77.630907,Bin,Low,Available
4639,12.973277,77.723734,Bin,High,Available
4640,12.956794,77.550359,Bin,High,Available
4641,13.094475,77.797658,Bin,Medium,Available
4642,12.919123,77.467537,Bin,Low,Available
4643,12.942982,77.519778,Bin,High,Available
4644,12.972937,77.72192,Recycling,High,Available
4645,13.064719,77.555359,Recycling,Low,Full
4646,13.090948,77.500922,Recycling,Low,Available
4647,12.961042,77.797759,Bin,Medium,Available
4648,13.092073,77.724173,Bin,Medium,Available
4649,13.011113,77.513259,Bin,High,Available
4650,12.991662,77.589148,Bin,Medium,Available
4651,13.073925,77.563558,Bin,High,Available
4652,13.049571,77.78382,Recycling,Medium,Available
4653,12.977169,77.5472,Bin,Low,Available
4654,12.896123,77.472112,Recycling,High,Available
4655,13.060122,77.51425,Recycling,Medium,Available
4656,12.885328,77.558142,Bin,Medium,Available
4657,12.909007,77.542984,Recycling,Low,Available
4658,13.021697,77.750775,Bin,High,Available
4659,12.899254,77.565374,Bin,Medium,Available
4660,12.909234,77.695348,Bin,Medium,Available
4661,13.021556,77.53355,Recycling,High,Available
4662,13.093744,77.682679,Bin,Low,Available
4663,12.891194,77.600322,Bin,High,Available
4664,13.055468,77.564146,Bin,High,Available
4665,12.927006,77.585171,Bin,Medium,Available
4666,13.031424,77.652926,Bin,Medium,Available
4667,12.947578,77.630594,Bin,High,Available
4668,13.086618,77.569996,Bin,Medium,Available
4669,12.944618,77.711396,Recycling,High,Available
4670,13.056842,77.721068,Bin,High,Full
4671,12.957778,77.473528,Bin,Low,Available
4672,12.99672,77.558368,Bin,High,Available
4673,13.075034,77.477944,Recycling,High,Available
4674,12.924679,77.556783,Recycling,High,Available
4675,12.998148,77.498627,Bin,High,Available
4676,13.086891,77.738489,Recycling,Low,Available
4677,12.854217,77.703646,Bin,Low,Available
4678,12.924799,77.497248,Bin,Low,Available
4679,12.942833,77.748152,Recycling,Medium,Available
4680,12.992162,77.569295,Recycling,Medium,Available
4681,13.004489,77.689044,Bin,High,Available
4682,13.070971,77.569799,Bin,Medium,Available
4683,13.053875,77.600775,Bin,Medium,Available
4684,12.947012,77.662383,Bin,Medium,Full
4685,13.022773,77.776032,Bin,Low,Available
4686,12.884147,77.634054,Bin,Medium,Available
4687,13.092832,77.757391,Bin,Medium,Available
4688,12.894204,77.640654,Bin,Low,Available
4689,13.033229,77.457343,Bin,High,Available
4690,12.936907,77.538787,Bin,Low,Available
4691,12.871664,77.552303,Bin,High,Available
4692,12.927075,77.650654,Bin,Low,Available
4693,13.049448,77.790892,Bin,Low,Available
4694,13.039803,77.643329,Recycling,Medium,Full
4695,13.071456,77.725915,Bin,Medium,Available
4696,12.975518,77.663596,Bin,Medium,Available
4697,13.005051,77.533862,Bin,Low,Full
4698,12.97199,77.528743,Bin,Medium,Available
4699,13.097396,77.636795,Bin,Medium,Available
4700,13.055069,77.557883,Recycling,Medium,Available
4701,12.868204,77.571905,Recycling,Medium,Available
4702,12.939051,77.542205,Bin,Medium,Available
4703,12.901844,77.593159,Bin,High,Available
4704,13.078326,77.599966,Bin,Low,Available
4705,13.021382,77.61365,Bin,High,Full
4706,12.957761,77.664781,Bin,Medium,Available
4707,12.964017,77.736435,Bin,Medium,Full
4708,12.904387,77.51414,Recycling,Low,Available
4709,12.944497,77.587376,Recycling,Medium,Available
4710,12.983597,77.783888,Bin,Low,Full
4711,13.089331,77.512008,Bin,Medium,Available
4712,13.013726,77.477124,Bin,Medium,Full
4713,12.956699,77.574768,Recycling,Medium,Available
4714,12.946465,77.518236,Bin,Medium,Available
4715,12.890135,77.558934,Bin,Low,Available
4716,13.086914,77.639999,Bin,Medium,Available
4717,13.034719,77.712487,Bin,High,Available
4718,13.031695,77.497841,Bin,High,Available
4719,13.091857,77.481123,Bin,Low,Available
4720,12.869677,77.511379,Bin,High,Available
4721,13.061658,77.496166,Bin,Medium,Full
4722,12.877586,77.485601,Recycling,Medium,Available
4723,12.900003,77.611025,Bin,Medium,Available
4724,13.040502,77.63052,Recycling,Low,Available
4725,13.003452,77.667454,Bin,Medium,Available
4726,13.036861,77.732837,Bin,Low,Available
4727,13.03722,77.537144,Bin,High,Available
4728,12.905788,77.523799,Bin,High,Available
4729,12.925831,77.673499,Bin,Medium,Available
4730,13.008642,77.600558,Bin,Medium,Full
4731,12.937435,77.787946,Bin,High,Available
4732,12.918393,77.649794,Bin,High,Available
4733,12.998404,77.769324,Bin,Low,Available
4734,12.949999,77.699463,Bin,Low,Available
4735,12.996313,77.535003,Bin,Medium,Available
4736,12.933039,77.652372,Bin,High,Available
4737,13.099376,77.792506,Recycling,Low,Available
4738,12.871709,77.763298,Recycling,High,Available
4739,12.980543,77.631641,Bin,Medium,Available
4740,13.083237,77.65856,Recycling,High,Available
4741,12.936867,77.673851,Bin,Low,Available
4742,13.098518,77.466979,Bin,High,Available
4743,12.992437,77.697644,Bin,Low,Full
4744,12.958075,77.682886,Bin,Low,Full
4745,13.048134,77.502184,Recycling,High,Available
4746,13.002843,77.487358,Bin,Low,Available
4747,12.988174,77.756054,Recycling,Low,Full
4748,12.993311,77.662233,Bin,High,Full
4749,13.043748,77.779263,Bin,High,Available
4750,12.890979,77.68408,Bin,Low,Available
4751,12.899962,77.589922,Bin,Low,Available
4752,13.090447,77.717485,Bin,High,Available
4753,12.963862,77.613905,Bin,Low,Available
4754,12.981974,77.63481,Recycling,Medium,Available
4755,12.994523,77.786646,Bin,High,Available
4756,13.009416,77.67908,Bin,High,Available
4757,12.990808,77.565525,Bin,Medium,Full
4758,12.964392,77.795705,Bin,Low,Available
4759,13.029028,77.467639,Bin,Low,Available
4760,13.037479,77.610585,Bin,Low,Available
4761,12.86739,77.654518,Bin,Low,Available
4762,12.9535,77.566837,Bin,Medium,Available
4763,13.049381,77.506738,Bin,Medium,Available
4764,13.031884,77.642916,Bin,Medium,Available
4765,13.093167,77.670273,Recycling,Low,Available
4766,12.903662,77.482967,Bin,High,Available
4767,13.017527,77.621402,Bin,Low,Available
4768,12.937449,77.676166,Bin,Low,Available
4769,12.986575,77.60057,Bin,Medium,Available
4770,13.072405,77.695902,Bin,Medium,Available
4771,12.928813,77.518556,Recycling,Medium,Available
4772,13.016993,77.53287,Bin,Medium,Available
4773,13.047963,77.550486,Recycling,Medium,Available
4774,12.96393,77.782014,Bin,Medium,Available
4775,12.893183,77.473102,Recycling,Low,Available
4776,13.094609,77.701041,Bin,Medium,Available
4777,13.061118,77.705262,Recycling,Low,Available
4778,12.86006,77.474129,Recycling,Low,Available
4779,13.060101,77.58298,Bin,High,Full
4780,13.029293,77.652457,Bin,Low,Available
4781,12.907757,77.750357,Bin,Medium,Available
4782,13.044858,77.674928,Recycling,High,Full
4783,13.056045,77.696969,Bin,Low,Available
4784,12.851422,77.498093,Bin,Low,Full
4785,13.051425,77.475064,Bin,High,Available
4786,13.086363,77.799142,Recycling,Medium,Available
4787,13.039603,77.554746,Recycling,Medium,Available
4788,12.91897,77.62781,Bin,High,Available
4789,13.084172,77.731701,Recycling,High,Available
4790,12.91102,77.516323,Recycling,High,Available
4791,13.003773,77.606641,Bin,Medium,Available
4792,12.874061,77.613435,Bin,Low,Available
4793,12.914415,77.460728,Bin,Low,Available
4794,13.050844,77.603822,Bin,Low,Available
4795,13.049504,77.577561,Bin,Medium,Available
4796,12.857396,77.669675,Bin,Low,Available
4797,13.028097,77.670094,Bin,Medium,Available
4798,13.025155,77.654253,Bin,Medium,Available
4799,12.942676,77.756525,Recycling,Low,Full
4800,12.960218,77.703312,Recycling,Medium,Available
4801,13.078863,77.530799,Bin,Medium,Full
4802,13.084697,77.527024,Recycling,Low,Full
4803,12.999352,77.45248,Bin,Low,Available
4804,13.041905,77.527968,Recycling,Medium,Available
4805,12.904454,77.762447,Bin,High,Full
4806,12.88141,77.483806,Recycling,High,Available
4807,12.9415,77.67842,Bin,Low,Available
4808,12.904038,77.619296,Recycling,High,Full
4809,13.051582,77.574163,Recycling,High,Full
4810,13.020799,77.523978,Bin,Low,Full
4811,12.965524,77.749245,Bin,Medium,Available
4812,12.912466,77.602694,Bin,Low,Available
4813,12.941101,77.736102,Bin,Medium,Available
4814,13.048846,77.59076,Bin,High,Available
4815,12.852779,77.719598,Bin,Low,Available
4816,12.860484,77.517356,Bin,High,Available
4817,12.996591,77.755814,Bin,High,Full
4818,12.900654,77.574767,Recycling,High,Available
4819,12.866611,77.544823,Bin,Medium,Available
4820,13.074876,77.565622,Recycling,Low,Available
4821,12.976011,77.470882,Bin,High,Available
4822,13.026494,77.555828,Bin,Medium,Available
4823,12.952367,77.666053,Recycling,High,Available
4824,13.033346,77.625663,Recycling,Medium,Available
4825,12.992477,77.622247,Bin,High,Full
4826,12.963384,77.609506,Bin,Medium,Full
4827,13.01235,77.54711,Bin,Medium,Available
4828,12.996314,77.512208,Bin,Medium,Available
4829,12.865451,77.735239,Bin,High,Available
4830,12.864234,77.618811,Bin,High,Available
4831,12.953155,77.774362,Bin,Low,Available
4832,12.974503,77.514803,Bin,High,Full
4833,12.862315,77.506316,Bin,Medium,Available
4834,13.06101,77.700835,Bin,Medium,Available
4835,12.913759,77.512255,Bin,Medium,Available
4836,12.894007,77.79656,Bin,Low,Available
4837,12.995973,77.792674,Bin,High,Available
4838,12.95896,77.625003,Bin,Medium,Full
4839,12.85732,77.603917,Bin,Medium,Available
4840,12.95687,77.619588,Bin,High,Available
4841,12.935396,77.799808,Recycling,Low,Available
4842,12.928505,77.608321,Recycling,High,Full
4843,12.917989,77.657711,Bin,Low,Available
4844,12.885749,77.683694,Bin,High,Available
4845,13.04587,77.799747,Recycling,High,Available
4846,12.955445,77.705675,Recycling,Medium,Available
4847,12.962191,77.492438,Bin,Low,Available
4848,12.854354,77.583977,Recycling,Medium,Available
4849,12.967461,77.552008,Bin,Medium,Full
4850,12.860294,77.689256,Recycling,High,Available
4851,12.982826,77.465256,Bin,Low,Available
4852,12.878468,77.629651,Bin,High,Available
4853,12.92196,77.53428,Bin,High,Available
4854,13.002469,77.464294,Recycling,Medium,Full
4855,12.996801,77.556383,Bin,Low,Available
4856,13.02693,77.520228,Bin,Low,Full
4857,12.908267,77.570457,Bin,Medium,Available
4858,13.067649,77.51391,Bin,Medium,Full
4859,12.92473,77.452518,Bin,Low,Available
4860,13.024567,77.706291,Bin,Medium,Available
4861,13.00745,77.658846,Bin,Low,Available
4862,12.959991,77.606145,Recycling,Medium,Available
4863,12.912866,77.525157,Recycling,Medium,Available
4864,12.954055,77.761407,Recycling,Medium,Full
4865,12.976983,77.777117,Recycling,High,Available
4866,13.044802,77.640004,Bin,Medium,Full
4867,12.863987,77.657018,Bin,Medium,Full
4868,13.063456,77.659595,Bin,Medium,Available
4869,12.938405,77.485975,Bin,Medium,Available
4870,12.929801,77.600907,Bin,High,Available
4871,12.856059,77.639431,Recycling,High,Available
4872,12.884866,77.680208,Recycling,Medium,Full
4873,12.919247,77.534751,Recycling,Medium,Available
4874,12.938283,77.75025,Bin,Low,Available
4875,13.0785,77.765517,Bin,Medium,Available
4876,12.910934,77.735328,Bin,Medium,Available
4877,12.87592,77.631862,Bin,High,Available
4878,12.923332,77.649332,Recycling,Low,Full
4879,13.028586,77.739129,Bin,Medium,Available
4880,12.942887,77.793451,Bin,Medium,Available
4881,13.028171,77.519017,Bin,Medium,Available
4882,12.876653,77.530444,Bin,High,Available
4883,13.029975,77.677984,Bin,Medium,Available
4884,12.950309,77.649137,Bin,Low,Available
4885,13.049559,77.704073,Bin,Low,Full
4886,13.042282,77.798656,Bin,Medium,Available
4887,13.0057,77.490395,Bin,Low,Available
4888,12.973518,77.666206,Recycling,High,Available
4889,13.096089,77.60969,Bin,High,Available
4890,12.987471,77.558183,Bin,Medium,Available
4891,12.989215,77.714621,Bin,Medium,Available
4892,13.05514,77.703744,Recycling,Low,Available
4893,12.879846,77.506356,Bin,High,Available
4894,13.089627,77.46337,Recycling,Low,Full
4895,12.864057,77.781877,Bin,Medium,Available
4896,12.94518,77.683635,Recycling,Medium,Available
4897,12.872001,77.669734,Bin,High,Available
4898,13.019864,77.529854,Bin,Medium,Available
4899,12.91347,77.467384,Recycling,Low,Full
4900,12.881366,77.472842,Bin,Medium,Available
4901,12.993626,77.55047,Bin,Medium,Available
4902,13.056625,77.704702,Bin,High,Full
4903,12.984217,77.525233,Recycling,Low,Available
4904,12.931872,77.704438,Recycling,Medium,Full
4905,12.873093,77.471264,Bin,High,Available
4906,12.862879,77.527427,Bin,Medium,Available
4907,13.076223,77.630447,Bin,Low,Available
4908,12.996617,77.760554,Bin,High,Available
4909,12.868963,77.520685,Bin,Medium,Available
4910,12.954658,77.60582,Recycling,Low,Available
4911,12.984391,77.6944,Bin,High,Available
4912,12.989269,77.525139,Bin,Medium,Available
4913,13.089934,77.661908,Bin,Low,Available
4914,12.889026,77.469166,Bin,Medium,Available
4915,12.983916,77.65859,Bin,Low,Full
4916,12.871602,77.778612,Bin,Medium,Available
4917,12.867733,77.600341,Recycling,Low,Available
4918,12.919663,77.586015,Recycling,High,Available
4919,12.909526,77.517614,Recycling,Low,Available
4920,12.942243,77.794981,Bin,Medium,Available
4921,13.090379,77.791673,Recycling,High,Available
4922,13.038944,77.750923,Bin,Medium,Available
4923,12.990618,77.761517,Bin,Low,Available
4924,12.902021,77.62444,Recycling,Medium,Full
4925,12.891548,77.765306,Bin,Low,Available
4926,13.087849,77.477708,Bin,High,Available
4927,13.007728,77.616216,Bin,Medium,Available
4928,13.038266,77.451568,Bin,Medium,Available
4929,12.926869,77.740792,Recycling,High,Available
4930,13.071041,77.772302,Bin,Low,Available
4931,12.969773,77.781204,Bin,Medium,Available
4932,12.88588,77.612566,Recycling,Medium,Full
4933,12.880072,77.665956,Bin,High,Available
4934,12.897483,77.526891,Recycling,Low,Available
4935,12.983615,77.634995,Recycling,High,Available
4936,13.082499,77.703806,Bin,High,Available
4937,12.953524,77.688085,Bin,Low,Available
4938,13.056022,77.705082,Bin,High,Available
4939,12.933171,77.541032,Bin,Medium,Available
4940,13.070638,77.796391,Recycling,Medium,Available
4941,13.060906,77.612858,Recycling,Medium,Available
4942,12.981523,77.686549,Recycling,Medium,Available
4943,13.077468,77.79171,Bin,Low,Available
4944,12.953671,77.458478,Bin,High,Available
4945,12.973671,77.615402,Bin,Low,Available
4946,12.852762,77.616446,Bin,Medium,Available
4947,12.945209,77.452546,Bin,Medium,Available
4948,12.876911,77.676462,Recycling,Medium,Available
4949,13.086428,77.78094,Bin,High,Available
4950,13.093871,77.617165,Recycling,High,Available
4951,13.048908,77.541364,Bin,Medium,Full
4952,12.975186,77.672341,Bin,Low,Available
4953,13.026735,77.790197,Bin,Medium,Available
4954,12.910594,77.581866,Bin,Low,Available
4955,13.044457,77.786925,Bin,Medium,Available
4956,13.081988,77.685516,Recycling,Low,Available
4957,12.981903,77.552549,Bin,Medium,Available
4958,12.858293,77.648591,Bin,Low,Available
4959,12.927718,77.604308,Bin,Medium,Available
4960,13.090865,77.573334,Recycling,Low,Available
4961,12.988142,77.565188,Bin,Low,Available
4962,12.903912,77.695022,Recycling,Low,Available
4963,12.859341,77.532972,Recycling,Medium,Available
4964,12.91436,77.735881,Bin,Medium,Available
4965,12.990278,77.611305,Recycling,Low,Available
4966,12.889766,77.665507,Recycling,Medium,Available
4967,13.055098,77.497609,Recycling,High,Available
4968,12.896531,77.49443,Bin,Low,Available
4969,12.867426,77.528192,Bin,Medium,Available
4970,13.026404,77.46653,Bin,Low,Available
4971,12.860462,77.711128,Bin,High,Available
4972,12.961581,77.723189,Recycling,Medium,Full
4973,12.955565,77.732986,Bin,High,Available
4974,12.922317,77.687254,Bin,Low,Available
4975,13.019732,77.761286,Bin,High,Available
4976,12.867231,77.485163,Bin,Medium,Available
4977,12.966564,77.683274,Bin,High,Available
4978,13.033729,77.794816,Bin,Medium,Full
4979,12.994881,77.726326,Bin,Medium,Available
4980,13.096442,77.730006,Recycling,Medium,Available
4981,12.857757,77.75263,Bin,Low,Available
4982,12.955225,77.678083,Bin,Medium,Full
4983,12.898889,77.565302,Bin,High,Available
4984,12.945275,77.678715,Bin,High,Full
4985,12.978352,77.675671,Bin,Medium,Available
4986,12.9398,77.526889,Recycling,Medium,Available
4987,12.858332,77.594924,Recycling,Medium,Available
4988,12.902464,77.595784,Recycling,Medium,Full
4989,13.075505,77.780452,Recycling,Low,Full
4990,12.884365,77.463974,Bin,Medium,Available
4991,12.950578,77.458944,Bin,Medium,Available
4992,12.919903,77.526136,Bin,Medium,Available
4993,12.967881,77.567913,Bin,Medium,Full
4994,12.908249,77.736322,Recycling,Low,Full
4995,13.03911,77.688857,Bin,Medium,Available
4996,12.858871,77.742608,Recycling,Low,Available
4997,13.035288,77.512431,Bin,Medium,Available
4998,13.059415,77.483171,Bin,High,Available
4999,12.886998,77.633927,Recycling,Medium,Available
5000,13.05109,77.481262,Recycling,Medium,Available
5001,12.90854,77.481325,Bin,Medium,Available
5002,13.083686,77.630756,Bin,Medium,Available
5003,12.963066,77.49501,Recycling,Medium,Available
5004,12.982341,77.676571,Bin,High,Available
5005,13.012585,77.597289,Recycling,Low,Available
5006,12.927264,77.710682,Bin,Low,Available
5007,12.958567,77.569413,Bin,High,Available
5008,12.896358,77.785353,Bin,Medium,Available
5009,12.98129,77.534582,Bin,Medium,Full
5010,12.865362,77.526484,Recycling,Low,Available
5011,12.903378,77.662053,Bin,Low,Available
5012,13.020761,77.688095,Bin,Medium,Available
5013,13.00891,77.691591,Bin,Medium,Available
5014,12.902654,77.541078,Recycling,High,Available
5015,12.913014,77.488812,Recycling,High,Available
5016,13.049304,77.606326,Bin,High,Available
5017,13.045008,77.476015,Bin,Medium,Available
5018,12.97562,77.549055,Bin,Medium,Available
5019,13.000875,77.67877,Bin,Medium,Available
5020,12.877094,77.542769,Bin,Medium,Full
5021,12.875204,77.737431,Bin,Medium,Available
5022,13.075679,77.489881,Bin,Low,Available
5023,13.077898,77.723533,Recycling,Medium,Full
5024,12.96236,77.50239,Recycling,Low,Available
5025,12.88151,77.663171,Bin,Low,Available
5026,13.04341,77.772176,Bin,High,Available
5027,12.914452,77.558579,Bin,Low,Available
5028,12.968471,77.487824,Bin,Medium,Available
5029,13.058437,77.64121,Bin,Medium,Available
5030,12.886641,77.727164,Bin,High,Available
5031,12.898474,77.628608,Bin,Medium,Available
5032,13.09552,77.734515,Recycling,Low,Available
5033,12.871191,77.542131,Bin,Medium,Available
5034,13.075796,77.77895,Bin,High,Available
5035,12.963332,77.724729,Bin,High,Available
5036,13.068815,77.798067,Bin,Low,Available
5037,12.930905,77.486244,Recycling,Low,Full
5038,13.025648,77.510701,Bin,Medium,Available
5039,12.983923,77.460911,Bin,Medium,Available
5040,13.053837,77.530687,Bin,High,Full
5041,12.961664,77.540864,Bin,Low,Available
5042,12.955969,77.679392,Bin,Low,Available
5043,13.063907,77.624423,Recycling,Medium,Available
5044,12.898328,77.693084,Bin,Medium,Available
5045,13.031476,77.465177,Recycling,Medium,Available
5046,12.98438,77.664358,Bin,Medium,Available
5047,12.937602,77.481967,Bin,Low,Available
5048,13.073623,77.52211,Bin,Medium,Available
5049,12.862532,77.51879,Bin,High,Available
5050,12.88474,77.54527,Bin,Low,Available
5051,12.973938,77.670924,Bin,Medium,Available
5052,12.927009,77.678283,Bin,Medium,Full
5053,12.880106,77.764111,Bin,Medium,Available
5054,12.989854,77.483737,Recycling,High,Available
5055,13.073783,77.644883,Recycling,Low,Available
5056,12.864945,77.759119,Bin,Medium,Available
5057,13.054133,77.661134,Bin,Medium,Available
5058,12.934732,77.481371,Recycling,Medium,Available
5059,12.9011,77.764098,Bin,Medium,Full
5060,12.858728,77.740077,Bin,Medium,Available
5061,13.023879,77.539003,Bin,High,Available
5062,13.056025,77.509198,Bin,High,Available
5063,13.066427,77.624216,Bin,Medium,Available
5064,12.936822,77.706734,Bin,Low,Available
5065,13.051343,77.624155,Bin,Medium,Available
5066,12.95426,77.798213,Bin,Medium,Full
5067,13.021804,77.758323,Bin,Low,Full
5068,12.948529,77.698389,Bin,High,Available
5069,12.917153,77.623076,Bin,Low,Available
5070,12.985398,77.5271,Recycling,Medium,Available
5071,12.967805,77.686652,Recycling,Low,Available
5072,12.866747,77.715493,Bin,High,Available
5073,13.061079,77.63719,Recycling,Low,Available
5074,13.041614,77.660053,Bin,High,Available
5075,12.912319,77.619981,Bin,High,Available
5076,12.95999,77.637236,Bin,High,Full
5077,12.963743,77.450068,Recycling,Low,Available
5078,12.88809,77.512935,Recycling,Medium,Full
5079,12.907863,77.619972,Recycling,High,Available
5080,12.897244,77.719292,Bin,Medium,Available
5081,13.002341,77.704283,Bin,Low,Available
5082,13.016005,77.553598,Bin,Low,Available
5083,13.096708,77.549862,Bin,High,Available
5084,13.07511,77.585293,Recycling,Low,Available
5085,12.930632,77.570912,Recycling,Low,Available
5086,12.882828,77.738125,Recycling,Medium,Available
5087,13.008624,77.50469,Bin,Medium,Full
5088,13.072765,77.657588,Bin,High,Available
5089,12.955029,77.768344,Bin,Low,Available
5090,12.873962,77.580602,Bin,Medium,Full
5091,12.905245,77.581515,Bin,Medium,Available
5092,12.970519,77.536041,Bin,Medium,Available
5093,12.95142,77.602319,Recycling,High,Available
5094,13.072194,77.70742,Recycling,Low,Available
5095,13.036725,77.654154,Bin,Medium,Available
5096,12.915337,77.570097,Bin,High,Available
5097,13.058812,77.759261,Bin,Medium,Available
5098,13.082623,77.473038,Recycling,Medium,Full
5099,12.954901,77.735813,Bin,Low,Available
5100,13.099496,77.63115,Recycling,High,Available
5101,12.95899,77.58529,Bin,High,Full
5102,13.036767,77.553688,Bin,High,Available
5103,13.060891,77.57441,Bin,High,Available
5104,12.938542,77.783208,Bin,High,Available
5105,12.865143,77.521123,Bin,Medium,Available
5106,13.045362,77.455138,Bin,Low,Available
5107,12.952072,77.744332,Bin,Medium,Available
5108,12.907383,77.629316,Recycling,Medium,Available
5109,13.006954,77.65727,Bin,Low,Available
5110,12.884072,77.540813,Bin,Medium,Full
5111,13.003027,77.756651,Bin,Low,Available
5112,13.055508,77.517936,Bin,Medium,Available
5113,12.926564,77.497334,Bin,Medium,Available
5114,13.008137,77.637706,Bin,Low,Available
5115,12.855899,77.60111,Bin,Low,Available
5116,12.904883,77.474695,Bin,High,Available
5117,12.965134,77.678581,Bin,High,Full
5118,13.048488,77.78307,Bin,Medium,Full
5119,13.006035,77.792097,Bin,Medium,Full
5120,12.944892,77.708845,Bin,Medium,Full
5121,12.945677,77.457455,Bin,High,Available
5122,12.876672,77.469107,Recycling,High,Available
5123,12.92538,77.723009,Bin,High,Available
5124,13.019239,77.628424,Recycling,Medium,Available
5125,12.931658,77.748471,Bin,Medium,Available
5126,12.883307,77.451876,Bin,Medium,Available
5127,13.056653,77.774332,Bin,High,Available
5128,12.864382,77.493679,Bin,Low,Available
5129,13.01197,77.575483,Bin,Medium,Available
5130,12.868505,77.532681,Bin,Medium,Available
5131,12.934935,77.585489,Recycling,Low,Available
5132,12.97528,77.676167,Bin,High,Available
5133,12.95705,77.5335,Recycling,High,Available
5134,12.873805,77.5387,Bin,Medium,Available
5135,13.09342,77.58978,Bin,Low,Available
5136,12.898149,77.716793,Bin,High,Available
5137,12.986068,77.575147,Bin,Medium,Available
5138,12.916285,77.773978,Bin,Medium,Available
5139,12.871545,77.515077,Bin,Medium,Available
5140,13.045492,77.698133,Bin,Medium,Available
5141,13.008261,77.660006,Recycling,Low,Available
5142,12.918164,77.650155,Bin,High,Available
5143,13.010735,77.727929,Recycling,High,Available
5144,13.063633,77.666502,Bin,High,Available
5145,12.909897,77.629618,Recycling,Medium,Available
5146,12.963131,77.663636,Recycling,Low,Available
5147,13.046856,77.606489,Bin,Low,Available
5148,12.931985,77.575058,Bin,Medium,Available
5149,13.042966,77.5874,Bin,High,Available
5150,12.874155,77.763133,Bin,Medium,Available
5151,13.054468,77.648119,Recycling,High,Full
5152,13.064022,77.453832,Recycling,Low,Full
5153,12.920044,77.663524,Bin,High,Available
5154,12.952672,77.736106,Bin,Low,Available
5155,12.860482,77.685725,Recycling,Medium,Available
5156,12.938808,77.791828,Bin,Medium,Available
5157,13.042079,77.753586,Bin,Medium,Available
5158,12.919611,77.545179,Bin,Low,Available
5159,12.867251,77.483101,Bin,Low,Available
5160,12.949919,77.702633,Recycling,High,Available
5161,13.08388,77.587247,Bin,Medium,Available
5162,13.073761,77.566284,Bin,Low,Available
5163,13.04355,77.553709,Bin,High,Available
5164,13.00015,77.651059,Bin,Medium,Available
5165,12.959614,77.751,Bin,Low,Available
5166,12.858835,77.546487,Recycling,Low,Available
5167,12.879575,77.660647,Recycling,Low,Available
5168,13.099393,77.655994,Bin,Medium,Available
5169,12.892838,77.608381,Bin,Low,Full
5170,12.955414,77.568677,Bin,Low,Available
5171,12.980072,77.593245,Bin,Low,Available
5172,13.054152,77.747982,Bin,Medium,Full
5173,12.952181,77.776248,Recycling,Low,Available
5174,12.89511,77.518619,Recycling,High,Available
5175,12.998401,77.647481,Bin,Medium,Full
5176,12.892564,77.492144,Bin,Medium,Available
5177,12.957705,77.626159,Recycling,Medium,Available
5178,13.05672,77.747429,Bin,Medium,Available
5179,12.869852,77.564046,Bin,Low,Available
5180,12.956216,77.714083,Recycling,High,Available
5181,12.904171,77.71482,Bin,Medium,Available
5182,12.920119,77.600251,Bin,High,Available
5183,13.096394,77.744663,Bin,High,Available
5184,12.903322,77.568675,Bin,Medium,Available
5185,12.968247,77.605103,Bin,Medium,Available
5186,13.071996,77.67149,Recycling,Medium,Available
5187,12.994587,77.459403,Recycling,Low,Available
5188,12.876279,77.483925,Recycling,Medium,Available
5189,12.918197,77.539762,Bin,Medium,Available
5190,12.963065,77.582737,Recycling,Low,Available
5191,12.952122,77.484344,Bin,Low,Full
5192,13.001962,77.735256,Bin,Medium,Available
5193,13.077003,77.482113,Bin,High,Full
5194,13.095202,77.673336,Bin,Low,Full
5195,12.958482,77.518186,Recycling,Low,Available
5196,13.006316,77.480707,Bin,Low,Available
5197,12.969278,77.451496,Recycling,Medium,Available
5198,12.905611,77.505586,Recycling,Low,Available
5199,13.067839,77.674661,Bin,High,Available
5200,12.906975,77.675309,Recycling,Medium,Available
5201,13.092776,77.691645,Bin,Low,Available
5202,12.918889,77.78514,Bin,Medium,Available
5203,12.981062,77.583751,Bin,Medium,Full
5204,13.021441,77.583523,Bin,High,Full
5205,12.947068,77.705025,Bin,Medium,Available
5206,12.870856,77.635617,Bin,Medium,Available
5207,12.856807,77.657839,Bin,Medium,Available
5208,13.033953,77.675974,Recycling,High,Available
5209,12.856829,77.679379,Bin,Low,Available
5210,12.996175,77.76914,Recycling,Low,Available
5211,12.860801,77.614245,Recycling,High,Available
5212,12.873967,77.583477,Recycling,Low,Available
5213,13.036707,77.706753,Recycling,Medium,Available
5214,12.966848,77.774713,Recycling,High,Available
5215,13.047962,77.601543,Bin,Low,Available
5216,12.943003,77.75384,Recycling,Low,Available
5217,12.898088,77.597904,Bin,High,Available
5218,13.052123,77.724038,Bin,Medium,Available
5219,12.857787,77.761784,Recycling,Low,Full
5220,12.894848,77.76993,Bin,High,Available
5221,13.034117,77.504524,Bin,Low,Full
5222,12.924073,77.693067,Recycling,High,Available
5223,13.073254,77.519038,Recycling,High,Available
5224,12.905156,77.622168,Bin,High,Available
5225,13.084246,77.6108,Recycling,High,Available
5226,12.876219,77.65515,Bin,Low,Available
5227,13.031556,77.463714,Bin,Medium,Available
5228,12.975172,77.699845,Bin,High,Available
5229,13.058307,77.526322,Recycling,Low,Available
5230,12.899871,77.756607,Recycling,Low,Available
5231,12.922812,77.500149,Bin,Medium,Full
5232,13.08801,77.680614,Bin,Medium,Available
5233,12.974795,77.661169,Recycling,High,Available
5234,12.916495,77.741588,Recycling,Low,Available
5235,13.018009,77.615733,Bin,High,Available
5236,12.892248,77.696681,Recycling,High,Available
5237,13.097189,77.503688,Bin,Medium,Available
5238,12.968759,77.761819,Bin,Medium,Available
5239,12.851834,77.493739,Recycling,High,Full
5240,12.858927,77.688077,Bin,High,Available
5241,12.873941,77.648816,Bin,Medium,Available
5242,13.026252,77.797363,Bin,Medium,Available
5243,12.994593,77.46304,Recycling,Low,Available
5244,12.87552,77.477274,Bin,Low,Available
5245,12.913213,77.494288,Bin,Low,Available
5246,12.954605,77.558652,Bin,Medium,Available
5247,13.00412,77.778042,Bin,Medium,Available
5248,13.038845,77.499272,Bin,Medium,Available
5249,13.079405,77.781308,Bin,Low,Available
5250,12.97957,77.608562,Recycling,Medium,Full
5251,12.995994,77.613091,Bin,High,Available
5252,13.011762,77.790004,Bin,Medium,Available
5253,13.014865,77.454847,Bin,High,Available
5254,13.044905,77.607809,Recycling,Low,Available
5255,12.957503,77.639598,Bin,Low,Available
5256,12.944281,77.670979,Recycling,High,Available
5257,12.991975,77.60738,Recycling,High,Available
5258,12.872934,77.508654,Bin,Medium,Available
5259,12.932843,77.683625,Recycling,Medium,Available
5260,12.994917,77.639663,Recycling,Medium,Available
5261,12.999665,77.633549,Recycling,Low,Available
5262,12.880418,77.560323,Bin,Low,Available
5263,13.025752,77.677782,Bin,Medium,Available
5264,12.913068,77.610724,Bin,High,Available
5265,13.045328,77.740444,Recycling,Medium,Full
5266,13.089385,77.510513,Bin,Low,Available
5267,12.995352,77.521444,Recycling,Low,Available
5268,12.856661,77.67989,Bin,Low,Available
5269,12.920101,77.628911,Recycling,Low,Available
5270,12.866318,77.494378,Bin,High,Available
5271,13.07419,77.796826,Bin,Medium,Available
5272,12.948161,77.506635,Bin,High,Available
5273,12.907635,77.511238,Recycling,Low,Available
5274,12.861605,77.743265,Recycling,Low,Available
5275,12.970171,77.554462,Bin,Medium,Available
5276,12.939238,77.723897,Bin,Medium,Available
5277,13.041328,77.65737,Bin,Low,Available
5278,13.055658,77.694162,Bin,Medium,Available
5279,12.947417,77.5193,Bin,High,Available
5280,12.999238,77.675111,Bin,Medium,Available
5281,12.882601,77.532228,Bin,Low,Available
5282,13.016347,77.533711,Bin,Medium,Available
5283,12.965744,77.768369,Bin,Medium,Available
5284,12.86945,77.478458,Recycling,Medium,Available
5285,13.036831,77.509486,Bin,Medium,Available
5286,12.996348,77.568244,Bin,High,Full
5287,13.056928,77.752691,Bin,Medium,Available
5288,13.046397,77.64285,Bin,High,Available
5289,13.055075,77.51665,Bin,Low,Available
5290,12.883469,77.584884,Bin,Low,Available
5291,13.063703,77.458017,Bin,Low,Available
5292,13.026271,77.707463,Recycling,Medium,Full
5293,12.89171,77.537401,Bin,High,Available
5294,12.888878,77.668089,Bin,Low,Available
5295,12.85006,77.693947,Bin,Low,Available
5296,13.052742,77.625637,Bin,Medium,Available
5297,13.092601,77.647977,Bin,Medium,Available
5298,12.903522,77.776704,Recycling,Low,Available
5299,13.040579,77.522977,Bin,Medium,Available
5300,13.026602,77.697345,Recycling,Medium,Full
5301,12.855452,77.550871,Bin,Medium,Available
5302,13.061427,77.676307,Bin,High,Full
5303,13.01528,77.460683,Recycling,High,Available
5304,12.932158,77.617937,Recycling,Low,Available
5305,13.066159,77.459201,Recycling,Medium,Available
5306,12.883074,77.765789,Recycling,High,Available
5307,12.896173,77.557893,Bin,Medium,Full
5308,12.945988,77.696075,Recycling,Low,Full
5309,12.955177,77.706348,Bin,Medium,Available
5310,13.092851,77.734708,Bin,High,Available
5311,13.063432,77.473331,Bin,Medium,Available
5312,12.972226,77.604937,Bin,Medium,Full
5313,12.922162,77.524699,Bin,Medium,Available
5314,13.038562,77.462891,Bin,High,Full
5315,13.00055,77.468307,Bin,Low,Available
5316,12.865876,77.515006,Bin,Medium,Available
5317,12.965849,77.699634,Bin,Medium,Available
5318,12.938407,77.66483,Bin,High,Available
5319,13.050894,77.605193,Bin,Medium,Available
5320,12.946482,77.668694,Bin,Medium,Available
5321,13.091844,77.756956,Bin,Medium,Available
5322,12.910189,77.7212,Bin,Low,Full
5323,13.055964,77.72364,Recycling,High,Available
5324,12.97914,77.605485,Bin,High,Available
5325,12.865074,77.546238,Bin,High,Available
5326,12.990094,77.627327,Bin,High,Available
5327,13.084571,77.791892,Recycling,Medium,Full
5328,12.95112,77.750857,Recycling,High,Available
5329,12.95165,77.505618,Bin,High,Available
5330,12.969568,77.64789,Bin,High,Available
5331,13.046575,77.653657,Recycling,Low,Available
5332,13.08158,77.692718,Bin,Medium,Available
5333,12.988923,77.492198,Bin,Medium,Available
5334,13.008671,77.785061,Bin,High,Available
5335,13.006732,77.474443,Bin,Medium,Available
5336,13.049703,77.640112,Recycling,High,Available
5337,12.948707,77.682743,Bin,Low,Available
5338,13.095095,77.720831,Bin,Medium,Available
5339,12.96571,77.626011,Bin,High,Available
5340,13.020244,77.782474,Bin,Low,Available
5341,13.099604,77.652451,Bin,High,Available
5342,12.985003,77.547136,Recycling,Medium,Full
5343,12.92477,77.585577,Recycling,Low,Available
5344,12.947128,77.720958,Bin,Medium,Available
5345,12.951754,77.470486,Recycling,Medium,Available
5346,13.003164,77.771958,Bin,Medium,Available
5347,12.867693,77.457915,Bin,High,Available
5348,13.059159,77.679802,Bin,Medium,Full
5349,12.904109,77.624837,Bin,Low,Available
5350,12.853365,77.563642,Bin,High,Full
5351,12.865326,77.601454,Bin,Low,Available
5352,12.948425,77.778924,Bin,Medium,Available
5353,12.850031,77.764767,Bin,High,Available
5354,13.00122,77.799794,Bin,Medium,Available
5355,12.858048,77.691424,Bin,Low,Available
5356,13.076834,77.51316,Bin,Medium,Available
5357,12.951427,77.491672,Recycling,Medium,Available
5358,12.892894,77.657708,Recycling,Medium,Available
5359,12.903586,77.688839,Recycling,Low,Available
5360,12.865505,77.560722,Bin,High,Available
5361,13.044284,77.588437,Recycling,Medium,Available
5362,13.086551,77.478957,Bin,High,Available
5363,12.988473,77.738501,Recycling,High,Available
5364,13.024893,77.697018,Bin,High,Available
5365,12.877105,77.674216,Recycling,Medium,Full
5366,13.084521,77.766018,Recycling,High,Available
5367,13.023745,77.458543,Bin,Low,Available
5368,12.879175,77.771911,Bin,Medium,Available
5369,12.972092,77.499744,Recycling,Medium,Available
5370,12.922649,77.625025,Recycling,Low,Full
5371,12.867554,77.636903,Recycling,High,Available
5372,12.885996,77.703541,Bin,Medium,Available
5373,12.990064,77.515805,Bin,High,Available
5374,13.030373,77.567692,Bin,Low,Available
5375,12.920055,77.639688,Recycling,High,Available
5376,13.037608,77.685441,Bin,Low,Available
5377,12.945926,77.501136,Bin,Low,Full
5378,13.031891,77.634697,Recycling,Medium,Available
5379,12.920663,77.656144,Bin,Medium,Available
5380,12.904157,77.476204,Bin,High,Available
5381,13.05791,77.679774,Bin,Low,Full
5382,12.86355,77.69112,Bin,Medium,Available
5383,12.957674,77.75547,Recycling,High,Available
5384,12.946776,77.456554,Recycling,Medium,Available
5385,13.076951,77.634309,Bin,Low,Available
5386,13.079552,77.645551,Bin,Low,Available
5387,12.993148,77.464915,Bin,Medium,Available
5388,12.857222,77.723297,Bin,Medium,Full
5389,12.89003,77.639464,Bin,Medium,Available
5390,12.872362,77.681397,Bin,High,Available
5391,12.924315,77.677539,Bin,Medium,Available
5392,12.933733,77.746349,Recycling,Medium,Full
5393,13.027317,77.631781,Recycling,Medium,Available
5394,12.952218,77.765844,Bin,Low,Available
5395,12.877379,77.561648,Recycling,Medium,Available
5396,13.047205,77.626477,Bin,Medium,Full
5397,12.929582,77.482949,Bin,High,Available
5398,12.897004,77.489125,Bin,Medium,Available
5399,13.0607,77.792372,Bin,Medium,Available
5400,13.028264,77.594999,Bin,High,Available
5401,12.877792,77.464349,Bin,Medium,Available
5402,12.986516,77.653262,Recycling,Medium,Available
5403,12.979054,77.75816,Bin,Low,Available
5404,13.054867,77.594122,Bin,High,Full
5405,13.092997,77.499805,Recycling,Medium,Available
5406,12.947825,77.628219,Bin,Medium,Available
5407,12.944413,77.573426,Bin,High,Available
5408,12.961269,77.54261,Recycling,Low,Available
5409,12.951704,77.760938,Bin,Medium,Available
5410,13.088494,77.657555,Bin,Medium,Available
5411,12.903169,77.661396,Recycling,Medium,Full
5412,12.887194,77.777644,Bin,Medium,Available
5413,13.029561,77.701879,Bin,Medium,Available
5414,12.926074,77.571106,Bin,Medium,Available
5415,13.029257,77.532324,Recycling,Low,Available
5416,12.875515,77.705377,Bin,Medium,Available
5417,12.859093,77.528215,Bin,High,Available
5418,12.91469,77.631558,Bin,Medium,Full
5419,12.98086,77.462538,Bin,Medium,Available
5420,12.904938,77.79169,Bin,Medium,Available
5421,13.071223,77.726092,Bin,High,Available
5422,13.023047,77.736642,Recycling,High,Full
5423,13.098653,77.513914,Bin,Medium,Available
5424,12.983651,77.475875,Recycling,High,Available
5425,12.906203,77.45676,Bin,Medium,Full
5426,12.873378,77.643641,Bin,Low,Available
5427,13.028812,77.743202,Bin,High,Available
5428,12.903262,77.51556,Bin,Low,Available
5429,13.013056,77.676772,Bin,Low,Available
5430,12.929638,77.596296,Recycling,Low,Available
5431,12.885593,77.494663,Recycling,Medium,Available
5432,13.033455,77.466607,Bin,High,Full
5433,12.943238,77.581202,Recycling,Low,Available
5434,12.914384,77.585571,Bin,Medium,Available
5435,12.978436,77.475163,Bin,High,Available
5436,12.864962,77.57971,Bin,High,Available
5437,12.921831,77.696672,Bin,Low,Available
5438,13.010687,77.468157,Bin,Low,Available
5439,13.020691,77.739036,Recycling,Medium,Full
5440,12.864598,77.508619,Bin,Medium,Available
5441,12.901614,77.502326,Bin,High,Available
5442,12.860838,77.697159,Bin,Low,Available
5443,13.030954,77.736587,Bin,Medium,Available
5444,12.881077,77.776655,Bin,Low,Available
5445,12.961788,77.790395,Recycling,Low,Available
5446,12.971392,77.515466,Bin,Medium,Available
5447,13.011647,77.672245,Bin,Medium,Available
5448,12.884696,77.748453,Bin,Low,Available
5449,12.982027,77.66704,Bin,Low,Available
5450,12.867071,77.548102,Bin,Low,Available
5451,12.898706,77.543928,Recycling,Low,Available
5452,13.018763,77.564256,Bin,Medium,Available
5453,13.076796,77.649366,Recycling,High,Available
5454,12.901818,77.500841,Recycling,High,Available
5455,12.876045,77.497466,Recycling,High,Available
5456,12.852784,77.565834,Bin,High,Available
5457,13.010465,77.59402,Bin,Low,Available
5458,13.023887,77.576255,Bin,Low,Available
5459,13.005814,77.630113,Bin,High,Available
5460,12.946123,77.50644,Recycling,Medium,Available
5461,13.012225,77.598775,Recycling,High,Available
5462,13.032903,77.469807,Bin,High,Available
5463,12.998388,77.764632,Bin,Low,Available
5464,13.055712,77.747672,Bin,High,Available
5465,12.871844,77.716715,Bin,Low,Available
5466,12.928642,77.562578,Bin,Low,Available
5467,12.968228,77.719007,Recycling,High,Available
5468,13.032607,77.550762,Bin,Medium,Available
5469,13.050407,77.665637,Bin,High,Available
5470,13.051902,77.720937,Bin,Low,Available
5471,12.873216,77.535194,Bin,High,Full
5472,13.02965,77.458439,Bin,Medium,Available
5473,13.050272,77.770101,Bin,High,Available
5474,13.022704,77.457509,Bin,High,Available
5475,13.010291,77.617077,Bin,High,Full
5476,13.07216,77.728087,Bin,Medium,Available
5477,12.891389,77.737098,Recycling,Medium,Available
5478,12.856508,77.564512,Bin,Medium,Full
5479,12.877177,77.631603,Bin,High,Full
5480,12.959696,77.799893,Bin,Low,Available
5481,12.906551,77.672709,Recycling,High,Available
5482,12.924215,77.474251,Bin,Low,Available
5483,13.027087,77.712913,Bin,Medium,Available
5484,12.876075,77.576865,Bin,Medium,Full
5485,12.96371,77.711333,Bin,High,Available
5486,12.898025,77.487262,Bin,Medium,Full
5487,13.048342,77.583153,Bin,Medium,Available
5488,13.034113,77.649252,Bin,High,Available
5489,12.900114,77.691005,Recycling,Medium,Full
5490,12.904018,77.595845,Bin,High,Available
5491,12.967698,77.515532,Bin,High,Available
5492,13.052698,77.768959,Bin,High,Available
5493,12.893832,77.660393,Recycling,Medium,Available
5494,13.077176,77.705761,Bin,Medium,Available
5495,12.934821,77.632887,Bin,Low,Available
5496,12.924716,77.653144,Bin,Medium,Available
5497,13.008252,77.598955,Bin,Low,Available
5498,12.895806,77.654765,Bin,Medium,Full
5499,12.982184,77.725583,Recycling,High,Available
5500,13.056832,77.766932,Bin,Medium,Full
5501,13.006908,77.583237,Recycling,Medium,Available
5502,12.985992,77.648174,Recycling,Medium,Available
5503,12.927831,77.651379,Bin,Medium,Full
5504,12.903997,77.733584,Bin,Low,Available
5505,13.03647,77.541725,Bin,Medium,Available
5506,12.96873,77.591318,Recycling,Medium,Available
5507,12.941398,77.68433,Bin,High,Full
5508,12.92208,77.609307,Recycling,High,Available
5509,12.96111,77.764817,Bin,Medium,Full
5510,13.050561,77.535201,Bin,Medium,Full
5511,13.099733,77.720902,Bin,Low,Available
5512,12.94734,77.671545,Bin,Medium,Full
5513,12.855787,77.699246,Bin,High,Available
5514,12.85256,77.549868,Bin,Low,Available
5515,12.909888,77.616158,Bin,Medium,Available
5516,12.932769,77.661057,Recycling,Low,Available
5517,12.930786,77.492927,Bin,Low,Available
5518,12.860724,77.484529,Bin,Medium,Available
5519,12.914815,77.744616,Recycling,Medium,Available
5520,12.981212,77.474313,Bin,Low,Full
5521,12.907256,77.672565,Bin,Medium,Available
5522,13.046318,77.488784,Recycling,High,Available
5523,12.866854,77.522999,Recycling,Low,Available
5524,12.986001,77.545962,Bin,Medium,Available
5525,12.88514,77.637199,Bin,High,Available
5526,13.005153,77.602773,Bin,Low,Available
5527,13.061922,77.564244,Bin,High,Available
5528,12.949287,77.543896,Recycling,Medium,Available
5529,12.95654,77.745767,Recycling,Low,Available
5530,12.957548,77.452307,Recycling,Low,Available
5531,12.934057,77.569731,Bin,High,Available
5532,12.895582,77.664762,Bin,Low,Available
5533,12.85572,77.600908,Bin,Low,Available
5534,12.882318,77.770361,Bin,Low,Full
5535,12.926985,77.607491,Bin,High,Available
5536,12.883093,77.486471,Recycling,Low,Available
5537,12.974857,77.730968,Bin,Low,Available
5538,12.886958,77.665855,Recycling,High,Available
5539,12.929978,77.499831,Recycling,High,Available
5540,13.017425,77.744571,Bin,Low,Available
5541,12.952991,77.764803,Recycling,Low,Available
5542,12.952012,77.723219,Bin,Medium,Available
5543,12.87405,77.617182,Recycling,Low,Available
5544,12.923912,77.63897,Bin,Medium,Full
5545,12.947437,77.630724,Bin,High,Available
5546,13.054139,77.542974,Bin,Low,Full
5547,12.92995,77.488088,Bin,Medium,Available
5548,12.977872,77.524809,Bin,Low,Available
5549,12.999479,77.4717,Bin,Medium,Available
5550,13.001134,77.65599,Bin,Low,Available
5551,12.90242,77.639176,Bin,Medium,Available
5552,12.873493,77.791214,Bin,High,Available
5553,13.066316,77.475959,Bin,Medium,Full
5554,13.096387,77.516431,Bin,Medium,Available
5555,12.891945,77.796238,Bin,Low,Available
5556,12.917087,77.628821,Bin,Medium,Available
5557,12.931682,77.474611,Recycling,Low,Available
5558,12.937388,77.616039,Bin,Medium,Available
5559,12.921568,77.534776,Bin,Low,Available
5560,12.873607,77.667048,Bin,Low,Available
5561,12.961639,77.52599,Bin,Medium,Available
5562,13.089402,77.682947,Bin,High,Available
5563,12.9992,77.547,Recycling,High,Available
5564,12.910231,77.538796,Bin,Low,Available
5565,13.021089,77.740796,Bin,Low,Available
5566,13.072676,77.593508,Bin,Medium,Available
5567,12.854506,77.658261,Bin,Medium,Available
5568,12.957045,77.686872,Bin,Low,Available
5569,13.034227,77.790867,Bin,Low,Full
5570,13.005952,77.781258,Bin,Medium,Available
5571,13.058878,77.75812,Bin,Low,Available
5572,12.997041,77.627232,Bin,Medium,Available
5573,12.85534,77.66355,Bin,High,Available
5574,12.949674,77.542256,Recycling,Low,Available
5575,13.085876,77.678912,Bin,Low,Available
5576,12.90105,77.536889,Bin,Low,Full
5577,13.000508,77.673243,Recycling,Low,Available
5578,12.999721,77.627746,Bin,Low,Available
5579,12.92189,77.546098,Bin,Medium,Available
5580,12.927194,77.792563,Recycling,Medium,Full
5581,13.0978,77.574579,Bin,High,Available
5582,12.903232,77.691283,Bin,Medium,Available
5583,12.911245,77.451629,Recycling,Low,Available
5584,12.871747,77.644606,Recycling,Low,Available
5585,12.959576,77.647166,Bin,Medium,Available
5586,12.928536,77.770366,Bin,Low,Available
5587,13.05849,77.489044,Recycling,Medium,Available
5588,12.964009,77.553999,Bin,Low,Available
5589,13.056492,77.577235,Bin,Medium,Available
5590,13.037904,77.56438,Bin,Medium,Available
5591,12.891169,77.539924,Bin,High,Available
5592,13.091349,77.486147,Bin,Medium,Available
5593,13.052991,77.744507,Bin,Medium,Full
5594,12.945922,77.741474,Recycling,Medium,Available
5595,12.944255,77.505608,Bin,Low,Available
5596,13.06822,77.480106,Bin,Medium,Available
5597,12.954484,77.591999,Bin,Low,Full
5598,12.90445,77.599128,Recycling,High,Available
5599,12.97713,77.705528,Bin,High,Available
5600,12.893981,77.612705,Bin,Medium,Available
5601,12.866238,77.78784,Bin,Low,Available
5602,12.952419,77.513513,Bin,Medium,Available
5603,13.079737,77.549645,Bin,Low,Available
5604,13.035248,77.528686,Bin,Low,Available
5605,12.980808,77.686254,Bin,High,Available
5606,12.879994,77.520945,Bin,Low,Available
5607,12.973884,77.585982,Recycling,Medium,Available
5608,12.918511,77.533638,Bin,Low,Available
5609,13.017323,77.722055,Recycling,Low,Available
5610,12.985613,77.519619,Bin,Medium,Available
5611,13.039037,77.559967,Recycling,High,Available
5612,12.977218,77.646917,Bin,Medium,Available
5613,12.941985,77.545011,Recycling,Medium,Available
5614,12.891821,77.750047,Bin,High,Available
5615,13.055809,77.642715,Bin,Low,Available
5616,12.941629,77.645317,Bin,Medium,Available
5617,12.858209,77.702558,Bin,Medium,Available
5618,13.095449,77.742392,Bin,Medium,Available
5619,12.946597,77.706861,Bin,Medium,Available
5620,13.050786,77.545608,Recycling,Medium,Available
5621,12.860151,77.531347,Recycling,High,Available
5622,12.966581,77.6765,Bin,Medium,Available
5623,13.059624,77.695671,Bin,High,Available
5624,12.89366,77.477199,Bin,High,Available
5625,13.013913,77.499481,Bin,Medium,Full
5626,13.090434,77.534476,Recycling,Medium,Available
5627,12.985729,77.732079,Bin,High,Available
5628,12.869118,77.505979,Recycling,Medium,Available
5629,12.982808,77.618196,Recycling,Medium,Available
5630,12.875166,77.672709,Recycling,High,Available
5631,13.001055,77.60164,Bin,Low,Available
5632,13.059247,77.712414,Bin,High,Available
5633,13.006193,77.753862,Recycling,Medium,Available
5634,12.956867,77.744048,Bin,High,Available
5635,12.997506,77.642599,Bin,Medium,Full
5636,13.046421,77.526873,Recycling,Low,Available
5637,13.070688,77.485393,Recycling,High,Available
5638,12.927224,77.591903,Recycling,Low,Available
5639,12.87081,77.526263,Recycling,Medium,Full
5640,12.975204,77.630789,Bin,High,Available
5641,12.984585,77.588486,Bin,Medium,Available
5642,12.888572,77.624855,Recycling,Medium,Available
5643,12.928304,77.524333,Bin,Medium,Available
5644,12.868188,77.661338,Recycling,High,Available
5645,12.916585,77.457843,Recycling,Low,Available
5646,12.986113,77.512432,Recycling,High,Available
5647,13.054032,77.526896,Recycling,Medium,Available
5648,12.880505,77.696955,Recycling,Low,Available
5649,12.880909,77.600697,Bin,High,Available
5650,12.971134,77.700963,Bin,Medium,Available
5651,13.04501,77.45504,Bin,Low,Available
5652,12.922862,77.683982,Recycling,Low,Available
5653,12.941954,77.627022,Bin,High,Available
5654,12.871752,77.669524,Bin,Low,Available
5655,12.989727,77.555165,Recycling,Medium,Available
5656,13.007212,77.535489,Bin,Medium,Available
5657,13.049021,77.525815,Recycling,High,Available
5658,12.895151,77.547837,Bin,Medium,Available
5659,13.07859,77.484536,Bin,Low,Available
5660,13.059418,77.665312,Bin,High,Available
5661,13.038412,77.746671,Bin,Medium,Available
5662,12.905941,77.645094,Recycling,Medium,Full
5663,12.939229,77.693298,Bin,Medium,Available
5664,12.905414,77.500257,Recycling,Low,Available
5665,12.95627,77.576007,Recycling,High,Full
5666,12.948872,77.647463,Recycling,High,Full
5667,13.029461,77.50013,Bin,High,Available
5668,13.03659,77.547973,Bin,Medium,Available
5669,12.945609,77.769774,Bin,Medium,Available
5670,13.015768,77.647597,Recycling,Low,Available
5671,13.041587,77.579075,Bin,Medium,Available
5672,12.861207,77.552068,Recycling,Medium,Available
5673,12.920488,77.673699,Bin,High,Available
5674,12.967845,77.770468,Bin,Low,Available
5675,12.993324,77.567337,Bin,Medium,Available
5676,13.02756,77.677975,Bin,Medium,Available
5677,12.920867,77.479994,Bin,Medium,Available
5678,13.043447,77.588496,Recycling,High,Full
5679,13.069051,77.665854,Bin,Low,Available
5680,13.000052,77.627426,Bin,Medium,Available
5681,12.949588,77.70108,Recycling,High,Available
5682,12.853447,77.769158,Bin,High,Available
5683,12.959911,77.71229,Bin,Medium,Available
5684,12.987237,77.546508,Bin,Low,Available
5685,12.850778,77.64207,Bin,Medium,Available
5686,13.011328,77.787859,Recycling,High,Available
5687,12.948036,77.461385,Bin,High,Available
5688,12.965396,77.545142,Bin,Low,Available
5689,12.962017,77.662086,Bin,High,Available
5690,13.042863,77.624734,Bin,High,Available
5691,12.888155,77.59686,Bin,Low,Available
5692,12.989682,77.619646,Bin,Medium,Available
5693,12.877178,77.551373,Recycling,Medium,Available
5694,12.99288,77.64574,Bin,Low,Full
5695,12.999978,77.694212,Bin,High,Available
5696,12.86345,77.761534,Bin,Low,Available
5697,13.03011,77.696389,Recycling,High,Available
5698,12.990283,77.666823,Recycling,Medium,Full
5699,12.887184,77.717401,Bin,High,Available
5700,12.869533,77.474394,Bin,Medium,Full
5701,12.966901,77.473817,Bin,Low,Available
5702,13.0539,77.799279,Bin,Low,Available
5703,12.996942,77.78668,Bin,Low,Available
5704,13.016802,77.537677,Recycling,Low,Full
5705,12.900258,77.478473,Bin,Low,Available
5706,13.021712,77.621823,Bin,Medium,Available
5707,13.093516,77.736795,Bin,Medium,Available
5708,12.897649,77.652296,Bin,Low,Available
5709,13.039741,77.562905,Bin,High,Available
5710,12.9191,77.755399,Bin,Medium,Available
5711,13.031677,77.524054,Bin,Medium,Available
5712,13.002082,77.641174,Bin,Medium,Available
5713,13.045016,77.678866,Bin,High,Available
5714,12.901701,77.569459,Bin,Medium,Available
5715,12.894359,77.552672,Bin,High,Available
5716,12.89552,77.647892,Bin,Medium,Available
5717,12.964166,77.502479,Bin,Low,Available
5718,12.971958,77.572345,Recycling,Medium,Available
5719,13.040182,77.681408,Bin,Low,Available
5720,12.938989,77.491217,Bin,High,Full
5721,12.943526,77.639953,Recycling,Medium,Available
5722,12.92047,77.764693,Bin,Medium,Available
5723,13.061778,77.7782,Bin,High,Available
5724,12.889213,77.782238,Bin,Low,Available
5725,13.045803,77.739422,Recycling,Medium,Full
5726,12.977508,77.662471,Recycling,Medium,Available
5727,12.937542,77.66838,Bin,Low,Available
5728,12.858028,77.710198,Bin,Low,Available
5729,13.060732,77.456956,Bin,High,Available
5730,13.084648,77.545974,Bin,Low,Available
5731,13.074108,77.792942,Recycling,High,Available
5732,13.015271,77.739175,Bin,Medium,Available
5733,13.068693,77.681164,Recycling,Medium,Available
5734,13.094995,77.503721,Recycling,Medium,Available
5735,13.069467,77.593379,Bin,Medium,Available
5736,12.974167,77.551881,Recycling,Low,Available
5737,13.086867,77.765362,Recycling,Medium,Available
5738,12.941739,77.481547,Recycling,Medium,Available
5739,12.939399,77.612516,Bin,High,Available
5740,12.949691,77.495529,Bin,Medium,Available
5741,12.86495,77.763984,Bin,Low,Available
5742,12.879965,77.614968,Bin,Medium,Available
5743,13.008372,77.591703,Bin,High,Available
5744,12.88675,77.755709,Bin,Low,Available
5745,13.020888,77.73014,Bin,Medium,Available
5746,12.98526,77.5524,Bin,Low,Available
5747,12.95814,77.785364,Recycling,High,Available
5748,12.861642,77.557085,Bin,Low,Available
5749,12.864042,77.616238,Bin,Low,Available
5750,12.937806,77.638131,Recycling,Low,Available
5751,12.856572,77.605086,Bin,High,Available
5752,12.889687,77.63114,Bin,Medium,Available
5753,12.975207,77.502514,Recycling,Medium,Available
5754,13.072404,77.665733,Bin,Low,Available
5755,12.94336,77.767666,Bin,Low,Full
5756,13.091218,77.45971,Recycling,Low,Available
5757,13.067183,77.485291,Bin,Low,Available
5758,12.857404,77.730239,Bin,Medium,Available
5759,12.973736,77.600219,Bin,Medium,Available
5760,13.041162,77.540208,Bin,Medium,Available
5761,12.916738,77.543481,Recycling,Low,Available
5762,13.002543,77.735966,Bin,Medium,Available
5763,12.866135,77.667613,Recycling,High,Available
5764,13.015015,77.595092,Bin,Medium,Available
5765,12.944642,77.541478,Bin,Medium,Available
5766,12.988183,77.533527,Bin,High,Available
5767,12.976969,77.677041,Bin,Medium,Available
5768,12.857062,77.579467,Bin,Low,Available
5769,13.013564,77.715723,Bin,High,Available
5770,12.940798,77.537182,Bin,High,Available
5771,13.015368,77.575194,Bin,Low,Available
5772,12.939797,77.516751,Bin,High,Available
5773,12.93366,77.767383,Bin,Low,Available
5774,12.879114,77.480742,Bin,Medium,Available
5775,13.022092,77.714908,Bin,Medium,Available
5776,13.085915,77.531329,Bin,Medium,Available
5777,12.920799,77.649797,Bin,High,Available
5778,12.866893,77.465439,Bin,Low,Available
5779,13.074719,77.541077,Bin,Low,Available
5780,12.923236,77.530017,Bin,Low,Full
5781,13.016209,77.698757,Recycling,High,Available
5782,12.973845,77.567384,Recycling,Medium,Full
5783,12.909656,77.558588,Bin,High,Available
5784,12.963912,77.599653,Bin,Medium,Available
5785,12.866276,77.628452,Recycling,High,Available
5786,12.978774,77.549928,Recycling,Low,Available
5787,12.850734,77.572231,Bin,High,Available
5788,12.993043,77.550279,Recycling,Low,Available
5789,13.014874,77.767773,Bin,Medium,Available
5790,13.068544,77.467681,Bin,Low,Available
5791,12.886758,77.791765,Bin,High,Available
5792,13.082824,77.679117,Bin,Medium,Available
5793,12.945788,77.60406,Bin,Medium,Available
5794,12.932294,77.773527,Recycling,Low,Available
5795,12.956267,77.656726,Bin,Low,Available
5796,13.000426,77.508501,Recycling,Medium,Available
5797,13.020906,77.489429,Bin,Low,Available
5798,12.934582,77.502757,Bin,Medium,Available
5799,12.856153,77.727484,Bin,Medium,Available
5800,13.054661,77.743496,Recycling,Low,Available
5801,12.911635,77.525113,Bin,Medium,Available
5802,12.865006,77.72446,Recycling,Medium,Available
5803,13.061329,77.705086,Bin,Medium,Available
5804,12.954668,77.550388,Bin,Medium,Available
5805,13.051544,77.500935,Bin,High,Available
5806,12.940256,77.616212,Recycling,High,Available
5807,13.048361,77.455071,Recycling,High,Available
5808,13.038451,77.629461,Bin,High,Available
5809,12.994846,77.680696,Recycling,High,Available
5810,12.966706,77.793104,Bin,High,Available
5811,13.016506,77.572278,Bin,Medium,Available
5812,13.049688,77.71616,Bin,High,Available
5813,12.930823,77.594538,Recycling,Medium,Available
5814,12.937952,77.525116,Bin,Low,Available
5815,12.906395,77.659319,Bin,High,Available
5816,13.055543,77.719027,Recycling,High,Available
5817,13.019624,77.54304,Recycling,High,Full
5818,12.878738,77.579343,Bin,Low,Available
5819,12.946223,77.797225,Bin,Medium,Available
5820,13.015583,77.784832,Bin,Low,Available
5821,13.098188,77.585591,Bin,Low,Available
5822,13.06867,77.555121,Bin,Medium,Full
5823,12.871098,77.736567,Bin,High,Full
5824,12.937167,77.495275,Bin,High,Available
5825,12.915105,77.521539,Bin,Low,Full
5826,13.065037,77.594527,Bin,Medium,Available
5827,12.980173,77.628618,Bin,High,Available
5828,12.932593,77.544401,Bin,Medium,Available
5829,12.951496,77.742857,Bin,Medium,Available
5830,12.945929,77.597357,Recycling,Low,Full
5831,13.074086,77.677717,Recycling,Medium,Available
5832,13.091669,77.548929,Bin,Low,Available
5833,12.896296,77.768085,Bin,High,Available
5834,12.928292,77.470728,Bin,Medium,Full
5835,12.947226,77.67391,Bin,Low,Available
5836,12.866478,77.759295,Recycling,Medium,Available
5837,12.878007,77.695894,Recycling,High,Available
5838,12.915937,77.632489,Recycling,High,Available
5839,13.044957,77.772461,Bin,High,Available
5840,12.935821,77.519587,Bin,High,Available
5841,12.88086,77.538122,Bin,Medium,Available
5842,12.869251,77.713794,Recycling,Medium,Available
5843,13.078504,77.674918,Bin,High,Available
5844,12.995669,77.744761,Bin,High,Available
5845,12.955794,77.668114,Bin,High,Available
5846,13.075303,77.628433,Bin,High,Available
5847,13.034182,77.498605,Recycling,Medium,Full
5848,13.066489,77.476205,Bin,Medium,Available
5849,12.892141,77.495276,Bin,Low,Full
5850,13.051771,77.724879,Bin,Low,Available
5851,13.098606,77.569811,Bin,Low,Available
5852,13.011669,77.485463,Bin,Medium,Available
5853,13.018591,77.735695,Bin,Medium,Full
5854,13.075147,77.58611,Bin,High,Available
5855,13.082238,77.458007,Recycling,Medium,Available
5856,12.949623,77.797101,Bin,Low,Available
5857,13.085118,77.60961,Bin,Medium,Full
5858,13.016231,77.646707,Recycling,High,Available
5859,12.877417,77.476197,Bin,Medium,Available
5860,13.089509,77.565776,Recycling,Medium,Available
5861,13.003826,77.788512,Bin,Medium,Available
5862,12.930304,77.667211,Recycling,High,Available
5863,13.077306,77.55595,Recycling,Medium,Full
5864,13.049358,77.765514,Bin,Medium,Available
5865,13.035604,77.6264,Bin,Low,Available
5866,13.063009,77.74431,Bin,High,Available
5867,12.95359,77.525305,Recycling,High,Available
5868,13.02047,77.514528,Bin,Medium,Available
5869,13.069078,77.687596,Bin,Low,Available
5870,12.936646,77.63437,Bin,High,Available
5871,12.929079,77.77867,Bin,Medium,Available
5872,12.9103,77.526117,Bin,High,Available
5873,13.02025,77.609986,Bin,Low,Available
5874,12.93276,77.623454,Bin,Low,Available
5875,12.94177,77.587661,Bin,Low,Available
5876,12.866909,77.564135,Bin,High,Available
5877,12.931688,77.494283,Bin,Low,Full
5878,13.058837,77.455342,Bin,Low,Available
5879,13.0264,77.496062,Bin,Medium,Available
5880,13.094407,77.72501,Recycling,Medium,Available
5881,13.033603,77.799906,Bin,High,Available
5882,12.924128,77.509754,Bin,High,Available
5883,13.076557,77.640691,Bin,High,Available
5884,13.043438,77.535033,Bin,Medium,Full
5885,12.994602,77.677132,Recycling,Low,Available
5886,12.95449,77.511479,Bin,Low,Available
5887,12.920641,77.513326,Bin,Medium,Available
5888,12.935931,77.719407,Bin,Medium,Available
5889,12.981902,77.563273,Recycling,High,Available
5890,12.893896,77.546203,Recycling,Medium,Full
5891,12.948113,77.783121,Recycling,Medium,Available
5892,12.950084,77.768932,Recycling,Low,Available
5893,13.058877,77.652257,Recycling,High,Full
5894,12.879305,77.500825,Bin,High,Available
5895,12.866081,77.562535,Bin,High,Available
5896,13.022347,77.457652,Recycling,Low,Available
5897,12.865455,77.478534,Bin,Medium,Available
5898,12.862616,77.55167,Recycling,Low,Available
5899,12.956098,77.744796,Bin,High,Available
5900,12.946612,77.492737,Bin,Low,Available
5901,12.905789,77.585755,Recycling,High,Available
5902,13.001927,77.670024,Bin,Medium,Available
5903,12.966783,77.721975,Bin,Low,Available
5904,13.088069,77.711738,Bin,Medium,Available
5905,13.009536,77.610752,Recycling,Low,Available
5906,13.025053,77.738948,Bin,Medium,Available
5907,12.958869,77.763469,Recycling,High,Available
5908,13.055014,77.459053,Bin,Medium,Available
5909,13.087847,77.602621,Bin,Medium,Available
5910,12.96889,77.5249,Recycling,Medium,Available
5911,13.00791,77.481659,Recycling,Medium,Full
5912,12.934723,77.789922,Bin,Low,Available
5913,12.966218,77.479051,Bin,Medium,Available
5914,13.008902,77.507084,Recycling,Medium,Full
5915,12.94121,77.79395,Bin,High,Available
5916,13.031994,77.735818,Bin,Medium,Available
5917,12.99026,77.472335,Bin,Low,Available
5918,12.860759,77.498089,Bin,Medium,Full
5919,12.879456,77.499948,Bin,High,Available
5920,12.930403,77.646421,Bin,Medium,Available
5921,13.051035,77.77349,Recycling,Medium,Available
5922,12.881268,77.711403,Bin,High,Available
5923,13.039932,77.689635,Bin,Medium,Full
5924,13.079609,77.701869,Bin,High,Available
5925,12.927609,77.515538,Bin,Low,Available
5926,12.908961,77.458489,Bin,Medium,Available
5927,12.861012,77.516194,Bin,Low,Available
5928,12.886603,77.518491,Bin,Low,Available
5929,12.937238,77.565384,Recycling,Low,Full
5930,13.054058,77.718097,Bin,High,Available
5931,12.881102,77.465735,Recycling,Medium,Full
5932,12.918153,77.767648,Recycling,High,Available
5933,13.066487,77.782768,Bin,Medium,Available
5934,12.92509,77.713833,Bin,Medium,Available
5935,12.923331,77.540519,Recycling,Low,Available
5936,13.04849,77.624609,Bin,Low,Available
5937,12.852202,77.635973,Recycling,Low,Available
5938,13.090445,77.751183,Recycling,High,Available
5939,13.072654,77.779469,Bin,Medium,Available
5940,12.933552,77.524346,Bin,Medium,Available
5941,12.873961,77.728913,Bin,Low,Available
5942,12.949661,77.470933,Bin,High,Available
5943,12.940697,77.517132,Bin,High,Available
5944,13.053226,77.632535,Recycling,High,Available
5945,13.077463,77.600899,Recycling,Medium,Full
5946,12.859844,77.680248,Recycling,Low,Available
5947,13.056239,77.550782,Bin,Medium,Available
5948,12.859797,77.484535,Bin,Low,Available
5949,13.035556,77.650461,Recycling,Low,Available
5950,12.930944,77.747479,Recycling,High,Available
5951,13.030206,77.639003,Recycling,Medium,Available
5952,12.862942,77.683983,Bin,Low,Available
5953,13.089321,77.571127,Recycling,High,Full
5954,13.070431,77.763195,Bin,Low,Available
5955,12.972026,77.484561,Bin,Medium,Full
5956,13.002296,77.650881,Bin,Medium,Full
5957,12.884612,77.606177,Bin,Medium,Available
5958,12.921839,77.53178,Bin,High,Available
5959,12.91006,77.584584,Bin,High,Available
5960,13.095098,77.571639,Recycling,Low,Available
5961,12.857933,77.662159,Bin,Medium,Available
5962,12.912027,77.558028,Recycling,Medium,Available
5963,12.943619,77.589429,Bin,High,Full
5964,13.096054,77.590856,Recycling,Medium,Available
5965,13.0575,77.512078,Bin,Medium,Available
5966,12.943163,77.575359,Recycling,Medium,Available
5967,13.005803,77.730658,Bin,Medium,Available
5968,12.981583,77.539947,Bin,Medium,Full
5969,13.027667,77.777896,Bin,Low,Available
5970,13.076443,77.675206,Recycling,Low,Available
5971,12.940592,77.564295,Bin,Medium,Available
5972,12.927814,77.477895,Recycling,Medium,Available
5973,12.96385,77.761625,Bin,High,Available
5974,12.923147,77.574405,Bin,Medium,Available
5975,12.906124,77.680595,Recycling,Medium,Available
5976,13.09792,77.591685,Bin,High,Available
5977,13.028321,77.512642,Bin,Low,Available
5978,12.876655,77.519188,Recycling,High,Available
5979,13.060289,77.597153,Recycling,Medium,Available
5980,13.029634,77.524836,Recycling,Medium,Available
5981,12.879828,77.507717,Recycling,High,Available
5982,12.923036,77.52657,Recycling,Low,Full
5983,13.016838,77.763995,Bin,Medium,Available
5984,13.057799,77.742551,Bin,Medium,Full
5985,13.082467,77.682487,Bin,Low,Full
5986,12.871179,77.524732,Bin,Medium,Available
5987,12.922354,77.522664,Recycling,High,Available
5988,12.883295,77.674757,Recycling,High,Available
5989,13.071857,77.526072,Bin,Medium,Available
5990,12.995511,77.787049,Recycling,High,Available
5991,12.876936,77.724693,Bin,Low,Full
5992,13.072701,77.526469,Recycling,Low,Available
5993,13.005917,77.717113,Bin,Medium,Available
5994,13.099695,77.684844,Bin,Low,Available
5995,13.010425,77.735742,Bin,High,Available
5996,12.923986,77.571957,Bin,High,Available
5997,12.994277,77.506984,Bin,Medium,Available
5998,13.037753,77.52907,Bin,Medium,Full
5999,12.986342,77.562035,Bin,Low,Available
6000,13.047841,77.788996,Bin,Low,Available
6001,13.039198,77.475095,Recycling,High,Available
6002,12.990106,77.699693,Bin,Low,Available
6003,12.890648,77.714487,Bin,Medium,Available
6004,12.935246,77.712112,Bin,Medium,Available
6005,13.091236,77.720191,Bin,High,Available
6006,12.887294,77.476718,Bin,Medium,Available
6007,12.918963,77.605986,Bin,Low,Available
6008,12.936748,77.640009,Recycling,Low,Available
6009,12.86922,77.611948,Recycling,Medium,Available
6010,12.938491,77.558491,Bin,Medium,Available
6011,13.042841,77.651339,Bin,Medium,Full
6012,12.855123,77.519833,Bin,Medium,Available
6013,13.082851,77.6749,Recycling,Medium,Available
6014,12.944555,77.538463,Recycling,Low,Full
6015,12.964629,77.797419,Bin,High,Available
6016,12.974167,77.708109,Recycling,Low,Available
6017,12.954768,77.486274,Bin,High,Available
6018,12.958144,77.786336,Bin,Medium,Available
6019,13.040221,77.700578,Recycling,Low,Available
6020,13.045742,77.482923,Bin,High,Available
6021,12.953052,77.779139,Recycling,High,Full
6022,12.970323,77.714148,Bin,High,Available
6023,12.888308,77.531807,Bin,High,Available
6024,12.973834,77.653291,Recycling,Medium,Available
6025,12.970649,77.769801,Recycling,Medium,Available
6026,13.00923,77.742072,Bin,Medium,Available
6027,13.077694,77.546585,Bin,High,Full
6028,13.01504,77.668684,Bin,Low,Available
6029,12.996108,77.502961,Recycling,Low,Available
6030,12.978003,77.661381,Bin,High,Available
6031,13.025038,77.672569,Bin,Medium,Available
6032,13.074651,77.758307,Bin,Low,Available
6033,13.096653,77.457551,Bin,Medium,Available
6034,12.904571,77.529351,Bin,Low,Available
6035,12.87209,77.650543,Bin,Low,Available
6036,12.901821,77.594027,Bin,Medium,Available
6037,13.087061,77.481437,Recycling,High,Available
6038,13.078075,77.498727,Bin,Low,Available
6039,12.927712,77.651471,Bin,Medium,Available
6040,13.001657,77.794809,Bin,Medium,Available
6041,13.046237,77.475193,Recycling,Medium,Available
6042,13.093517,77.777558,Bin,Low,Available
6043,12.933889,77.585898,Bin,Medium,Available
6044,12.918253,77.778557,Bin,Low,Available
6045,13.06233,77.783597,Recycling,Low,Full
6046,13.079859,77.507109,Bin,Medium,Available
6047,13.09607,77.470868,Bin,Low,Available
6048,13.044935,77.536354,Bin,High,Available
6049,12.993181,77.527699,Bin,High,Available
6050,12.911152,77.681721,Bin,Low,Available
6051,12.906095,77.477619,Recycling,Medium,Available
6052,13.015986,77.705432,Bin,Low,Available
6053,12.900021,77.735394,Bin,Low,Available
6054,13.086259,77.478733,Bin,High,Available
6055,12.859844,77.571776,Bin,Medium,Available
6056,13.078296,77.719034,Recycling,Medium,Available
6057,13.088883,77.45144,Recycling,Low,Available
6058,13.084485,77.586241,Bin,Low,Available
6059,12.892722,77.685523,Bin,Medium,Available
6060,12.985647,77.499676,Recycling,High,Available
6061,12.895098,77.716177,Bin,Low,Available
6062,12.909938,77.510134,Recycling,Low,Full
6063,12.894555,77.736642,Bin,Low,Available
6064,13.073018,77.507056,Recycling,Medium,Available
6065,13.028482,77.45931,Bin,Medium,Full
6066,12.935518,77.670106,Bin,High,Available
6067,13.028849,77.766631,Bin,Low,Full
6068,12.889071,77.702219,Recycling,Medium,Available
6069,12.903784,77.683219,Bin,Medium,Available
6070,12.946657,77.555081,Recycling,Medium,Available
6071,13.087314,77.678857,Recycling,Low,Available
6072,12.933854,77.733671,Recycling,Low,Available
6073,13.031504,77.484669,Recycling,Low,Full
6074,12.919085,77.65146,Bin,Low,Available
6075,12.971762,77.450024,Recycling,Low,Available
6076,12.967645,77.633358,Bin,Medium,Available
6077,12.891059,77.533342,Bin,Low,Available
6078,12.905119,77.687881,Bin,Medium,Available
6079,12.993868,77.56975,Bin,High,Available
6080,12.919017,77.628013,Bin,High,Available
6081,12.973251,77.78791,Bin,Medium,Available
6082,12.985936,77.751146,Recycling,Medium,Available
6083,13.012574,77.716749,Bin,Medium,Available
6084,13.069163,77.726854,Bin,Low,Full
6085,13.058456,77.586082,Bin,High,Full
6086,13.045773,77.523356,Recycling,Low,Full
6087,12.887287,77.681822,Bin,High,Available
6088,12.864892,77.697046,Bin,Medium,Full
6089,12.9976,77.698752,Bin,High,Available
6090,13.014287,77.79921,Bin,High,Available
6091,12.944009,77.610011,Recycling,Low,Available
6092,12.971553,77.450513,Recycling,Low,Available
6093,13.055082,77.547294,Bin,High,Available
6094,13.045488,77.481023,Bin,Medium,Available
6095,12.975107,77.588174,Bin,Low,Available
6096,12.933686,77.518323,Bin,Medium,Available
6097,13.068688,77.696562,Bin,Low,Available
6098,13.053141,77.531533,Bin,Low,Available
6099,13.043854,77.541651,Bin,Low,Available
6100,13.032067,77.576592,Recycling,Low,Available
6101,13.032491,77.78903,Bin,Low,Available
6102,12.880716,77.509393,Bin,Medium,Full
6103,12.898904,77.790116,Recycling,High,Full
6104,13.03831,77.726073,Bin,Medium,Full
6105,12.944564,77.464681,Recycling,Medium,Available
6106,12.868888,77.667431,Bin,High,Available
6107,13.060767,77.480994,Bin,Low,Available
6108,13.006632,77.496104,Bin,Low,Full
6109,12.861242,77.574578,Bin,High,Full
6110,13.073798,77.471999,Recycling,High,Full
6111,12.927894,77.769118,Bin,Medium,Available
6112,12.956912,77.641323,Bin,High,Available
6113,13.022439,77.530862,Recycling,Medium,Available
6114,13.037623,77.5108,Bin,Medium,Available
6115,12.897241,77.571933,Recycling,Low,Available
6116,13.09814,77.555807,Bin,Low,Available
6117,12.94657,77.786553,Bin,Medium,Full
6118,13.097309,77.48558,Recycling,Medium,Available
6119,12.943762,77.590391,Bin,Medium,Available
6120,12.897339,77.639606,Recycling,High,Available
6121,13.079021,77.65136,Bin,Medium,Available
6122,13.041876,77.788511,Bin,Medium,Available
6123,12.921325,77.727963,Bin,Low,Available
6124,12.896772,77.792703,Bin,Medium,Available
6125,12.936166,77.730824,Bin,High,Available
6126,13.082143,77.793913,Bin,Medium,Available
6127,12.905383,77.75157,Bin,High,Available
6128,13.041547,77.558775,Recycling,Medium,Available
6129,13.08819,77.717772,Recycling,Medium,Available
6130,13.002897,77.690645,Bin,Low,Full
6131,12.955955,77.786225,Bin,High,Available
6132,13.044098,77.588901,Recycling,Medium,Available
6133,12.873702,77.671088,Recycling,Low,Available
6134,12.85635,77.774171,Recycling,Medium,Available
6135,13.014644,77.460442,Bin,Low,Available
6136,12.854569,77.468064,Bin,Medium,Available
6137,12.908289,77.676325,Recycling,Low,Available
6138,13.015627,77.461837,Bin,Medium,Available
6139,12.921783,77.793956,Bin,Medium,Available
6140,12.895342,77.620663,Bin,High,Available
6141,12.900318,77.658235,Bin,Medium,Available
6142,12.949877,77.742459,Recycling,Medium,Available
6143,12.944919,77.453319,Bin,High,Available
6144,13.046522,77.729966,Recycling,Low,Full
6145,13.013523,77.551404,Recycling,High,Available
6146,13.060802,77.541523,Bin,Low,Available
6147,12.974,77.524485,Bin,Low,Available
6148,12.946226,77.593439,Bin,Low,Available
6149,12.890844,77.591208,Recycling,Low,Available
6150,12.885446,77.573867,Bin,High,Available
6151,13.022616,77.660862,Bin,High,Available
6152,12.86119,77.555155,Bin,Low,Available
6153,12.936691,77.670197,Bin,High,Available
6154,13.014833,77.700525,Bin,Low,Available
6155,12.911705,77.508881,Bin,Medium,Available
6156,12.861834,77.751437,Bin,Medium,Available
6157,12.884198,77.68303,Bin,Medium,Available
6158,13.08813,77.627512,Bin,Low,Available
6159,12.987039,77.560212,Bin,Low,Available
6160,13.099924,77.562841,Recycling,High,Full
6161,12.93568,77.714614,Bin,Medium,Available
6162,13.03528,77.52251,Recycling,Medium,Available
6163,12.985633,77.752175,Recycling,High,Available
6164,12.883675,77.476696,Bin,Medium,Available
6165,12.878421,77.758782,Bin,High,Available
6166,12.952559,77.561167,Bin,Medium,Available
6167,13.059479,77.765049,Bin,Low,Full
6168,13.03376,77.674044,Recycling,Low,Available
6169,12.88828,77.501608,Bin,Low,Full
6170,12.994524,77.578892,Bin,Medium,Available
6171,13.035805,77.730965,Bin,Low,Available
6172,12.926957,77.527929,Bin,High,Available
6173,13.076395,77.468779,Bin,Medium,Available
6174,12.929155,77.497731,Bin,Low,Available
6175,13.025506,77.784225,Recycling,Medium,Available
6176,13.070742,77.553683,Bin,High,Available
6177,13.078005,77.637174,Bin,High,Available
6178,13.09082,77.794046,Bin,Low,Available
6179,12.978854,77.748007,Bin,Low,Available
6180,12.976742,77.759645,Bin,Low,Available
6181,13.056466,77.73259,Recycling,Low,Available
6182,13.096186,77.796111,Bin,High,Full
6183,12.962482,77.497903,Bin,High,Available
6184,13.05083,77.597962,Bin,Low,Full
6185,12.973296,77.454207,Recycling,Medium,Available
6186,12.987115,77.485596,Bin,High,Available
6187,13.060449,77.532418,Bin,Medium,Full
6188,12.976122,77.606511,Recycling,Low,Available
6189,12.855422,77.690794,Bin,High,Available
6190,12.905455,77.731802,Bin,High,Available
6191,12.89193,77.622663,Bin,Low,Available
6192,12.903777,77.453273,Bin,Medium,Available
6193,12.883867,77.652886,Recycling,Medium,Available
6194,12.884399,77.62482,Recycling,Medium,Available
6195,12.873263,77.780374,Recycling,Medium,Available
6196,13.073805,77.512149,Bin,High,Available
6197,12.859976,77.529716,Recycling,Medium,Available
6198,12.988921,77.780261,Recycling,Medium,Available
6199,13.000417,77.686211,Bin,High,Available
6200,12.933603,77.690232,Bin,Medium,Full
6201,13.006469,77.78217,Recycling,High,Available
6202,12.885552,77.6319,Bin,High,Available
6203,12.907671,77.668359,Bin,Low,Available
6204,13.052761,77.619292,Bin,Medium,Available
6205,12.905898,77.785204,Bin,Low,Full
6206,13.04871,77.539045,Bin,High,Available
6207,12.991851,77.6372,Bin,Medium,Available
6208,12.855308,77.735034,Bin,Medium,Available
6209,13.026377,77.593779,Recycling,Low,Available
6210,13.056585,77.761305,Bin,Medium,Available
6211,12.93639,77.638991,Bin,High,Full
6212,12.858239,77.646687,Recycling,Low,Available
6213,12.951498,77.518791,Bin,High,Available
6214,12.988095,77.564749,Recycling,High,Available
6215,13.074987,77.503028,Bin,Medium,Available
6216,12.982685,77.6784,Bin,Low,Available
6217,12.916647,77.46714,Bin,High,Full
6218,12.888058,77.537242,Bin,High,Available
6219,13.063803,77.627109,Recycling,Low,Full
6220,12.960245,77.783528,Bin,Medium,Available
6221,13.030657,77.666861,Bin,High,Full
6222,12.852453,77.655746,Recycling,Medium,Available
6223,13.073765,77.712833,Recycling,High,Full
6224,13.053844,77.480241,Bin,Medium,Available
6225,12.925804,77.482665,Bin,High,Full
6226,13.078226,77.582603,Bin,Medium,Available
6227,13.016549,77.575413,Bin,Medium,Available
6228,12.857202,77.614795,Bin,Medium,Available
6229,13.000927,77.796807,Bin,Medium,Full
6230,12.9435,77.508292,Bin,Medium,Available
6231,12.851147,77.748684,Bin,High,Full
6232,13.097526,77.733329,Bin,High,Available
6233,13.074282,77.560812,Bin,High,Available
6234,12.898492,77.597676,Recycling,Medium,Available
6235,13.070006,77.492361,Bin,High,Available
6236,12.962079,77.45599,Bin,Low,Available
6237,12.879413,77.599129,Bin,High,Full
6238,12.947412,77.628966,Recycling,Medium,Full
6239,12.885533,77.751779,Bin,Low,Full
6240,13.091262,77.584145,Recycling,Low,Available
6241,12.897982,77.536327,Recycling,Medium,Available
6242,12.95356,77.529824,Bin,Low,Available
6243,12.916773,77.58756,Bin,Medium,Available
6244,12.969525,77.567059,Recycling,Low,Available
6245,12.89192,77.481002,Bin,Low,Available
6246,13.097054,77.462015,Bin,Medium,Available
6247,12.932966,77.763254,Bin,High,Available
6248,12.945824,77.597052,Bin,Low,Available
6249,12.924533,77.737633,Bin,High,Available
6250,13.070866,77.599915,Bin,High,Available
6251,12.991905,77.64925,Bin,High,Available
6252,13.057455,77.790953,Bin,Low,Available
6253,12.945203,77.516621,Bin,High,Available
6254,13.062175,77.596372,Bin,High,Full
6255,12.922818,77.556238,Bin,High,Available
6256,12.905989,77.697065,Bin,Medium,Full
6257,13.079333,77.781795,Bin,High,Available
6258,12.888554,77.663595,Bin,High,Available
6259,13.047335,77.510384,Bin,Low,Full
6260,13.018753,77.483364,Bin,Medium,Available
6261,13.034074,77.548276,Bin,Low,Available
6262,13.08945,77.669878,Bin,High,Available
6263,13.029517,77.636386,Bin,Low,Available
6264,13.0646,77.755519,Bin,Low,Full
6265,12.971754,77.603567,Bin,Medium,Available
6266,13.001135,77.613251,Recycling,Medium,Available
6267,12.924988,77.713673,Bin,Low,Available
6268,12.895799,77.669011,Recycling,Medium,Available
6269,12.930173,77.73821,Bin,High,Available
6270,12.975296,77.724125,Bin,Medium,Available
6271,12.892018,77.545768,Bin,Medium,Available
6272,13.048896,77.618719,Recycling,High,Available
6273,12.948814,77.68369,Recycling,Low,Available
6274,12.879696,77.547809,Bin,Low,Available
6275,13.075203,77.78928,Bin,High,Full
6276,12.872842,77.594908,Recycling,Low,Full
6277,12.981798,77.484963,Bin,Medium,Available
6278,12.985369,77.619257,Bin,Low,Available
6279,12.97036,77.737317,Recycling,Medium,Available
6280,13.077811,77.716243,Bin,High,Available
6281,12.85694,77.634038,Bin,High,Full
6282,13.012453,77.472298,Bin,Medium,Available
6283,12.892226,77.652129,Bin,High,Full
6284,12.991368,77.675522,Bin,Low,Full
6285,13.024791,77.516301,Bin,High,Available
6286,12.896455,77.779709,Bin,Medium,Available
6287,13.072896,77.745966,Bin,Low,Available
6288,12.895215,77.499957,Bin,Low,Full
6289,12.861885,77.590479,Bin,Medium,Available
6290,12.986701,77.720586,Recycling,Medium,Available
6291,12.87213,77.706059,Bin,Medium,Full
6292,13.054977,77.746308,Recycling,Medium,Available
6293,12.93974,77.799456,Bin,Medium,Available
6294,12.878018,77.648655,Bin,Medium,Available
6295,12.985564,77.493155,Bin,High,Available
6296,12.960958,77.622841,Recycling,Medium,Available
6297,13.066293,77.741223,Recycling,Medium,Available
6298,12.969686,77.707818,Recycling,High,Available
6299,13.064836,77.48551,Bin,Medium,Available
6300,12.888248,77.615263,Bin,Medium,Full
6301,13.03441,77.582402,Recycling,Medium,Available
6302,13.017424,77.796296,Recycling,Medium,Available
6303,13.020539,77.656578,Bin,Medium,Available
6304,12.989524,77.743749,Recycling,Low,Available
6305,12.856664,77.452786,Bin,High,Full
6306,12.947942,77.64712,Recycling,High,Full
6307,12.864298,77.536858,Bin,Medium,Available
6308,12.927071,77.748848,Bin,High,Available
6309,12.877372,77.555628,Bin,High,Available
6310,13.037245,77.468399,Bin,High,Full
6311,12.953632,77.789479,Bin,Medium,Available
6312,12.923832,77.543029,Bin,Medium,Available
6313,12.866741,77.725745,Bin,Medium,Full
6314,12.952714,77.698603,Recycling,High,Available
6315,13.020159,77.594783,Bin,Low,Available
6316,12.902386,77.463365,Bin,High,Available
6317,12.899007,77.611065,Bin,Low,Available
6318,12.979762,77.736548,Bin,Medium,Available
6319,12.882686,77.532581,Bin,High,Available
6320,12.971882,77.589976,Recycling,Low,Available
6321,13.06153,77.795841,Bin,Medium,Available
6322,12.937921,77.661265,Recycling,High,Available
6323,13.029177,77.770678,Recycling,High,Available
6324,12.982882,77.514119,Bin,Medium,Available
6325,12.99425,77.675996,Bin,Low,Available
6326,12.878335,77.503776,Recycling,Medium,Available
6327,12.863067,77.672362,Bin,Low,Full
6328,13.050123,77.530612,Bin,Medium,Available
6329,13.054409,77.488243,Bin,Medium,Available
6330,13.065337,77.526358,Bin,Medium,Available
6331,12.868733,77.599327,Bin,Medium,Available
6332,12.873159,77.646122,Bin,High,Available
6333,13.023789,77.733627,Bin,High,Available
6334,12.910329,77.797373,Bin,Low,Available
6335,12.898533,77.694391,Recycling,High,Available
6336,13.092777,77.594068,Bin,Medium,Available
6337,12.964491,77.64844,Bin,Medium,Full
6338,12.974958,77.538613,Recycling,Medium,Available
6339,12.86421,77.566262,Bin,Low,Available
6340,12.946334,77.755018,Bin,Low,Available
6341,13.006004,77.729858,Bin,Low,Available
6342,12.947887,77.6121,Recycling,Medium,Available
6343,12.94087,77.483155,Bin,Medium,Available
6344,12.947667,77.737132,Bin,Low,Available
6345,13.080133,77.594305,Recycling,Low,Available
6346,13.061548,77.76614,Bin,Low,Available
6347,12.915345,77.716507,Bin,Medium,Available
6348,13.072556,77.481651,Bin,High,Available
6349,13.059443,77.694309,Bin,Low,Available
6350,12.9756,77.634778,Bin,Medium,Available
6351,12.947359,77.579121,Bin,Low,Available
6352,12.900124,77.487949,Bin,Medium,Available
6353,13.015076,77.616316,Bin,High,Available
6354,13.017105,77.769512,Bin,Low,Available
6355,12.857551,77.664465,Bin,High,Available
6356,13.05446,77.708549,Bin,Medium,Available
6357,12.973949,77.490283,Bin,High,Available
6358,12.893023,77.740823,Bin,Medium,Available
6359,12.992249,77.660619,Recycling,Low,Available
6360,12.864305,77.68037,Bin,Low,Available
6361,12.894666,77.566019,Recycling,Medium,Available
6362,12.913127,77.453627,Recycling,Medium,Full
6363,13.033396,77.63127,Recycling,High,Available
6364,12.982565,77.6446,Bin,Low,Available
6365,12.920262,77.453589,Recycling,Medium,Available
6366,12.993083,77.691259,Recycling,Medium,Available
6367,12.939882,77.749001,Recycling,High,Available
6368,12.924548,77.496874,Bin,Medium,Available
6369,13.030862,77.544419,Recycling,Low,Available
6370,13.005559,77.661867,Bin,High,Available
6371,13.067465,77.753672,Bin,High,Available
6372,13.089531,77.747674,Recycling,Medium,Available
6373,13.077677,77.702892,Bin,Medium,Available
6374,12.969454,77.478519,Bin,High,Available
6375,12.976912,77.718318,Recycling,Low,Available
6376,12.997788,77.709572,Bin,Medium,Full
6377,13.086056,77.608924,Bin,Low,Available
6378,12.909741,77.622859,Bin,Low,Full
6379,13.004993,77.659038,Recycling,Medium,Full
6380,12.921564,77.534045,Bin,Medium,Available
6381,13.024914,77.460372,Bin,Medium,Available
6382,12.96927,77.792067,Bin,High,Available
6383,13.02094,77.608977,Recycling,High,Available
6384,12.873685,77.737828,Bin,Low,Available
6385,12.969821,77.709739,Bin,Low,Available
6386,13.095975,77.660305,Bin,Medium,Available
6387,13.093951,77.640445,Bin,High,Full
6388,12.882295,77.65236,Recycling,Medium,Available
6389,13.013807,77.544545,Bin,High,Available
6390,13.068232,77.732719,Bin,High,Available
6391,13.009279,77.656711,Bin,Low,Available
6392,12.921665,77.660681,Recycling,High,Available
6393,12.926211,77.462622,Bin,High,Full
6394,12.909124,77.543028,Bin,Medium,Available
6395,13.011714,77.725079,Bin,Low,Available
6396,12.85225,77.723344,Recycling,High,Available
6397,13.040555,77.466019,Bin,Medium,Available
6398,13.05403,77.687834,Bin,Low,Available
6399,12.880918,77.550676,Recycling,Low,Available
6400,12.967379,77.563028,Bin,High,Available
6401,12.85182,77.772813,Bin,High,Available
6402,13.042745,77.637136,Bin,Low,Available
6403,13.044387,77.761941,Bin,Medium,Available
6404,13.020545,77.547456,Bin,Medium,Available
6405,12.852991,77.488823,Bin,Low,Full
6406,12.927832,77.481033,Recycling,Medium,Available
6407,12.951525,77.457494,Bin,Medium,Available
6408,13.007043,77.677939,Recycling,Medium,Available
6409,12.947482,77.491854,Recycling,High,Available
6410,13.06567,77.656151,Bin,Low,Available
6411,13.010168,77.481412,Bin,High,Available
6412,12.986718,77.636562,Bin,High,Full
6413,13.020601,77.484654,Bin,Low,Available
6414,12.901951,77.69353,Bin,Low,Available
6415,12.897207,77.73871,Bin,Medium,Available
6416,13.096932,77.664202,Bin,Low,Available
6417,12.920683,77.795898,Recycling,High,Full
6418,12.876408,77.54797,Bin,Low,Full
6419,12.864994,77.749841,Recycling,Medium,Available
6420,12.851524,77.521398,Bin,Medium,Available
6421,13.04299,77.582074,Bin,High,Available
6422,12.92172,77.717509,Recycling,High,Available
6423,12.97579,77.482505,Recycling,Low,Available
6424,13.072221,77.788748,Bin,Low,Available
6425,13.054151,77.650367,Bin,Low,Full
6426,12.981757,77.697043,Bin,Medium,Full
6427,12.932426,77.686176,Bin,Low,Available
6428,13.061027,77.683909,Bin,Low,Full
6429,12.922176,77.736601,Bin,High,Full
6430,12.860816,77.719645,Bin,Low,Available
6431,12.99408,77.56403,Bin,Low,Available
6432,12.992806,77.631095,Bin,Medium,Full
6433,12.964867,77.452929,Bin,Medium,Available
6434,13.022326,77.563254,Bin,Medium,Available
6435,12.964079,77.622068,Bin,Medium,Available
6436,13.097421,77.700709,Bin,Low,Available
6437,13.018048,77.560934,Bin,Medium,Available
6438,13.017926,77.67581,Recycling,Low,Available
6439,12.875279,77.641777,Bin,Low,Available
6440,13.056798,77.501943,Bin,High,Available
6441,13.031283,77.739403,Bin,Low,Available
6442,13.038327,77.471064,Bin,Medium,Available
6443,12.955466,77.774075,Recycling,High,Available
6444,12.947974,77.473464,Bin,Medium,Available
6445,13.021927,77.612274,Recycling,Medium,Available
6446,12.965337,77.782854,Recycling,Low,Available
6447,13.081948,77.493295,Bin,Low,Available
6448,12.952683,77.477955,Bin,Low,Available
6449,12.976752,77.622784,Bin,Medium,Available
6450,12.952777,77.658758,Bin,Low,Available
6451,12.90913,77.687292,Bin,High,Available
6452,13.063296,77.581885,Bin,High,Available
6453,12.965293,77.518014,Recycling,Medium,Available
6454,13.023003,77.535626,Recycling,Medium,Available
6455,12.936311,77.732536,Recycling,High,Available
6456,12.87547,77.773423,Bin,High,Available
6457,12.900462,77.663344,Bin,Medium,Available
6458,12.887933,77.79273,Recycling,High,Available
6459,13.022995,77.679278,Bin,High,Full
6460,13.036963,77.77456,Bin,Medium,Full
6461,12.966033,77.674464,Bin,Medium,Available
6462,13.006164,77.630097,Bin,Medium,Full
6463,12.851728,77.496875,Bin,High,Available
6464,13.087947,77.653985,Bin,High,Available
6465,12.945335,77.613196,Bin,Medium,Available
6466,12.899496,77.567424,Recycling,Low,Available
6467,12.86623,77.644987,Bin,High,Available
6468,12.921344,77.497934,Bin,High,Available
6469,12.860643,77.497873,Bin,Low,Available
6470,12.993304,77.664421,Bin,Low,Available
6471,13.029243,77.579832,Bin,High,Available
6472,12.986306,77.571944,Recycling,Low,Available
6473,12.875724,77.472669,Recycling,Medium,Full
6474,12.979914,77.635509,Recycling,Medium,Available
6475,12.907511,77.533305,Bin,High,Available
6476,13.083989,77.799513,Bin,Low,Available
6477,13.070284,77.613006,Bin,Low,Available
6478,12.946749,77.573091,Recycling,Low,Full
6479,12.852062,77.780958,Bin,High,Available
6480,13.013553,77.758685,Bin,Low,Available
6481,12.890431,77.488726,Bin,Low,Available
6482,13.065482,77.678209,Bin,Medium,Available
6483,12.935843,77.561486,Recycling,High,Available
6484,12.969001,77.561378,Recycling,High,Available
6485,12.938028,77.659795,Bin,Low,Available
6486,12.933532,77.678801,Bin,High,Available
6487,12.977203,77.696659,Bin,Low,Available
6488,12.911498,77.47213,Recycling,Medium,Available
6489,13.05499,77.689279,Bin,Low,Available
6490,12.964594,77.759836,Bin,Medium,Full
6491,13.009279,77.603988,Recycling,High,Available
6492,13.067958,77.630107,Recycling,High,Available
6493,13.00125,77.663314,Recycling,High,Available
6494,13.03334,77.724335,Recycling,High,Available
6495,12.96051,77.736363,Recycling,Low,Available
6496,13.051083,77.713343,Bin,Low,Available
6497,13.043311,77.702997,Recycling,Medium,Full
6498,13.042697,77.652538,Recycling,High,Available
6499,12.990924,77.634485,Bin,Low,Available
6500,12.994445,77.535584,Recycling,Medium,Available
6501,12.95891,77.470325,Recycling,Medium,Available
6502,13.001858,77.65457,Bin,Low,Available
6503,12.981047,77.72627,Bin,Low,Available
6504,13.015753,77.598169,Bin,Medium,Available
6505,12.977254,77.557166,Recycling,Low,Available
6506,13.089873,77.561554,Bin,Medium,Available
6507,13.006887,77.770611,Bin,Medium,Available
6508,12.953772,77.665214,Bin,Medium,Available
6509,13.066002,77.571917,Bin,Low,Available
6510,13.012107,77.716808,Bin,Medium,Full
6511,12.883952,77.70225,Bin,Medium,Full
6512,13.032048,77.555548,Bin,Medium,Available
6513,13.078378,77.475743,Bin,High,Available
6514,12.988341,77.703843,Bin,High,Available
6515,13.07571,77.507184,Bin,Medium,Available
6516,13.0372,77.523751,Bin,Medium,Available
6517,12.984751,77.600198,Bin,Medium,Full
6518,12.915242,77.66958,Bin,Low,Available
6519,12.941368,77.510375,Bin,Medium,Available
6520,12.96247,77.597645,Bin,Low,Available
6521,13.026645,77.779413,Bin,Low,Available
6522,12.983057,77.667961,Bin,High,Available
6523,13.09646,77.498263,Bin,Low,Available
6524,13.083153,77.556383,Bin,Medium,Available
6525,12.888091,77.562128,Bin,High,Available
6526,12.983177,77.462342,Recycling,Low,Full
6527,12.984668,77.508963,Bin,High,Available
6528,12.917365,77.491302,Bin,Low,Available
6529,13.079806,77.776155,Bin,Medium,Available
6530,12.993004,77.735243,Bin,High,Available
6531,12.919137,77.670536,Bin,Medium,Available
6532,13.084279,77.591886,Bin,High,Available
6533,13.033944,77.551208,Bin,Medium,Available
6534,12.850204,77.54039,Recycling,Low,Available
6535,12.896668,77.498511,Bin,Medium,Full
6536,12.93155,77.563193,Bin,Medium,Full
6537,12.944462,77.621655,Bin,High,Available
6538,12.909789,77.493396,Recycling,High,Available
6539,13.055382,77.656709,Bin,Low,Available
6540,12.899516,77.704793,Bin,High,Available
6541,12.908973,77.543897,Bin,Medium,Available
6542,13.098322,77.652989,Bin,Low,Available
6543,12.880994,77.716885,Bin,High,Available
6544,13.097189,77.509893,Bin,Medium,Full
6545,13.011764,77.480003,Bin,High,Available
6546,12.891728,77.735097,Recycling,High,Full
6547,12.872554,77.640987,Bin,High,Available
6548,13.079407,77.576575,Bin,Medium,Available
6549,12.903364,77.733491,Bin,Low,Available
6550,13.031615,77.572379,Recycling,Medium,Available
6551,12.87264,77.698706,Bin,High,Available
6552,12.937108,77.572147,Bin,Medium,Available
6553,13.049998,77.520419,Bin,Low,Available
6554,12.957026,77.78741,Bin,High,Available
6555,12.886128,77.539852,Bin,Medium,Available
6556,13.06435,77.795991,Bin,High,Available
6557,12.898616,77.771303,Bin,High,Available
6558,12.94177,77.609407,Recycling,Low,Available
6559,12.95051,77.469455,Bin,High,Full
6560,13.035961,77.770723,Recycling,High,Available
6561,12.974966,77.797876,Bin,High,Available
6562,13.067939,77.6942,Bin,Low,Available
6563,13.078943,77.683847,Recycling,Medium,Full
6564,12.96574,77.521489,Bin,High,Available
6565,12.890013,77.452943,Bin,High,Available
6566,13.008109,77.772837,Bin,High,Available
6567,13.094275,77.477585,Recycling,Medium,Available
6568,12.947211,77.55949,Bin,Medium,Full
6569,12.989897,77.640841,Bin,Low,Available
6570,13.096295,77.756813,Bin,Medium,Available
6571,13.02134,77.690724,Recycling,Low,Full
6572,12.867516,77.616656,Recycling,Medium,Available
6573,12.90731,77.652533,Bin,Medium,Available
6574,13.053802,77.488546,Bin,Medium,Available
6575,12.901383,77.663396,Bin,Low,Available
6576,13.065314,77.472244,Bin,Medium,Available
6577,12.935587,77.789124,Bin,High,Available
6578,12.857098,77.4772,Recycling,Medium,Available
6579,13.003516,77.733601,Recycling,Low,Available
6580,13.091959,77.760592,Bin,High,Available
6581,12.89921,77.513419,Bin,High,Available
6582,12.914739,77.747029,Recycling,Low,Available
6583,13.030458,77.70054,Recycling,Low,Available
6584,13.061045,77.764437,Bin,Low,Full
6585,12.944273,77.565312,Bin,Medium,Available
6586,12.991608,77.477629,Recycling,High,Full
6587,13.069819,77.681114,Bin,Low,Available
6588,12.930998,77.626359,Recycling,Medium,Available
6589,13.023789,77.513257,Recycling,Medium,Available
6590,13.083777,77.668908,Bin,Medium,Available
6591,12.888635,77.752691,Recycling,Medium,Available
6592,13.064958,77.581184,Recycling,Medium,Available
6593,13.019334,77.632588,Bin,High,Available
6594,13.048961,77.504219,Bin,High,Full
6595,13.071099,77.752522,Bin,High,Available
6596,12.899527,77.488541,Recycling,Low,Available
6597,12.911472,77.650432,Recycling,Medium,Available
6598,12.891622,77.543081,Bin,Medium,Available
6599,12.921005,77.746099,Recycling,Low,Available
6600,13.047444,77.516725,Bin,Medium,Full
6601,13.01471,77.464213,Bin,Low,Available
6602,12.971131,77.743244,Bin,Medium,Available
6603,12.852241,77.784321,Bin,Low,Available
6604,12.972636,77.776258,Bin,Medium,Available
6605,13.042725,77.674429,Bin,Medium,Full
6606,12.952389,77.62993,Bin,Medium,Available
6607,12.929268,77.482303,Bin,Medium,Available
6608,13.007647,77.762505,Bin,Low,Full
6609,13.022986,77.486888,Bin,Medium,Available
6610,13.004637,77.648497,Recycling,Medium,Available
6611,13.09777,77.586486,Recycling,Low,Available
6612,13.083716,77.459078,Bin,Medium,Available
6613,13.007292,77.517453,Bin,Medium,Available
6614,12.9905,77.660523,Bin,Low,Available
6615,12.871945,77.519424,Recycling,Low,Available
6616,12.931799,77.627443,Bin,High,Available
6617,13.006762,77.76092,Bin,Medium,Available
6618,12.974115,77.732653,Bin,High,Available
6619,13.062218,77.453637,Recycling,Low,Available
6620,12.95413,77.688375,Bin,Low,Available
6621,12.919308,77.646153,Recycling,Low,Available
6622,13.004407,77.553379,Recycling,Medium,Available
6623,12.876947,77.639581,Bin,Low,Available
6624,12.99165,77.65951,Bin,Medium,Full
6625,13.094574,77.760973,Recycling,Low,Available
6626,12.961237,77.666871,Recycling,Low,Available
6627,13.01186,77.605958,Bin,Low,Full
6628,12.968798,77.63646,Bin,Medium,Available
6629,12.900584,77.546503,Bin,Medium,Available
6630,13.074672,77.464248,Bin,High,Available
6631,12.85054,77.51262,Recycling,High,Available
6632,13.017008,77.627537,Recycling,Low,Available
6633,12.89265,77.587067,Bin,High,Available
6634,12.986974,77.694357,Bin,High,Available
6635,12.957228,77.503069,Bin,High,Available
6636,13.027357,77.558069,Bin,Medium,Full
6637,12.935842,77.661056,Recycling,High,Available
6638,12.940121,77.60051,Bin,Medium,Full
6639,12.881518,77.646323,Recycling,Low,Available
6640,13.066307,77.765158,Bin,Low,Available
6641,12.996679,77.493351,Bin,High,Available
6642,13.060693,77.487007,Bin,High,Available
6643,13.051489,77.796411,Recycling,Medium,Available
6644,12.992419,77.673505,Bin,High,Available
6645,13.044848,77.461199,Bin,High,Available
6646,12.979435,77.505787,Recycling,High,Full
6647,13.068746,77.707794,Bin,Medium,Available
6648,12.997224,77.723764,Bin,Low,Available
6649,12.88946,77.692808,Bin,High,Available
6650,13.091174,77.450002,Bin,Medium,Available
6651,12.870837,77.476839,Bin,High,Available
6652,13.000893,77.571101,Bin,Low,Full
6653,12.875643,77.799926,Bin,Medium,Full
6654,12.940572,77.707052,Bin,Medium,Available
6655,13.055234,77.540085,Bin,High,Available
6656,12.955694,77.796519,Bin,Medium,Available
6657,12.927983,77.531825,Bin,High,Available
6658,12.943479,77.571186,Bin,Medium,Available
6659,13.001683,77.626518,Bin,Low,Available
6660,12.864157,77.666716,Bin,Low,Available
6661,13.095521,77.476041,Bin,High,Available
6662,13.044568,77.792829,Bin,High,Available
6663,12.886029,77.622618,Bin,Medium,Available
6664,13.032153,77.620789,Bin,Low,Available
6665,12.895467,77.707387,Bin,Medium,Available
6666,13.014246,77.639159,Bin,Medium,Available
6667,13.055343,77.705359,Bin,High,Available
6668,12.98296,77.473957,Bin,Medium,Available
6669,13.011783,77.675694,Bin,Medium,Available
6670,12.897928,77.670689,Bin,High,Available
6671,12.897881,77.645463,Bin,Low,Available
6672,12.858745,77.462963,Bin,Medium,Full
6673,12.915056,77.461879,Recycling,High,Available
6674,12.946437,77.505558,Bin,Medium,Full
6675,13.019541,77.794685,Bin,High,Available
6676,12.879476,77.695882,Bin,Medium,Available
6677,12.933371,77.650395,Bin,High,Available
6678,12.983749,77.458112,Recycling,Medium,Available
6679,12.903843,77.541873,Bin,Medium,Available
6680,13.023516,77.761164,Bin,Medium,Available
6681,12.996609,77.456837,Bin,Low,Available
6682,13.011347,77.50591,Bin,Medium,Available
6683,12.898665,77.64191,Recycling,High,Available
6684,12.924882,77.738066,Recycling,High,Available
6685,12.860816,77.693378,Recycling,High,Available
6686,12.986246,77.556605,Bin,High,Available
6687,13.086677,77.578513,Bin,High,Available
6688,13.02433,77.755622,Bin,High,Available
6689,13.048564,77.47444,Bin,Medium,Available
6690,13.021773,77.773114,Recycling,High,Available
6691,12.982073,77.542309,Recycling,Low,Available
6692,12.924424,77.585279,Recycling,Medium,Full
6693,12.955835,77.749169,Bin,Medium,Available
6694,12.956095,77.54097,Bin,Low,Available
6695,13.006101,77.585295,Recycling,High,Available
6696,12.96566,77.507439,Bin,High,Available
6697,12.895514,77.581731,Recycling,Medium,Full
6698,13.076135,77.502898,Bin,Medium,Available
6699,12.978893,77.496938,Bin,Low,Full
6700,13.086936,77.49049,Bin,Low,Full
6701,13.089677,77.541629,Bin,Medium,Available
6702,13.020615,77.626537,Recycling,Low,Available
6703,12.933621,77.582142,Recycling,High,Available
6704,13.043965,77.712773,Bin,High,Available
6705,12.98335,77.637865,Recycling,High,Available
6706,13.050391,77.734973,Bin,High,Available
6707,12.873262,77.65109,Recycling,Low,Available
6708,12.976618,77.751313,Recycling,High,Available
6709,13.060748,77.511609,Bin,Low,Available
6710,12.888411,77.51378,Recycling,High,Full
6711,12.884839,77.589643,Bin,Low,Available
6712,12.944896,77.482277,Bin,Medium,Available
6713,13.025995,77.705248,Recycling,Medium,Full
6714,13.078516,77.642973,Bin,Low,Available
6715,12.991239,77.77814,Bin,High,Full
6716,13.088399,77.564682,Bin,High,Available
6717,12.902862,77.717661,Bin,Low,Available
6718,13.082785,77.62726,Recycling,Low,Available
6719,13.086709,77.624835,Bin,Medium,Full
6720,12.894192,77.591293,Bin,Medium,Available
6721,13.086051,77.59438,Bin,High,Available
6722,13.018541,77.715007,Bin,Low,Available
6723,12.9392,77.543262,Recycling,Medium,Full
6724,12.898829,77.778805,Recycling,High,Available
6725,12.971409,77.657674,Recycling,High,Available
6726,13.076016,77.778124,Bin,Low,Available
6727,12.987147,77.736019,Recycling,Low,Available
6728,12.970786,77.781142,Bin,Low,Full
6729,12.887179,77.690282,Bin,Medium,Available
6730,12.954342,77.791238,Bin,Medium,Available
6731,13.007762,77.592541,Bin,High,Available
6732,12.935668,77.606353,Bin,Low,Available
6733,12.891664,77.519186,Bin,Medium,Available
6734,12.850024,77.772335,Recycling,High,Available
6735,13.0162,77.508807,Recycling,Low,Available
6736,12.972709,77.658086,Bin,Low,Available
6737,13.080727,77.755329,Bin,Medium,Available
6738,12.900065,77.538424,Bin,High,Available
6739,12.881515,77.603772,Bin,High,Available
6740,12.970633,77.692695,Bin,Low,Available
6741,12.863551,77.655719,Recycling,Medium,Available
6742,13.08219,77.614888,Recycling,Low,Available
6743,13.013155,77.755307,Bin,Low,Available
6744,13.083274,77.599322,Recycling,Low,Available
6745,12.924134,77.659011,Recycling,Medium,Full
6746,12.911058,77.692739,Recycling,Low,Available
6747,12.941309,77.465819,Recycling,High,Available
6748,13.031671,77.534312,Bin,High,Available
6749,13.020407,77.722874,Bin,Low,Available
6750,12.963441,77.739423,Bin,Low,Available
6751,13.03598,77.651211,Bin,Medium,Available
6752,12.909854,77.582358,Bin,Medium,Available
6753,12.893339,77.58773,Bin,Low,Full
6754,12.868407,77.675033,Bin,High,Full
6755,12.950369,77.738217,Bin,Low,Available
6756,12.935419,77.589075,Bin,Medium,Available
6757,12.911395,77.456501,Bin,Medium,Available
6758,12.88345,77.628472,Bin,High,Available
6759,12.855031,77.606647,Recycling,Medium,Available
6760,12.854217,77.619732,Bin,Medium,Available
6761,12.916303,77.474109,Recycling,Medium,Available
6762,12.91495,77.678502,Bin,Low,Available
6763,13.056395,77.562324,Recycling,Medium,Available
6764,13.069099,77.62823,Bin,Medium,Available
6765,13.061994,77.553147,Bin,High,Available
6766,12.94164,77.514908,Bin,Low,Available
6767,12.871466,77.659268,Bin,Medium,Available
6768,12.971786,77.511253,Bin,Medium,Available
6769,13.010552,77.450438,Recycling,High,Available
6770,12.935852,77.744808,Recycling,High,Available
6771,13.076708,77.480591,Bin,Medium,Available
6772,13.006275,77.509573,Recycling,Medium,Full
6773,12.850658,77.670496,Bin,Medium,Available
6774,12.906788,77.521715,Recycling,Medium,Available
6775,12.971005,77.610845,Bin,Low,Available
6776,13.00142,77.710929,Recycling,Medium,Available
6777,12.87558,77.567893,Bin,High,Available
6778,12.954309,77.540874,Bin,High,Full
6779,12.916572,77.667616,Bin,Low,Available
6780,12.99429,77.50248,Bin,Low,Available
6781,13.017291,77.520918,Recycling,Low,Available
6782,12.904494,77.538832,Bin,Low,Full
6783,13.022106,77.756344,Bin,Medium,Available
6784,13.030304,77.789583,Recycling,Low,Available
6785,12.857145,77.464058,Bin,Low,Available
6786,12.950113,77.591726,Recycling,Low,Available
6787,13.006647,77.65011,Bin,High,Available
6788,12.941742,77.597161,Bin,Medium,Available
6789,12.914859,77.766566,Bin,Medium,Available
6790,12.958805,77.53258,Recycling,High,Available
6791,12.865049,77.772832,Recycling,Medium,Available
6792,13.053106,77.498458,Bin,Medium,Available
6793,12.857526,77.657454,Bin,High,Available
6794,13.07004,77.760546,Bin,Low,Available
6795,13.068437,77.476234,Bin,Low,Available
6796,13.019909,77.688647,Bin,High,Available
6797,12.876315,77.752587,Bin,Low,Available
6798,13.073601,77.691361,Recycling,Low,Available
6799,13.066031,77.665202,Bin,Medium,Available
6800,12.904637,77.679217,Bin,Medium,Available
6801,12.887337,77.52777,Recycling,Medium,Available
6802,12.902723,77.569493,Bin,Low,Available
6803,12.952244,77.616841,Bin,Low,Full
6804,13.094842,77.599158,Recycling,Medium,Available
6805,12.92417,77.559778,Bin,Medium,Full
6806,13.047509,77.749897,Recycling,High,Available
6807,12.903753,77.650119,Bin,Medium,Available
6808,13.090142,77.649289,Bin,High,Available
6809,12.882253,77.74598,Recycling,Medium,Full
6810,12.937865,77.671846,Bin,Low,Available
6811,13.079002,77.514195,Bin,Medium,Available
6812,13.073657,77.485052,Bin,Medium,Available
6813,12.997453,77.585907,Recycling,Low,Available
6814,13.097392,77.691833,Recycling,Low,Available
6815,12.859028,77.797103,Recycling,Medium,Available
6816,12.88649,77.565199,Bin,High,Full
6817,13.036684,77.676266,Recycling,High,Available
6818,12.933963,77.548973,Bin,High,Available
6819,13.078132,77.45498,Recycling,High,Available
6820,13.083515,77.65647,Bin,Low,Available
6821,13.076621,77.475329,Bin,High,Available
6822,12.879192,77.578145,Bin,Low,Available
6823,12.882667,77.663799,Bin,High,Available
6824,13.088227,77.758186,Recycling,Medium,Full
6825,13.040719,77.568991,Bin,Medium,Available
6826,12.923444,77.625128,Bin,High,Available
6827,13.017853,77.558505,Bin,Medium,Full
6828,12.948113,77.613895,Bin,High,Full
6829,12.931819,77.61626,Recycling,High,Available
6830,12.877223,77.579035,Bin,Medium,Available
6831,12.859247,77.690593,Recycling,High,Available
6832,13.060382,77.539505,Bin,Low,Available
6833,13.092468,77.751279,Bin,High,Full
6834,12.904004,77.72764,Bin,High,Available
6835,12.894555,77.702216,Bin,Low,Available
6836,13.058747,77.543964,Recycling,High,Available
6837,13.011641,77.464154,Bin,Low,Available
6838,12.947415,77.574216,Recycling,Medium,Full
6839,12.886352,77.470912,Bin,Low,Available
6840,12.976493,77.620823,Bin,Medium,Available
6841,12.854008,77.479241,Bin,Low,Available
6842,12.918621,77.484265,Bin,Medium,Available
6843,12.885419,77.563346,Bin,High,Available
6844,12.898355,77.493379,Bin,High,Full
6845,12.851699,77.594787,Recycling,High,Available
6846,13.020154,77.551129,Bin,Medium,Available
6847,13.034252,77.709442,Recycling,Medium,Available
6848,12.914934,77.613734,Bin,Medium,Available
6849,12.981066,77.507744,Bin,Medium,Available
6850,13.022653,77.489014,Bin,High,Available
6851,13.048124,77.527702,Bin,High,Available
6852,12.956014,77.452378,Bin,Medium,Available
6853,12.940957,77.773126,Bin,Medium,Available
6854,12.981867,77.617155,Bin,High,Available
6855,12.982112,77.679767,Bin,High,Available
6856,13.014294,77.720204,Recycling,Medium,Available
6857,12.914709,77.681117,Bin,Low,Available
6858,12.929846,77.460883,Bin,Medium,Available
6859,12.861479,77.525846,Bin,Medium,Available
6860,13.098534,77.549554,Recycling,Low,Full
6861,12.94694,77.765316,Bin,Low,Available
6862,12.981197,77.491942,Bin,High,Available
6863,12.972382,77.635643,Bin,Low,Available
6864,12.850775,77.542812,Bin,High,Available
6865,12.892322,77.684238,Bin,Medium,Full
6866,13.096718,77.5738,Bin,High,Available
6867,12.963076,77.582152,Bin,High,Available
6868,12.947187,77.740158,Bin,High,Available
6869,12.9059,77.53655,Bin,Low,Available
6870,13.098657,77.765152,Bin,High,Full
6871,13.019027,77.631538,Recycling,Medium,Available
6872,12.941714,77.606072,Recycling,Medium,Full
6873,13.039398,77.558451,Recycling,Low,Available
6874,13.051523,77.664175,Recycling,Low,Available
6875,12.900581,77.640856,Bin,Medium,Available
6876,12.940307,77.683416,Bin,Medium,Available
6877,13.085971,77.777099,Bin,Medium,Available
6878,12.873902,77.556052,Bin,Low,Available
6879,12.946088,77.509908,Recycling,High,Full
6880,12.947686,77.469944,Bin,Low,Available
6881,13.068496,77.795225,Recycling,High,Available
6882,13.042477,77.781462,Bin,Low,Available
6883,12.995966,77.566714,Recycling,Medium,Available
6884,12.851455,77.624597,Bin,High,Available
6885,13.094144,77.684571,Bin,High,Full
6886,12.899455,77.733687,Bin,Medium,Available
6887,13.005843,77.613981,Bin,Medium,Available
6888,12.923507,77.742936,Bin,Medium,Full
6889,12.920877,77.634811,Bin,Low,Available
6890,13.050422,77.532865,Bin,Medium,Available
6891,13.032078,77.753092,Bin,High,Available
6892,12.925069,77.788855,Recycling,Low,Available
6893,13.02945,77.601019,Recycling,Medium,Available
6894,12.90521,77.592745,Bin,High,Available
6895,12.871465,77.557694,Bin,High,Available
6896,12.972636,77.490926,Bin,Low,Available
6897,12.894997,77.612722,Bin,High,Full
6898,13.088231,77.701385,Recycling,High,Full
6899,13.087946,77.605997,Bin,Medium,Available
6900,13.043861,77.754691,Bin,Medium,Full
6901,12.907972,77.527702,Recycling,Low,Available
6902,12.923097,77.509049,Bin,Medium,Available
6903,12.898966,77.718753,Bin,Medium,Available
6904,12.958601,77.612252,Bin,High,Full
6905,13.002348,77.463616,Bin,Low,Available
6906,12.947519,77.743194,Recycling,Medium,Available
6907,12.997537,77.518996,Recycling,Medium,Available
6908,13.040683,77.526703,Bin,Medium,Available
6909,12.992391,77.679779,Bin,Medium,Available
6910,13.093342,77.467368,Bin,High,Full
6911,13.056225,77.476599,Bin,Medium,Available
6912,12.863756,77.518995,Bin,Low,Available
6913,13.055192,77.696582,Bin,High,Available
6914,12.915085,77.621339,Bin,Low,Available
6915,13.085972,77.767945,Bin,Low,Available
6916,12.944387,77.523526,Bin,Medium,Available
6917,12.922824,77.722632,Recycling,Medium,Available
6918,13.079617,77.684031,Bin,Medium,Available
6919,13.008837,77.615855,Bin,High,Available
6920,12.869988,77.472881,Bin,Medium,Available
6921,13.012865,77.518288,Recycling,High,Available
6922,13.012702,77.786503,Bin,High,Available
6923,12.997736,77.468173,Recycling,Medium,Available
6924,13.052295,77.633329,Bin,Low,Available
6925,13.066734,77.493252,Bin,Medium,Full
6926,12.969423,77.798756,Recycling,High,Available
6927,12.913276,77.497406,Bin,High,Available
6928,12.882542,77.665113,Bin,Medium,Available
6929,13.020153,77.639461,Bin,Low,Available
6930,13.05034,77.701497,Bin,Medium,Available
6931,13.064043,77.719467,Bin,High,Available
6932,13.021664,77.787044,Bin,Low,Available
6933,12.851745,77.755387,Bin,Medium,Available
6934,12.900835,77.76439,Recycling,Medium,Available
6935,13.034003,77.7428,Recycling,Medium,Available
6936,13.063201,77.712382,Bin,Medium,Available
6937,13.057069,77.709791,Recycling,Medium,Available
6938,13.063643,77.531312,Bin,Medium,Full
6939,12.853959,77.524401,Bin,Medium,Available
6940,12.997535,77.759967,Bin,Low,Full
6941,13.008011,77.526637,Bin,High,Available
6942,12.994146,77.500669,Recycling,Medium,Available
6943,13.011892,77.54246,Bin,Low,Available
6944,12.889457,77.665968,Bin,Medium,Available
6945,13.053696,77.769743,Bin,Medium,Available
6946,12.880036,77.679019,Bin,High,Available
6947,12.8819,77.755219,Bin,Low,Available
6948,13.09882,77.595901,Bin,High,Available
6949,13.060355,77.620252,Recycling,High,Available
6950,12.945318,77.775322,Bin,Medium,Available
6951,12.990208,77.505708,Bin,Medium,Available
6952,12.959338,77.714531,Bin,Low,Available
6953,13.004318,77.511803,Recycling,Medium,Available
6954,12.944049,77.504561,Recycling,Medium,Available
6955,13.070873,77.455541,Bin,Low,Available
6956,13.014539,77.671858,Bin,Low,Available
6957,13.08831,77.692727,Bin,Medium,Available
6958,12.872351,77.799353,Recycling,Medium,Available
6959,12.976079,77.5401,Bin,Medium,Available
6960,12.868618,77.646285,Recycling,High,Available
6961,12.876849,77.654077,Recycling,High,Full
6962,13.019403,77.520184,Bin,Low,Available
6963,12.859047,77.708734,Recycling,Low,Full
6964,12.980482,77.766553,Recycling,Low,Available
6965,12.883657,77.721242,Bin,High,Available
6966,13.022092,77.796233,Bin,Low,Available
6967,12.894961,77.460676,Bin,Low,Available
6968,12.94342,77.706536,Bin,Low,Available
6969,12.90484,77.580896,Bin,High,Available
6970,12.863915,77.518215,Recycling,Medium,Available
6971,12.881042,77.497245,Bin,High,Available
6972,13.010788,77.630658,Bin,Low,Available
6973,12.860775,77.797715,Bin,Low,Available
6974,13.057906,77.540016,Bin,Low,Available
6975,13.001992,77.518025,Bin,High,Full
6976,12.88345,77.609428,Recycling,High,Available
6977,12.975625,77.772833,Bin,High,Available
6978,12.876703,77.501749,Bin,Low,Full
6979,13.01255,77.7086,Bin,Medium,Available
6980,13.081404,77.63019,Bin,High,Available
6981,13.063531,77.75182,Bin,Low,Full
6982,12.956474,77.450777,Bin,Medium,Available
6983,13.085736,77.77031,Recycling,Low,Available
6984,12.906464,77.515643,Recycling,Medium,Full
6985,12.860609,77.730763,Bin,Low,Available
6986,12.948897,77.62016,Recycling,Medium,Available
6987,12.893227,77.597016,Bin,Medium,Available
6988,13.041877,77.484461,Bin,Medium,Available
6989,13.056503,77.665401,Bin,Medium,Full
6990,13.023482,77.583642,Bin,Low,Available
6991,13.098171,77.592368,Recycling,Low,Available
6992,13.09013,77.481896,Bin,High,Full
6993,13.061502,77.749577,Bin,Low,Available
6994,13.094596,77.634077,Bin,Medium,Available
6995,12.90207,77.701716,Bin,Medium,Available
6996,12.888817,77.668207,Bin,Medium,Available
6997,12.936811,77.621459,Recycling,High,Full
6998,12.976412,77.634143,Bin,High,Available
6999,13.035612,77.593169,Bin,Low,Available
7000,12.914654,77.542524,Recycling,Medium,Available
7001,12.885896,77.545329,Bin,High,Available
7002,13.067661,77.488213,Bin,High,Available
7003,13.072028,77.696377,Bin,Medium,Available
7004,13.083035,77.597387,Bin,Low,Available
7005,12.902724,77.477137,Recycling,Low,Available
7006,13.024873,77.737589,Bin,Low,Available
7007,12.86174,77.68081,Bin,Medium,Available
7008,13.054377,77.641334,Recycling,Medium,Available
7009,12.95184,77.602328,Recycling,Low,Available
7010,13.031584,77.712647,Bin,Medium,Available
7011,13.077357,77.579426,Recycling,Low,Available
7012,12.936396,77.685051,Bin,Low,Available
7013,12.914791,77.511617,Bin,High,Available
7014,12.951295,77.788312,Bin,High,Available
7015,12.950157,77.588699,Bin,Medium,Available
7016,13.048396,77.623784,Bin,Medium,Available
7017,12.912617,77.463255,Recycling,High,Available
7018,13.084509,77.575746,Recycling,Medium,Full
7019,13.046458,77.459799,Bin,Medium,Available
7020,12.965259,77.784121,Bin,Medium,Available
7021,13.007457,77.517846,Bin,High,Available
7022,13.047297,77.719822,Bin,High,Available
7023,12.875177,77.587681,Bin,Medium,Available
7024,12.99979,77.576539,Recycling,Medium,Full
7025,12.872756,77.690698,Bin,High,Available
7026,12.926359,77.510338,Bin,Medium,Available
7027,12.921072,77.50521,Bin,Low,Full
7028,13.068156,77.557972,Bin,High,Available
7029,13.000144,77.770601,Bin,Low,Available
7030,13.08061,77.455958,Bin,High,Available
7031,12.969402,77.531369,Bin,Low,Available
7032,13.0519,77.503993,Bin,Medium,Available
7033,13.02627,77.72339,Bin,Medium,Available
7034,12.917882,77.583826,Bin,Low,Available
7035,12.951605,77.636704,Bin,High,Available
7036,13.076032,77.583111,Bin,Low,Available
7037,13.066643,77.566752,Bin,Medium,Available
7038,12.982901,77.556283,Bin,High,Available
7039,12.961527,77.652131,Recycling,High,Available
7040,12.92523,77.571883,Bin,Low,Available
7041,13.052061,77.641072,Bin,Medium,Available
7042,12.938607,77.613126,Bin,Medium,Available
7043,12.958381,77.59791,Bin,Medium,Available
7044,12.854239,77.667337,Recycling,High,Full
7045,12.884769,77.527882,Bin,Low,Available
7046,12.950572,77.550676,Bin,High,Available
7047,12.882358,77.493862,Recycling,High,Available
7048,12.904938,77.71157,Bin,High,Available
7049,12.898002,77.750583,Bin,Low,Available
7050,13.042049,77.510625,Bin,Low,Available
7051,12.93518,77.536861,Bin,High,Available
7052,12.936946,77.734305,Bin,Low,Available
7053,12.986909,77.660864,Recycling,Medium,Available
7054,13.067654,77.549663,Bin,Low,Available
7055,13.021662,77.600351,Bin,High,Available
7056,12.992085,77.722156,Recycling,Medium,Available
7057,12.951875,77.601597,Bin,Medium,Available
7058,13.091864,77.722645,Bin,Low,Available
7059,13.03359,77.787268,Bin,Low,Full
7060,12.914662,77.702536,Bin,High,Available
7061,13.023897,77.63632,Recycling,Low,Available
7062,12.867377,77.757719,Bin,Medium,Available
7063,12.972258,77.589546,Bin,High,Available
7064,13.011671,77.738048,Recycling,High,Available
7065,13.000127,77.499491,Bin,Medium,Full
7066,12.866812,77.487101,Bin,Low,Available
7067,12.903636,77.490769,Bin,High,Available
7068,13.054681,77.543217,Recycling,Medium,Full
7069,12.967794,77.54375,Bin,Medium,Available
7070,13.082514,77.545012,Bin,Low,Available
7071,13.023138,77.656694,Recycling,Low,Full
7072,12.932722,77.769574,Bin,High,Available
7073,12.939548,77.4777,Bin,Low,Available
7074,13.001052,77.706383,Recycling,Low,Available
7075,12.935286,77.706054,Recycling,High,Full
7076,13.069846,77.796842,Bin,High,Available
7077,12.892115,77.465913,Bin,High,Available
7078,12.906089,77.709673,Bin,High,Available
7079,13.093144,77.502598,Recycling,Medium,Available
7080,12.967111,77.669416,Recycling,Medium,Full
7081,12.913757,77.589444,Bin,Medium,Full
7082,13.031421,77.617608,Recycling,Medium,Available
7083,12.985798,77.668815,Recycling,Low,Available
7084,12.874539,77.502149,Bin,Low,Available
7085,12.97855,77.526375,Bin,Low,Full
7086,12.85317,77.452453,Bin,High,Full
7087,12.913005,77.518833,Bin,High,Available
7088,12.958089,77.490421,Bin,Medium,Available
7089,12.900512,77.532137,Bin,Low,Available
7090,13.082169,77.458562,Bin,High,Available
7091,12.88288,77.465169,Bin,Medium,Available
7092,13.057904,77.707427,Bin,High,Available
7093,13.018817,77.491491,Bin,Low,Available
7094,12.893116,77.704088,Bin,Low,Available
7095,12.860336,77.710754,Recycling,High,Full
7096,12.851502,77.491254,Bin,High,Available
7097,12.943534,77.501152,Bin,Medium,Available
7098,12.857955,77.748262,Recycling,High,Full
7099,12.853835,77.792227,Bin,High,Available
7100,12.961631,77.465458,Bin,High,Available
7101,12.982457,77.63391,Recycling,Medium,Available
7102,12.971252,77.673271,Recycling,Medium,Available
7103,13.076437,77.765903,Recycling,Medium,Available
7104,12.910098,77.461934,Recycling,Low,Available
7105,13.079148,77.782575,Bin,Medium,Available
7106,12.984111,77.732628,Recycling,Medium,Available
7107,12.963858,77.678478,Bin,High,Full
7108,12.920578,77.787746,Bin,High,Available
7109,12.912875,77.562357,Bin,Low,Full
7110,12.954653,77.787096,Bin,Low,Available
7111,13.098386,77.64781,Bin,High,Available
7112,13.022132,77.630278,Bin,Low,Full
7113,13.077981,77.629597,Bin,Low,Available
7114,12.980563,77.55774,Bin,Medium,Available
7115,13.072924,77.654849,Recycling,Medium,Available
7116,13.032407,77.70468,Bin,Medium,Full
7117,13.007999,77.674901,Recycling,Low,Available
7118,13.089858,77.576581,Bin,Medium,Available
7119,12.988986,77.504478,Bin,Medium,Available
7120,12.945687,77.53591,Bin,Medium,Available
7121,13.045709,77.698162,Bin,Low,Available
7122,12.99918,77.523977,Bin,Medium,Full
7123,13.022486,77.750217,Bin,Low,Available
7124,13.088916,77.555071,Bin,Medium,Available
7125,12.927491,77.637409,Recycling,Medium,Available
7126,12.975632,77.731115,Bin,Low,Available
7127,12.953905,77.769804,Bin,Medium,Available
7128,13.032603,77.690114,Bin,Low,Full
7129,12.930414,77.503281,Recycling,High,Available
7130,13.083979,77.481891,Bin,Medium,Available
7131,13.079285,77.744126,Bin,High,Available
7132,12.987159,77.777447,Recycling,Medium,Available
7133,12.902635,77.630078,Bin,Low,Available
7134,13.057597,77.605515,Bin,High,Available
7135,13.049607,77.517828,Bin,Medium,Available
7136,12.979118,77.528732,Bin,Medium,Available
7137,13.097048,77.752947,Recycling,Medium,Available
7138,12.992023,77.737504,Bin,Medium,Available
7139,12.903031,77.582388,Recycling,High,Available
7140,13.001339,77.53633,Bin,High,Available
7141,13.033335,77.608669,Bin,Medium,Available
7142,13.014863,77.792122,Recycling,High,Available
7143,12.920303,77.601217,Bin,Medium,Available
7144,12.856767,77.523211,Recycling,Low,Available
7145,12.937813,77.712759,Bin,High,Available
7146,13.06803,77.54902,Bin,Medium,Available
7147,12.946077,77.574487,Bin,High,Available
7148,13.09548,77.764898,Bin,Medium,Available
7149,13.05474,77.759975,Bin,Low,Available
7150,13.071201,77.699931,Recycling,Medium,Available
7151,13.092002,77.771306,Bin,Low,Available
7152,13.039263,77.583761,Bin,Medium,Available
7153,12.937943,77.675745,Recycling,Medium,Available
7154,13.014987,77.642901,Bin,Medium,Available
7155,13.079375,77.739317,Bin,High,Full
7156,13.081924,77.527621,Recycling,Medium,Available
7157,12.915845,77.693183,Bin,High,Available
7158,12.902839,77.514349,Recycling,Medium,Available
7159,13.038129,77.74924,Bin,Medium,Available
7160,13.068199,77.550593,Bin,Low,Full
7161,12.96562,77.596501,Bin,Low,Available
7162,12.997457,77.651435,Bin,Medium,Available
7163,12.893728,77.758941,Bin,Low,Available
7164,13.086325,77.565342,Bin,Medium,Available
7165,12.912042,77.775553,Bin,Medium,Full
7166,12.879876,77.589714,Bin,Low,Available
7167,13.012388,77.71122,Bin,High,Available
7168,12.929961,77.5706,Bin,Low,Available
7169,13.05861,77.784089,Bin,High,Available
7170,12.947245,77.48851,Recycling,Medium,Full
7171,12.970914,77.588318,Bin,High,Available
7172,12.855941,77.629364,Bin,Low,Available
7173,12.941067,77.590788,Bin,Medium,Available
7174,12.903451,77.700991,Bin,Low,Available
7175,12.903726,77.544842,Bin,High,Available
7176,12.970561,77.609004,Recycling,Low,Available
7177,13.016174,77.593327,Recycling,Low,Available
7178,13.074169,77.59758,Bin,Low,Available
7179,12.858972,77.59853,Recycling,High,Available
7180,13.065274,77.657959,Bin,Low,Available
7181,12.898263,77.5961,Recycling,Low,Available
7182,12.906101,77.643171,Bin,Medium,Available
7183,12.976561,77.547171,Recycling,Medium,Available
7184,13.025137,77.621696,Bin,Medium,Available
7185,12.96498,77.478674,Bin,Medium,Available
7186,13.076548,77.511541,Bin,High,Available
7187,12.969428,77.513397,Bin,Medium,Available
7188,12.937168,77.496149,Recycling,Low,Available
7189,13.09508,77.680903,Bin,Low,Full
7190,12.853497,77.688486,Recycling,Low,Available
7191,13.099709,77.673875,Bin,High,Available
7192,13.03736,77.655723,Bin,Low,Available
7193,12.876672,77.455392,Bin,Low,Full
7194,13.037509,77.650612,Bin,Low,Available
7195,13.010307,77.72378,Bin,High,Available
7196,12.989743,77.525012,Bin,Medium,Available
7197,12.96516,77.488789,Bin,Low,Available
7198,12.915869,77.535777,Bin,High,Available
7199,12.931777,77.556795,Recycling,Medium,Available
7200,13.028403,77.570607,Bin,High,Available
7201,13.082632,77.562228,Bin,Medium,Available
7202,12.865273,77.669493,Recycling,Medium,Available
7203,12.911201,77.687885,Recycling,Medium,Available
7204,12.907096,77.594275,Bin,Medium,Full
7205,13.053326,77.517258,Bin,Low,Available
7206,12.893054,77.567441,Bin,Medium,Full
7207,12.903187,77.577473,Bin,Low,Full
7208,12.946806,77.779178,Bin,Low,Available
7209,13.063891,77.461234,Recycling,Medium,Available
7210,13.004362,77.49652,Bin,High,Available
7211,12.979564,77.511844,Bin,Medium,Available
7212,13.041358,77.625368,Recycling,Low,Available
7213,12.889715,77.720204,Recycling,Low,Available
7214,13.02132,77.749349,Recycling,Low,Available
7215,13.039341,77.53954,Bin,Medium,Available
7216,13.092397,77.769404,Bin,Low,Available
7217,12.913925,77.508981,Bin,Medium,Available
7218,12.992937,77.455372,Recycling,High,Available
7219,12.966637,77.539214,Recycling,High,Available
7220,12.966455,77.560342,Bin,Medium,Full
7221,12.914659,77.622437,Recycling,Medium,Full
7222,12.864691,77.783561,Bin,High,Available
7223,12.961091,77.558015,Bin,Low,Full
7224,12.926431,77.678646,Bin,High,Available
7225,13.094862,77.598191,Bin,Medium,Available
7226,13.014777,77.722422,Bin,Medium,Full
7227,12.876975,77.483017,Recycling,Medium,Available
7228,12.986346,77.795123,Recycling,Medium,Available
7229,12.915477,77.758785,Bin,High,Available
7230,12.875768,77.56644,Bin,High,Available
7231,12.872103,77.667485,Recycling,Medium,Available
7232,12.927966,77.760484,Bin,High,Available
7233,13.054057,77.796429,Recycling,Low,Available
7234,12.858799,77.51647,Bin,Medium,Available
7235,12.968145,77.764594,Recycling,High,Available
7236,12.982771,77.561503,Bin,Medium,Available
7237,12.908314,77.69667,Recycling,Medium,Available
7238,12.951271,77.483613,Recycling,High,Available
7239,12.891623,77.653383,Bin,High,Available
7240,12.918323,77.452135,Recycling,Medium,Available
7241,12.921744,77.500006,Bin,Medium,Available
7242,12.884407,77.653168,Recycling,Low,Available
7243,12.895781,77.568445,Recycling,Medium,Available
7244,12.880534,77.464866,Recycling,Low,Available
7245,12.909428,77.605984,Recycling,Low,Available
7246,12.872593,77.612579,Bin,Low,Available
7247,13.040337,77.710395,Bin,Low,Available
7248,12.976339,77.754294,Recycling,Medium,Available
7249,13.023363,77.567681,Bin,Low,Available
7250,12.868806,77.597049,Bin,High,Available
7251,13.098111,77.480715,Bin,Medium,Available
7252,12.91659,77.47428,Bin,High,Full
7253,12.948812,77.756695,Bin,Medium,Available
7254,12.905363,77.519437,Recycling,Medium,Full
7255,12.883667,77.574645,Bin,High,Available
7256,12.938365,77.499992,Recycling,Low,Available
7257,12.958777,77.58701,Bin,Low,Full
7258,12.866961,77.484759,Bin,High,Available
7259,13.054004,77.762218,Bin,Low,Available
7260,13.025659,77.722992,Recycling,Low,Available
7261,12.883726,77.628756,Bin,Low,Available
7262,12.898687,77.597206,Recycling,Medium,Available
7263,12.893536,77.487092,Bin,Medium,Available
7264,13.070311,77.599132,Bin,Low,Available
7265,12.870942,77.694648,Bin,Low,Available
7266,12.986153,77.48108,Bin,High,Available
7267,13.021872,77.519902,Recycling,High,Available
7268,12.911156,77.589712,Bin,Low,Available
7269,12.860632,77.523637,Recycling,Medium,Available
7270,13.015014,77.775701,Bin,Medium,Available
7271,13.016931,77.529279,Bin,High,Full
7272,13.041896,77.787122,Bin,High,Available
7273,13.077221,77.506556,Recycling,Low,Available
7274,12.979397,77.561388,Bin,High,Available
7275,13.075453,77.799679,Bin,Low,Available
7276,12.978797,77.662128,Bin,Medium,Available
7277,12.960465,77.479835,Recycling,Low,Available
7278,12.875034,77.721243,Bin,Low,Available
7279,13.079069,77.768026,Bin,High,Available
7280,12.882963,77.624815,Bin,High,Full
7281,12.851083,77.531521,Bin,Medium,Full
7282,13.072971,77.67301,Bin,High,Available
7283,13.091293,77.452044,Bin,Low,Available
7284,13.008733,77.691359,Recycling,Medium,Available
7285,13.072313,77.733888,Bin,High,Full
7286,13.009305,77.548632,Bin,Medium,Available
7287,12.9862,77.775322,Bin,Low,Available
7288,12.92522,77.545337,Bin,Low,Full
7289,12.983083,77.720723,Bin,High,Available
7290,12.956036,77.789734,Bin,Medium,Available
7291,12.925364,77.761042,Recycling,Medium,Full
7292,12.971555,77.648277,Bin,Medium,Available
7293,12.946373,77.788214,Bin,Low,Available
7294,12.930011,77.58938,Bin,Medium,Available
7295,13.037757,77.791589,Bin,Low,Available
7296,13.044387,77.677617,Bin,Low,Available
7297,12.991539,77.65475,Bin,Medium,Available
7298,13.071313,77.707851,Bin,Medium,Available
7299,12.906725,77.758772,Bin,Medium,Full
7300,13.096254,77.655209,Bin,Medium,Full
7301,12.922077,77.799744,Bin,Medium,Available
7302,12.913838,77.782012,Bin,Low,Available
7303,13.030307,77.554194,Recycling,Low,Available
7304,12.886225,77.486463,Bin,High,Available
7305,12.903251,77.545066,Bin,High,Available
7306,12.852159,77.678148,Bin,Medium,Available
7307,13.049361,77.570358,Bin,Medium,Available
7308,12.903514,77.66265,Recycling,Medium,Available
7309,13.049217,77.711814,Bin,Medium,Available
7310,12.911366,77.578196,Bin,High,Available
7311,12.892152,77.617941,Recycling,Medium,Available
7312,13.019009,77.673532,Recycling,Low,Full
7313,13.057307,77.778254,Recycling,High,Available
7314,12.929807,77.560327,Bin,High,Available
7315,12.863127,77.721406,Recycling,High,Available
7316,12.998905,77.760711,Bin,High,Available
7317,13.052295,77.674486,Bin,High,Available
7318,13.065721,77.511383,Bin,Low,Available
7319,12.915971,77.702363,Bin,High,Available
7320,12.988899,77.488873,Recycling,High,Available
7321,12.932145,77.526889,Recycling,High,Available
7322,12.909706,77.510149,Bin,Low,Available
7323,12.875133,77.644638,Bin,Medium,Available
7324,13.014775,77.676871,Bin,High,Full
7325,12.928985,77.455973,Recycling,High,Available
7326,12.851239,77.735742,Bin,High,Available
7327,13.065289,77.474025,Bin,High,Available
7328,12.883253,77.749969,Bin,Low,Available
7329,13.008832,77.698761,Recycling,Medium,Available
7330,12.939708,77.746416,Recycling,High,Full
7331,12.925013,77.635386,Bin,Low,Available
7332,13.066941,77.637433,Bin,Medium,Available
7333,12.886375,77.664917,Bin,High,Available
7334,13.085734,77.573639,Recycling,High,Available
7335,12.938427,77.581573,Recycling,Medium,Available
7336,13.009014,77.706632,Bin,Low,Available
7337,12.907983,77.599447,Recycling,Medium,Available
7338,12.97084,77.79882,Bin,High,Available
7339,12.893275,77.703443,Bin,High,Full
7340,12.912771,77.68899,Bin,High,Available
7341,12.862968,77.650965,Recycling,Low,Available
7342,12.929017,77.718044,Bin,Low,Available
7343,12.861601,77.509709,Bin,Medium,Available
7344,12.877139,77.576294,Recycling,Medium,Available
7345,12.890895,77.474399,Recycling,Medium,Available
7346,13.069422,77.69772,Recycling,Medium,Available
7347,13.089499,77.768198,Bin,High,Available
7348,13.020942,77.507961,Bin,Low,Available
7349,12.910898,77.608363,Bin,High,Available
7350,13.073317,77.586513,Recycling,Medium,Full
7351,13.015706,77.628051,Bin,High,Available
7352,12.945297,77.508353,Recycling,High,Available
7353,13.078966,77.49388,Recycling,High,Available
7354,12.926158,77.675202,Bin,High,Available
7355,12.985091,77.774648,Bin,High,Available
7356,13.079799,77.473661,Bin,Medium,Available
7357,12.964978,77.743113,Bin,Medium,Available
7358,12.912929,77.681147,Bin,Low,Available
7359,12.860943,77.494424,Recycling,High,Available
7360,12.936998,77.77778,Bin,Medium,Available
7361,13.046972,77.783113,Bin,Medium,Available
7362,13.091818,77.761777,Bin,High,Available
7363,12.944282,77.454582,Bin,Medium,Full
7364,13.008195,77.682448,Bin,Medium,Available
7365,13.01286,77.564161,Bin,Medium,Available
7366,12.886772,77.588539,Bin,High,Available
7367,13.077215,77.671219,Bin,High,Available
7368,12.898373,77.711594,Bin,Low,Available
7369,13.042536,77.726773,Bin,High,Available
7370,13.058492,77.698012,Bin,Low,Available
7371,13.022615,77.559372,Recycling,Medium,Available
7372,12.941901,77.490875,Bin,High,Available
7373,12.850563,77.798956,Bin,Medium,Full
7374,12.999928,77.729661,Recycling,High,Available
7375,12.940926,77.618863,Recycling,High,Available
7376,12.999306,77.616935,Bin,Low,Available
7377,12.91925,77.565387,Recycling,Low,Full
7378,12.85034,77.778709,Bin,Low,Available
7379,13.073964,77.603325,Bin,High,Available
7380,13.055112,77.553333,Bin,Low,Available
7381,12.851272,77.556204,Bin,Medium,Available
7382,12.995946,77.552561,Recycling,Medium,Available
7383,12.988628,77.712125,Bin,Low,Available
7384,12.976755,77.592971,Recycling,Low,Available
7385,12.935547,77.474788,Bin,Medium,Available
7386,12.998062,77.784898,Recycling,Medium,Available
7387,12.966266,77.587533,Recycling,High,Available
7388,12.887196,77.768713,Recycling,Medium,Available
7389,12.962041,77.765658,Bin,High,Available
7390,13.080143,77.625104,Bin,Low,Available
7391,12.911122,77.670943,Bin,Low,Available
7392,12.991121,77.608407,Bin,Medium,Available
7393,12.883142,77.51898,Bin,Medium,Available
7394,12.957464,77.729419,Bin,Medium,Available
7395,13.036101,77.693317,Recycling,High,Available
7396,13.061122,77.570979,Bin,High,Full
7397,12.987124,77.578296,Recycling,Medium,Available
7398,13.009873,77.464918,Bin,High,Available
7399,13.082829,77.784539,Recycling,High,Available
7400,12.9923,77.742658,Bin,Medium,Available
7401,13.014415,77.712814,Bin,High,Available
7402,12.970111,77.497227,Recycling,Low,Full
7403,13.057115,77.684819,Recycling,Medium,Available
7404,12.989846,77.547021,Bin,Medium,Available
7405,12.975732,77.616138,Bin,Medium,Available
7406,12.915248,77.715041,Bin,Low,Available
7407,13.009643,77.734895,Recycling,High,Available
7408,12.92478,77.49537,Bin,Medium,Available
7409,12.909283,77.563275,Bin,High,Available
7410,13.002118,77.467974,Bin,Low,Available
7411,12.878256,77.571354,Bin,High,Available
7412,12.871597,77.661229,Bin,Low,Available
7413,13.044014,77.571644,Bin,Low,Available
7414,13.095342,77.554906,Bin,High,Available
7415,12.996324,77.694763,Recycling,High,Available
7416,12.953208,77.553296,Bin,Medium,Available
7417,12.894624,77.556759,Bin,Medium,Full
7418,13.047808,77.787964,Bin,Medium,Full
7419,13.059998,77.701553,Bin,Low,Full
7420,13.044164,77.743267,Bin,Medium,Available
7421,13.059588,77.76251,Bin,Medium,Available
7422,12.952393,77.620334,Recycling,High,Available
7423,12.981935,77.676607,Bin,High,Full
7424,12.924101,77.627781,Bin,Medium,Available
7425,12.87138,77.754541,Bin,High,Available
7426,13.057875,77.727187,Bin,Medium,Full
7427,12.979614,77.590449,Recycling,Low,Available
7428,13.013094,77.66299,Bin,Medium,Available
7429,12.996221,77.689562,Bin,High,Available
7430,13.096806,77.45815,Bin,Low,Available
7431,12.910801,77.708117,Recycling,Low,Available
7432,13.068839,77.576445,Bin,Low,Available
7433,12.907825,77.683075,Bin,High,Available
7434,12.976399,77.540833,Recycling,Medium,Available
7435,12.918191,77.479016,Bin,Medium,Available
7436,13.090943,77.509966,Recycling,Medium,Available
7437,13.092409,77.730902,Bin,Medium,Full
7438,12.998302,77.485665,Bin,Medium,Available
7439,13.037043,77.488073,Recycling,Medium,Available
7440,12.858713,77.786341,Bin,Medium,Full
7441,13.082338,77.527105,Recycling,High,Available
7442,12.909961,77.594543,Bin,High,Available
7443,13.059175,77.746,Bin,High,Available
7444,12.905406,77.729537,Recycling,Low,Full
7445,12.856248,77.632759,Recycling,High,Available
7446,12.982338,77.677838,Bin,Medium,Available
7447,13.061592,77.559508,Bin,Low,Available
7448,12.898846,77.61835,Bin,Low,Available
7449,12.956208,77.598802,Bin,High,Available
7450,13.072886,77.707916,Bin,Medium,Full
7451,13.010925,77.494582,Bin,Medium,Available
7452,13.079041,77.478785,Bin,Low,Full
7453,12.989807,77.757941,Bin,High,Available
7454,13.077947,77.609301,Recycling,Low,Available
7455,12.95129,77.461004,Bin,Medium,Available
7456,12.895978,77.612702,Bin,Medium,Available
7457,12.885019,77.513418,Recycling,Low,Available
7458,12.954632,77.788883,Bin,High,Available
7459,12.851338,77.542281,Bin,Medium,Available
7460,13.079168,77.576327,Bin,High,Available
7461,12.871022,77.696425,Bin,Low,Available
7462,12.861259,77.576083,Bin,Medium,Available
7463,13.033085,77.661873,Bin,High,Full
7464,13.06518,77.503609,Bin,Medium,Available
7465,12.882917,77.550713,Recycling,Medium,Available
7466,12.8516,77.701795,Bin,Low,Full
7467,13.044358,77.704153,Recycling,Medium,Available
7468,12.901552,77.693992,Bin,Low,Available
7469,12.853023,77.611688,Bin,Medium,Available
7470,12.895253,77.664649,Bin,Low,Available
7471,13.046245,77.474185,Bin,Medium,Full
7472,12.896451,77.561426,Recycling,Medium,Available
7473,12.858259,77.794716,Recycling,Medium,Available
7474,12.868717,77.640741,Bin,Medium,Available
7475,13.059663,77.548482,Bin,High,Available
7476,13.057661,77.495947,Recycling,High,Available
7477,12.941584,77.479242,Bin,Medium,Available
7478,13.038053,77.74025,Recycling,Medium,Available
7479,13.069034,77.589544,Bin,Medium,Available
7480,12.871722,77.457495,Bin,Medium,Available
7481,12.953603,77.548406,Bin,Low,Available
7482,12.878261,77.561704,Bin,Low,Available
7483,12.908654,77.488755,Recycling,Medium,Available
7484,12.865561,77.664243,Bin,Low,Available
7485,13.082261,77.650204,Bin,Low,Available
7486,12.950658,77.772828,Bin,High,Available
7487,12.952192,77.465768,Bin,Medium,Available
7488,12.98567,77.589362,Recycling,Low,Available
7489,12.878469,77.602603,Recycling,Low,Full
7490,13.072126,77.595217,Bin,High,Full
7491,12.893685,77.770667,Recycling,Medium,Available
7492,12.961237,77.647416,Bin,Low,Available
7493,12.850348,77.652843,Recycling,Low,Available
7494,12.996871,77.536405,Recycling,Medium,Available
7495,12.90653,77.464485,Bin,Low,Available
7496,12.996659,77.465636,Bin,Medium,Available
7497,13.007002,77.486649,Recycling,High,Available
7498,13.004004,77.622315,Recycling,Medium,Full
7499,12.899836,77.570938,Recycling,High,Available
7500,13.064903,77.695891,Bin,Medium,Available
7501,12.95154,77.667074,Bin,Low,Available
7502,13.081118,77.458659,Bin,Medium,Available
7503,12.951462,77.491107,Bin,High,Available
7504,12.876063,77.683727,Bin,High,Available
7505,12.917497,77.682288,Bin,Low,Available
7506,13.040817,77.616528,Bin,High,Full
7507,12.958313,77.581141,Bin,Low,Available
7508,13.045572,77.589105,Bin,Low,Available
7509,12.917248,77.612361,Bin,Low,Available
7510,12.964898,77.668452,Bin,Low,Available
7511,13.025548,77.720272,Bin,Low,Available
7512,13.0643,77.76224,Recycling,Low,Available
7513,13.074773,77.469862,Bin,Medium,Available
7514,12.979171,77.760085,Recycling,High,Available
7515,12.952642,77.683026,Bin,Low,Available
7516,12.920246,77.46718,Bin,High,Available
7517,12.961975,77.782702,Bin,Low,Available
7518,12.87205,77.483281,Recycling,Low,Available
7519,12.977231,77.527814,Bin,Low,Available
7520,12.980709,77.529938,Bin,Low,Available
7521,13.028749,77.600481,Recycling,Medium,Full
7522,12.92103,77.778576,Bin,High,Full
7523,12.987799,77.751763,Bin,Medium,Available
7524,12.88641,77.643726,Recycling,High,Available
7525,13.010827,77.571768,Bin,Low,Available
7526,13.01837,77.734157,Bin,Low,Available
7527,12.923013,77.607807,Bin,Medium,Full
7528,12.933709,77.724931,Bin,Medium,Available
7529,12.998769,77.453017,Bin,High,Available
7530,12.951377,77.50104,Bin,High,Available
7531,12.990001,77.553295,Recycling,Medium,Available
7532,12.850821,77.607612,Recycling,Medium,Available
7533,13.014419,77.503276,Recycling,Low,Available
7534,13.097742,77.785294,Recycling,Medium,Available
7535,13.032027,77.452941,Bin,Medium,Available
7536,13.077226,77.621382,Bin,Medium,Full
7537,13.081798,77.490682,Recycling,Medium,Available
7538,13.044863,77.527996,Bin,Medium,Available
7539,12.87627,77.497765,Bin,Low,Available
7540,12.997074,77.766364,Bin,High,Available
7541,13.026037,77.459268,Recycling,Medium,Available
7542,12.927385,77.505687,Recycling,High,Available
7543,13.080176,77.499064,Recycling,High,Available
7544,12.958773,77.56811,Bin,High,Available
7545,13.092172,77.514918,Bin,Medium,Full
7546,12.852655,77.79621,Bin,Medium,Available
7547,13.063132,77.646696,Bin,Medium,Available
7548,12.868998,77.732697,Bin,High,Available
7549,12.938426,77.657987,Bin,High,Available
7550,12.889939,77.780451,Bin,High,Available
7551,12.857257,77.65067,Bin,High,Available
7552,12.861826,77.465756,Bin,Medium,Available
7553,12.937519,77.481078,Bin,Low,Available
7554,13.044987,77.721955,Recycling,High,Available
7555,12.953734,77.770519,Bin,Low,Available
7556,13.098037,77.747315,Bin,High,Full
7557,12.907792,77.763457,Recycling,Low,Available
7558,12.92632,77.686114,Recycling,Medium,Available
7559,13.080383,77.79094,Bin,High,Available
7560,12.934322,77.716901,Recycling,High,Available
7561,12.883242,77.777676,Bin,Low,Available
7562,13.010316,77.57308,Bin,High,Full
7563,12.862493,77.64394,Bin,High,Available
7564,13.028657,77.638833,Bin,High,Available
7565,13.0614,77.577199,Bin,Medium,Available
7566,12.969596,77.732916,Bin,High,Available
7567,12.906179,77.495324,Recycling,Low,Available
7568,12.865915,77.598307,Bin,Low,Available
7569,12.94844,77.720776,Recycling,Medium,Available
7570,12.904037,77.74649,Bin,Medium,Full
7571,13.093899,77.764346,Recycling,High,Available
7572,12.923455,77.783535,Recycling,Low,Available
7573,12.867514,77.783658,Bin,Low,Available
7574,13.095164,77.665465,Bin,Medium,Available
7575,12.868756,77.657448,Bin,Medium,Available
7576,12.868169,77.780397,Bin,Low,Available
7577,12.873868,77.512512,Bin,High,Available
7578,12.958982,77.775065,Bin,High,Available
7579,12.89458,77.609654,Bin,High,Available
7580,12.999318,77.66148,Bin,High,Available
7581,13.030768,77.739424,Bin,Medium,Available
7582,12.900378,77.450208,Recycling,Medium,Available
7583,12.852235,77.550923,Bin,Medium,Available
7584,12.859813,77.684283,Recycling,Medium,Available
7585,12.857316,77.722192,Bin,High,Full
7586,13.046493,77.737262,Bin,Low,Available
7587,12.959885,77.451868,Bin,Medium,Available
7588,13.00534,77.678386,Bin,Medium,Full
7589,13.071047,77.593787,Bin,Low,Available
7590,12.924366,77.779099,Recycling,High,Available
7591,12.885907,77.658437,Bin,Medium,Available
7592,13.03667,77.724072,Bin,High,Available
7593,13.020101,77.532472,Bin,Low,Available
7594,13.098002,77.595387,Recycling,Low,Available
7595,12.989453,77.572336,Bin,Medium,Available
7596,12.95789,77.650322,Bin,High,Available
7597,12.94925,77.546611,Bin,High,Available
7598,13.049779,77.640047,Bin,High,Available
7599,13.057629,77.630067,Bin,Medium,Full
7600,13.060308,77.519427,Bin,Medium,Available
7601,12.898454,77.530504,Recycling,High,Available
7602,13.083232,77.557891,Recycling,Medium,Full
7603,12.918019,77.544385,Recycling,High,Available
7604,13.03176,77.585558,Recycling,High,Available
7605,13.019203,77.466496,Bin,Medium,Full
7606,13.001797,77.66288,Recycling,Low,Available
7607,13.01402,77.560333,Bin,High,Available
7608,12.875716,77.558802,Bin,Medium,Available
7609,13.064279,77.65206,Bin,Medium,Available
7610,12.933875,77.629612,Recycling,Medium,Available
7611,13.054939,77.561565,Bin,Low,Full
7612,13.083323,77.528684,Bin,Low,Available
7613,12.896326,77.467427,Recycling,Medium,Available
7614,13.058476,77.716839,Bin,High,Available
7615,12.882014,77.471471,Bin,Low,Available
7616,12.853625,77.605317,Bin,Medium,Available
7617,12.937741,77.569469,Recycling,High,Available
7618,12.994844,77.667064,Bin,Low,Available
7619,12.941117,77.469405,Bin,Low,Full
7620,12.900731,77.500292,Bin,Medium,Available
7621,12.958987,77.613509,Recycling,Low,Available
7622,13.089456,77.516495,Bin,Low,Available
7623,12.917457,77.466264,Bin,Medium,Available
7624,13.038239,77.728456,Bin,High,Available
7625,13.03593,77.517305,Recycling,High,Available
7626,13.021616,77.711429,Bin,Medium,Available
7627,12.893274,77.47155,Bin,Medium,Full
7628,12.985546,77.541214,Bin,High,Available
7629,13.03433,77.455127,Bin,Medium,Available
7630,13.043918,77.629516,Bin,High,Available
7631,12.850874,77.780557,Bin,High,Available
7632,12.890593,77.615901,Bin,Medium,Available
7633,12.909267,77.490995,Bin,Medium,Available
7634,13.039784,77.693533,Recycling,Low,Available
7635,12.940024,77.786739,Bin,High,Available
7636,13.029616,77.622047,Bin,Medium,Available
7637,13.076127,77.728016,Recycling,Medium,Available
7638,13.020769,77.581045,Recycling,High,Available
7639,13.000429,77.692275,Bin,Medium,Available
7640,12.908977,77.718803,Bin,High,Available
7641,13.084056,77.799063,Bin,Medium,Available
7642,12.901054,77.484732,Bin,High,Available
7643,12.954913,77.644171,Recycling,Low,Available
7644,13.079633,77.463837,Bin,Medium,Available
7645,12.967041,77.749221,Bin,Low,Available
7646,12.952436,77.65103,Recycling,High,Available
7647,12.925536,77.506724,Recycling,Medium,Available
7648,13.05066,77.629541,Bin,Medium,Available
7649,13.029802,77.675873,Bin,Medium,Available
7650,13.070048,77.466515,Bin,Medium,Available
7651,12.888835,77.641902,Recycling,Medium,Available
7652,13.056883,77.524488,Bin,Medium,Available
7653,13.080243,77.552434,Bin,High,Available
7654,12.944757,77.635812,Recycling,Medium,Available
7655,12.99591,77.789783,Recycling,Low,Available
7656,13.060275,77.691743,Bin,Medium,Available
7657,13.034394,77.492987,Bin,Low,Available
7658,13.020001,77.607772,Recycling,High,Full
7659,12.869202,77.628205,Recycling,Low,Available
7660,12.954744,77.728014,Bin,Medium,Available
7661,12.907147,77.773075,Bin,Medium,Available
7662,12.958561,77.766331,Recycling,Medium,Available
7663,12.928613,77.564535,Bin,Medium,Available
7664,13.025326,77.537958,Recycling,High,Available
7665,13.081917,77.724032,Bin,High,Available
7666,12.980298,77.57469,Recycling,Low,Available
7667,12.984353,77.644162,Bin,Medium,Available
7668,13.064236,77.680134,Recycling,Low,Available
7669,13.028543,77.584192,Recycling,Low,Available
7670,13.003392,77.636845,Bin,Low,Available
7671,12.933947,77.608219,Bin,Medium,Available
7672,13.059586,77.619202,Bin,Medium,Available
7673,12.936675,77.594999,Bin,Low,Available
7674,12.885098,77.573413,Bin,Medium,Available
7675,12.944349,77.544228,Bin,High,Available
7676,12.985626,77.684179,Bin,Low,Available
7677,12.874549,77.541169,Bin,Low,Full
7678,13.063564,77.790076,Bin,High,Available
7679,13.075526,77.63478,Recycling,Low,Available
7680,12.879633,77.770176,Bin,Low,Full
7681,12.876848,77.754415,Recycling,Low,Available
7682,12.983597,77.799011,Recycling,Medium,Available
7683,12.946976,77.706963,Bin,Low,Available
7684,12.964504,77.476873,Recycling,Medium,Available
7685,13.018336,77.626879,Bin,High,Available
7686,13.0149,77.66485,Bin,Low,Available
7687,13.023277,77.598917,Bin,High,Available
7688,13.019749,77.621229,Bin,Medium,Available
7689,12.933563,77.586996,Bin,Medium,Available
7690,13.049071,77.673908,Bin,Low,Available
7691,13.08643,77.760293,Bin,Medium,Full
7692,13.036786,77.622134,Bin,Low,Available
7693,13.045144,77.635043,Bin,High,Available
7694,12.885135,77.469855,Bin,Low,Available
7695,12.871805,77.783685,Recycling,Low,Full
7696,13.020739,77.563904,Recycling,Medium,Available
7697,12.967317,77.625228,Bin,Medium,Available
7698,13.086765,77.660041,Bin,Low,Full
7699,12.941081,77.560238,Recycling,High,Available
7700,12.893462,77.586982,Recycling,High,Full
7701,12.97789,77.737884,Bin,Low,Available
7702,13.093881,77.451188,Bin,High,Available
7703,12.906267,77.705531,Recycling,Medium,Full
7704,12.900677,77.769696,Recycling,Medium,Available
7705,12.883301,77.495844,Recycling,Low,Available
7706,12.947258,77.486348,Recycling,High,Available
7707,12.956368,77.638664,Bin,Low,Available
7708,12.961613,77.664092,Recycling,High,Available
7709,12.927,77.760903,Recycling,High,Available
7710,13.001088,77.675129,Bin,High,Available
7711,12.904153,77.619451,Bin,High,Available
7712,12.952537,77.669052,Bin,High,Available
7713,12.968506,77.784494,Bin,Medium,Full
7714,13.016586,77.601139,Bin,High,Full
7715,12.967559,77.568919,Bin,High,Available
7716,13.071803,77.760227,Bin,Low,Available
7717,12.884461,77.627642,Bin,Medium,Available
7718,13.057748,77.729981,Recycling,Low,Available
7719,12.960751,77.479191,Bin,Medium,Available
7720,12.860832,77.605017,Bin,Low,Full
7721,12.890275,77.538866,Bin,Low,Full
7722,12.919465,77.702883,Bin,Medium,Full
7723,13.061152,77.474145,Recycling,Medium,Available
7724,13.018097,77.782573,Bin,High,Available
7725,12.945034,77.755838,Bin,Low,Available
7726,13.04741,77.635108,Bin,Medium,Full
7727,13.014551,77.70546,Recycling,Low,Available
7728,12.943979,77.498706,Bin,High,Available
7729,12.928105,77.549706,Bin,Medium,Available
7730,12.855538,77.489393,Recycling,Medium,Available
7731,12.907526,77.731319,Bin,Medium,Available
7732,12.901258,77.720675,Bin,Low,Available
7733,12.986984,77.662763,Bin,Medium,Available
7734,13.081041,77.636859,Bin,Low,Full
7735,12.856092,77.645029,Bin,Medium,Available
7736,13.029422,77.457116,Bin,High,Available
7737,12.863188,77.623783,Recycling,Low,Available
7738,12.998779,77.537524,Bin,High,Available
7739,13.029825,77.62657,Recycling,High,Available
7740,12.996162,77.711045,Bin,Low,Full
7741,12.958154,77.450557,Recycling,Medium,Available
7742,12.857535,77.552019,Recycling,High,Available
7743,13.058983,77.604646,Bin,Medium,Available
7744,12.923445,77.47139,Bin,Low,Full
7745,13.091418,77.739682,Bin,Medium,Available
7746,12.946743,77.465708,Bin,Low,Available
7747,13.022827,77.573458,Bin,Low,Available
7748,12.928533,77.728954,Bin,Medium,Available
7749,12.921259,77.532418,Bin,Medium,Available
7750,12.904986,77.453202,Bin,Low,Available
7751,12.926422,77.711381,Bin,Low,Available
7752,13.027037,77.586114,Bin,Medium,Available
7753,12.869478,77.683338,Bin,High,Available
7754,12.914554,77.640159,Bin,Medium,Available
7755,12.991188,77.698595,Bin,High,Available
7756,12.858442,77.532072,Bin,Medium,Available
7757,13.096862,77.753976,Recycling,Medium,Available
7758,12.916717,77.646227,Bin,Low,Available
7759,12.989555,77.484174,Recycling,High,Available
7760,12.967735,77.708571,Bin,High,Full
7761,12.875939,77.45959,Recycling,High,Available
7762,12.862641,77.666606,Bin,High,Available
7763,13.012398,77.549576,Recycling,Low,Available
7764,12.977109,77.62104,Recycling,High,Available
7765,12.962368,77.61464,Bin,High,Available
7766,13.078489,77.677609,Bin,Low,Available
7767,12.936732,77.592496,Bin,High,Available
7768,13.013162,77.454574,Bin,Medium,Available
7769,12.974519,77.660131,Bin,Medium,Available
7770,13.071679,77.708038,Bin,High,Full
7771,13.027926,77.631104,Bin,High,Full
7772,13.016297,77.670175,Bin,Medium,Available
7773,12.854225,77.674442,Recycling,Medium,Available
7774,13.05478,77.499643,Bin,High,Available
7775,13.065595,77.635646,Bin,High,Available
7776,12.994663,77.601891,Bin,Medium,Available
7777,12.935887,77.797783,Bin,Low,Available
7778,12.997695,77.768847,Recycling,High,Full
7779,13.080132,77.532275,Bin,Medium,Available
7780,13.013071,77.590631,Bin,Medium,Available
7781,12.938269,77.731315,Bin,High,Available
7782,12.971445,77.534832,Bin,High,Available
7783,12.907481,77.645033,Bin,High,Available
7784,12.922983,77.525506,Recycling,High,Available
7785,13.003575,77.661354,Bin,High,Available
7786,12.855082,77.571926,Bin,Medium,Available
7787,12.855666,77.75457,Bin,Low,Available
7788,12.966417,77.536832,Bin,Low,Available
7789,12.881055,77.457827,Recycling,Low,Available
7790,12.894852,77.466354,Recycling,Low,Available
7791,12.996808,77.454714,Bin,Low,Available
7792,12.850975,77.787521,Bin,Medium,Available
7793,13.04938,77.662768,Recycling,Medium,Available
7794,13.055783,77.752859,Bin,Medium,Available
7795,12.8709,77.775359,Bin,Medium,Available
7796,12.916109,77.49235,Bin,Medium,Available
7797,12.983431,77.535562,Bin,Medium,Available
7798,13.096088,77.722916,Recycling,Low,Available
7799,12.898653,77.655029,Bin,Medium,Available
7800,12.964223,77.462931,Bin,Medium,Full
7801,13.044348,77.614205,Bin,Low,Available
7802,13.093953,77.589531,Recycling,High,Available
7803,13.086957,77.530644,Bin,High,Available
7804,12.911611,77.523121,Recycling,Low,Full
7805,12.854604,77.670846,Bin,Medium,Available
7806,13.063108,77.680767,Recycling,Low,Available
7807,12.857132,77.501522,Bin,Medium,Available
7808,12.897933,77.578437,Recycling,High,Full
7809,13.054576,77.690883,Recycling,High,Full
7810,12.856197,77.772575,Bin,Low,Available
7811,13.06304,77.627141,Recycling,Low,Available
7812,12.932969,77.630647,Bin,Medium,Available
7813,12.87224,77.462272,Recycling,Medium,Available
7814,12.962593,77.747257,Bin,Low,Available
7815,13.090973,77.674975,Bin,Medium,Full
7816,12.982019,77.580728,Bin,High,Available
7817,13.021793,77.531219,Bin,Medium,Available
7818,13.073888,77.584105,Bin,High,Available
7819,13.036376,77.678462,Recycling,High,Available
7820,12.928643,77.623449,Recycling,Low,Available
7821,12.912953,77.514756,Bin,Low,Full
7822,13.067467,77.63237,Recycling,Medium,Available
7823,13.061191,77.531477,Bin,Medium,Full
7824,13.020672,77.764172,Recycling,Medium,Full
7825,12.944355,77.582749,Recycling,Low,Available
7826,13.002143,77.597023,Recycling,High,Available
7827,12.984765,77.703619,Bin,Low,Available
7828,13.034446,77.535743,Recycling,Medium,Available
7829,13.01301,77.531763,Bin,High,Full
7830,12.914221,77.774818,Bin,Low,Available
7831,12.910528,77.584836,Recycling,Low,Available
7832,13.033539,77.555726,Bin,Medium,Available
7833,13.033515,77.459464,Bin,Medium,Available
7834,13.019967,77.610792,Bin,Medium,Available
7835,13.083493,77.784549,Bin,Low,Available
7836,12.896105,77.619125,Bin,High,Available
7837,13.088326,77.518382,Bin,High,Available
7838,13.083574,77.586036,Recycling,High,Available
7839,13.057772,77.517697,Bin,Low,Available
7840,13.008055,77.607238,Recycling,Medium,Full
7841,12.862468,77.472028,Recycling,High,Available
7842,12.972454,77.544374,Bin,Medium,Available
7843,12.936061,77.652325,Recycling,High,Available
7844,12.996326,77.502071,Bin,High,Available
7845,13.041982,77.503362,Recycling,Low,Full
7846,12.938095,77.486902,Bin,Low,Available
7847,13.087436,77.564755,Bin,High,Available
7848,12.94055,77.796794,Bin,Medium,Available
7849,12.850162,77.695715,Bin,Low,Available
7850,13.091704,77.762177,Bin,Low,Available
7851,12.998084,77.753501,Recycling,High,Available
7852,12.885583,77.47591,Bin,Medium,Available
7853,12.930651,77.463892,Bin,High,Available
7854,12.858443,77.756138,Bin,Medium,Available
7855,12.998786,77.63571,Bin,Medium,Available
7856,12.914309,77.74436,Bin,Medium,Available
7857,12.851923,77.559161,Bin,Medium,Available
7858,12.92135,77.746714,Recycling,Low,Available
7859,12.88792,77.679177,Bin,Medium,Available
7860,12.862594,77.503658,Bin,Medium,Full
7861,12.896818,77.571615,Bin,Low,Available
7862,12.914151,77.720323,Bin,Low,Available
7863,12.992311,77.568509,Bin,Low,Available
7864,12.899979,77.652122,Recycling,High,Available
7865,13.022252,77.662955,Recycling,Low,Available
7866,12.881583,77.61999,Bin,Low,Available
7867,13.089399,77.787335,Recycling,Medium,Full
7868,13.068864,77.768569,Bin,Low,Available
7869,13.078694,77.469441,Bin,Medium,Available
7870,13.076728,77.550492,Bin,High,Available
7871,13.069191,77.608716,Bin,Low,Available
7872,12.914413,77.782879,Bin,Low,Full
7873,12.970009,77.660029,Bin,Low,Available
7874,13.08446,77.545026,Bin,Medium,Available
7875,13.033268,77.610385,Recycling,Low,Available
7876,13.057922,77.564214,Bin,High,Available
7877,12.960431,77.537462,Recycling,Low,Full
7878,12.887579,77.731727,Bin,Low,Available
7879,12.905388,77.497598,Bin,High,Available
7880,13.093135,77.451749,Bin,High,Full
7881,12.885996,77.694373,Bin,Medium,Available
7882,12.936493,77.559681,Bin,Low,Available
7883,13.068869,77.453919,Bin,High,Available
7884,13.032694,77.678294,Bin,Medium,Full
7885,13.092984,77.677945,Bin,Medium,Available
7886,13.039493,77.683722,Bin,Medium,Available
7887,13.044159,77.524071,Bin,Low,Available
7888,12.858914,77.768581,Bin,Medium,Available
7889,13.006521,77.667028,Bin,Low,Available
7890,12.877269,77.681843,Bin,Medium,Available
7891,12.8858,77.78543,Recycling,Low,Available
7892,12.972093,77.720808,Bin,Low,Full
7893,13.074455,77.613069,Recycling,Medium,Available
7894,12.932239,77.497621,Recycling,High,Available
7895,13.013966,77.711132,Bin,Medium,Available
7896,12.998647,77.747672,Bin,Medium,Available
7897,12.871846,77.629513,Bin,Medium,Available
7898,12.909237,77.747317,Bin,Low,Available
7899,13.069019,77.474127,Bin,Medium,Available
7900,12.867706,77.5662,Recycling,High,Available
7901,12.992321,77.486856,Bin,Low,Available
7902,13.04422,77.476052,Bin,High,Full
7903,12.890351,77.646316,Bin,Medium,Full
7904,13.038508,77.717584,Bin,Medium,Available
7905,12.924728,77.483186,Bin,Low,Available
7906,12.910565,77.539411,Bin,Medium,Available
7907,13.076824,77.643599,Recycling,High,Available
7908,12.956969,77.601624,Bin,Low,Available
7909,12.87789,77.798418,Recycling,Medium,Available
7910,12.978848,77.541388,Bin,High,Available
7911,12.962681,77.745038,Bin,Medium,Available
7912,12.956304,77.740421,Recycling,Medium,Available
7913,12.975516,77.703093,Bin,Low,Available
7914,13.087314,77.541374,Bin,High,Available
7915,13.008858,77.487765,Recycling,Low,Available
7916,12.984205,77.726669,Bin,Medium,Available
7917,12.928003,77.722576,Bin,High,Available
7918,13.075341,77.669409,Bin,Medium,Full
7919,13.070297,77.612234,Recycling,High,Full
7920,13.020744,77.750179,Recycling,Low,Full
7921,12.933403,77.603965,Recycling,Medium,Full
7922,12.950143,77.580651,Bin,Medium,Available
7923,12.925295,77.611954,Bin,High,Available
7924,13.026346,77.582629,Bin,High,Available
7925,12.99983,77.706211,Bin,High,Available
7926,12.997288,77.577973,Bin,High,Full
7927,12.939416,77.489309,Bin,Medium,Available
7928,13.045031,77.773061,Recycling,Low,Full
7929,13.035049,77.479418,Bin,High,Full
7930,12.891035,77.494707,Bin,High,Full
7931,12.906979,77.561772,Recycling,High,Full
7932,13.073287,77.525284,Recycling,Low,Available
7933,13.000389,77.784635,Recycling,Low,Available
7934,12.971052,77.757823,Recycling,High,Available
7935,12.914141,77.458787,Bin,Medium,Full
7936,12.930226,77.756497,Bin,Medium,Available
7937,12.960568,77.76983,Bin,Low,Available
7938,13.099687,77.67686,Bin,Low,Available
7939,12.869323,77.770244,Bin,Medium,Available
7940,13.062589,77.509945,Bin,Low,Available
7941,12.92596,77.655491,Bin,Medium,Available
7942,13.09178,77.653955,Recycling,Low,Available
7943,12.953696,77.512193,Recycling,High,Full
7944,13.045234,77.500844,Bin,Medium,Available
7945,13.04701,77.634344,Recycling,Medium,Available
7946,12.867856,77.502271,Recycling,High,Available
7947,13.052522,77.669655,Recycling,Low,Available
7948,12.952199,77.639601,Bin,Medium,Available
7949,12.870304,77.710046,Recycling,High,Available
7950,12.865417,77.611511,Bin,Medium,Available
7951,12.943499,77.478995,Bin,High,Full
7952,12.988876,77.533635,Recycling,High,Full
7953,12.986092,77.476146,Bin,High,Full
7954,12.958599,77.564854,Bin,High,Available
7955,13.003901,77.531029,Bin,High,Available
7956,12.879034,77.515554,Bin,Medium,Available
7957,13.003704,77.721671,Recycling,Low,Available
7958,12.880881,77.744705,Recycling,Low,Available
7959,12.867523,77.651242,Bin,Medium,Available
7960,13.003497,77.756796,Bin,High,Available
7961,12.878189,77.594272,Bin,Low,Available
7962,12.92685,77.760501,Bin,Medium,Full
7963,13.041043,77.603396,Bin,Medium,Available
7964,12.872163,77.558933,Recycling,Low,Available
7965,12.904756,77.687641,Bin,Medium,Available
7966,13.075214,77.60812,Bin,High,Full
7967,13.015386,77.780685,Bin,Medium,Available
7968,12.989735,77.661763,Bin,High,Available
7969,12.918356,77.452794,Recycling,High,Available
7970,13.057636,77.733601,Recycling,Medium,Available
7971,12.874657,77.78786,Recycling,High,Available
7972,12.974142,77.602378,Bin,Medium,Available
7973,13.097972,77.598418,Recycling,High,Available
7974,12.905513,77.798486,Recycling,Low,Available
7975,13.024229,77.556056,Bin,High,Available
7976,12.970353,77.77993,Bin,High,Available
7977,12.924161,77.486582,Bin,High,Full
7978,13.040097,77.632367,Recycling,Medium,Available
7979,12.975387,77.659623,Bin,Low,Available
7980,13.005907,77.501122,Recycling,Medium,Available
7981,13.051808,77.627122,Bin,High,Available
7982,13.06475,77.62647,Bin,Medium,Available
7983,12.886789,77.480285,Bin,High,Available
7984,13.06543,77.544552,Bin,Low,Available
7985,13.071803,77.464313,Recycling,High,Available
7986,13.022841,77.719596,Recycling,High,Available
7987,13.00348,77.567923,Recycling,High,Available
7988,13.045318,77.76839,Bin,Medium,Available
7989,13.042898,77.582679,Recycling,Medium,Available
7990,12.87678,77.49167,Bin,Medium,Available
7991,12.881682,77.66415,Bin,Low,Available
7992,13.038784,77.455865,Bin,High,Available
7993,12.966033,77.67043,Recycling,High,Available
7994,12.972823,77.673319,Bin,High,Available
7995,12.942716,77.767485,Bin,Low,Available
7996,12.946251,77.717567,Bin,Medium,Available
7997,13.034902,77.52951,Bin,High,Full
7998,13.030651,77.60023,Bin,Medium,Full
7999,13.072143,77.775839,Recycling,Low,Available
8000,13.053648,77.757255,Recycling,Medium,Available
8001,12.852388,77.650474,Bin,High,Full
8002,13.049401,77.469948,Bin,Medium,Available
8003,12.908953,77.760628,Bin,Low,Available
8004,13.086616,77.742119,Recycling,High,Available
8005,13.086654,77.599322,Bin,Medium,Available
8006,13.079423,77.575189,Bin,High,Available
8007,13.045967,77.608976,Bin,Medium,Available
8008,13.039155,77.774782,Bin,High,Available
8009,12.93267,77.65556,Bin,Low,Available
8010,13.09816,77.67304,Bin,Low,Available
8011,12.95041,77.517643,Bin,Medium,Available
8012,12.8866,77.46552,Bin,Low,Available
8013,12.984814,77.609502,Bin,High,Available
8014,12.872882,77.553518,Recycling,High,Available
8015,12.891809,77.623491,Bin,Medium,Available
8016,12.908049,77.490225,Bin,High,Available
8017,13.026204,77.603264,Bin,High,Available
8018,12.995828,77.60507,Bin,Medium,Available
8019,12.871689,77.658534,Bin,Low,Available
8020,12.859482,77.676339,Recycling,Low,Available
8021,12.993874,77.607646,Bin,Medium,Available
8022,12.872261,77.710555,Bin,High,Available
8023,12.862363,77.520424,Bin,Medium,Available
8024,12.865083,77.537363,Bin,Low,Available
8025,12.969501,77.560773,Bin,Medium,Available
8026,12.916349,77.639153,Bin,Low,Available
8027,12.887732,77.464992,Bin,Low,Available
8028,12.932362,77.638305,Recycling,Medium,Available
8029,12.854378,77.524631,Bin,Low,Available
8030,13.071756,77.481507,Recycling,High,Available
8031,13.065915,77.478018,Bin,Low,Available
8032,12.931928,77.740576,Bin,Low,Available
8033,12.874231,77.576098,Bin,High,Available
8034,13.011618,77.495162,Recycling,Medium,Available
8035,13.088657,77.628027,Bin,Low,Available
8036,13.063116,77.497287,Recycling,Medium,Available
8037,12.986625,77.502674,Bin,Low,Available
8038,13.07888,77.578649,Bin,Low,Available
8039,12.99007,77.603968,Recycling,High,Available
8040,13.080453,77.647674,Recycling,Medium,Available
8041,13.098537,77.507971,Bin,Low,Available
8042,12.92232,77.660386,Recycling,Low,Available
8043,12.881998,77.456942,Bin,High,Available
8044,12.935403,77.509063,Recycling,Low,Available
8045,13.073685,77.643504,Recycling,High,Available
8046,12.995596,77.53061,Recycling,Low,Available
8047,12.928242,77.559565,Bin,Medium,Available
8048,12.887099,77.529333,Bin,Medium,Available
8049,12.868873,77.63761,Recycling,Medium,Full
8050,12.874788,77.737403,Bin,Medium,Available
8051,12.93133,77.563594,Bin,Low,Available
8052,13.031148,77.574714,Bin,Low,Available
8053,12.87243,77.508341,Bin,Low,Available
8054,13.098805,77.797091,Bin,Low,Available
8055,12.887196,77.626414,Bin,Medium,Available
8056,13.057029,77.795761,Bin,High,Available
8057,12.997865,77.763703,Recycling,High,Available
8058,12.972417,77.665269,Recycling,Medium,Available
8059,12.95447,77.467653,Recycling,Low,Available
8060,13.067913,77.597303,Recycling,High,Available
8061,12.953036,77.691859,Bin,Medium,Available
8062,12.887807,77.594193,Bin,Low,Available
8063,12.993396,77.501182,Recycling,Medium,Full
8064,12.946916,77.502434,Recycling,Medium,Available
8065,12.938989,77.502769,Bin,Low,Available
8066,13.074181,77.728366,Bin,High,Available
8067,12.897723,77.713344,Bin,Low,Available
8068,12.971655,77.482688,Recycling,Medium,Available
8069,12.850463,77.736252,Bin,Medium,Available
8070,12.865725,77.578338,Bin,Medium,Available
8071,12.924819,77.55507,Recycling,Medium,Available
8072,13.055659,77.59741,Bin,Medium,Available
8073,12.997639,77.462075,Recycling,Low,Available
8074,12.893357,77.718477,Bin,High,Available
8075,12.87604,77.555525,Bin,Medium,Available
8076,13.067453,77.711724,Bin,High,Available
8077,12.850946,77.583092,Bin,Low,Available
8078,13.085591,77.620211,Recycling,Low,Available
8079,13.072197,77.623497,Recycling,Low,Full
8080,12.953861,77.50438,Bin,High,Available
8081,13.096799,77.693959,Bin,Low,Available
8082,12.905141,77.622954,Recycling,Medium,Available
8083,12.879736,77.785005,Bin,Low,Available
8084,13.042627,77.794453,Recycling,High,Available
8085,12.891667,77.654565,Bin,Low,Available
8086,12.895134,77.616165,Bin,Medium,Available
8087,13.018749,77.777751,Bin,Low,Available
8088,13.018007,77.744609,Bin,High,Available
8089,12.88602,77.675002,Bin,Low,Available
8090,13.046197,77.644398,Bin,High,Available
8091,12.913184,77.574124,Recycling,Medium,Available
8092,13.094066,77.724154,Bin,High,Available
8093,12.908154,77.563872,Recycling,Low,Available
8094,13.025868,77.758208,Bin,Medium,Available
8095,13.019069,77.798669,Bin,Medium,Full
8096,12.865167,77.476053,Bin,Medium,Available
8097,12.926612,77.686024,Recycling,Low,Available
8098,12.924029,77.683564,Bin,High,Available
8099,12.967509,77.517466,Bin,High,Full
8100,12.949558,77.734123,Bin,Low,Full
8101,12.879853,77.456164,Bin,Medium,Available
8102,13.053546,77.591957,Bin,Low,Available
8103,13.041683,77.767164,Recycling,Medium,Full
8104,12.923739,77.452442,Recycling,Low,Available
8105,13.081002,77.727134,Bin,High,Available
8106,13.076325,77.640293,Recycling,High,Available
8107,13.011708,77.641646,Bin,High,Available
8108,12.872067,77.717763,Bin,Medium,Available
8109,13.004821,77.780403,Recycling,Low,Full
8110,12.926772,77.602815,Bin,High,Available
8111,13.024182,77.576676,Bin,High,Available
8112,13.03838,77.534135,Recycling,High,Available
8113,12.992989,77.790155,Recycling,Medium,Available
8114,13.046058,77.458515,Bin,High,Full
8115,13.05811,77.487175,Recycling,Medium,Available
8116,13.018567,77.749783,Bin,High,Full
8117,12.853366,77.765112,Recycling,Low,Available
8118,12.943277,77.572112,Recycling,Medium,Full
8119,13.098748,77.560887,Bin,Medium,Available
8120,12.943552,77.508098,Bin,Low,Full
8121,12.920094,77.476888,Bin,Low,Available
8122,13.005393,77.656988,Bin,Medium,Available
8123,12.986672,77.708246,Bin,Medium,Available
8124,13.080639,77.761963,Bin,Medium,Available
8125,13.067179,77.743979,Bin,Low,Available
8126,12.922102,77.782773,Bin,Low,Full
8127,12.87162,77.541093,Bin,Medium,Available
8128,12.974058,77.519591,Bin,Medium,Available
8129,12.953934,77.605335,Bin,Low,Available
8130,13.047559,77.545697,Bin,Low,Available
8131,13.097057,77.580792,Bin,Medium,Full
8132,12.852484,77.678711,Bin,Medium,Available
8133,12.909921,77.730162,Bin,Medium,Available
8134,12.916312,77.627008,Recycling,Medium,Available
8135,13.000171,77.694201,Bin,High,Available
8136,12.987944,77.633738,Bin,Low,Available
8137,13.029544,77.551246,Bin,High,Available
8138,12.87427,77.729864,Bin,Medium,Available
8139,12.90952,77.49052,Bin,Low,Available
8140,13.099324,77.590732,Recycling,Medium,Available
8141,12.889087,77.546182,Bin,High,Available
8142,12.97673,77.467854,Bin,Medium,Available
8143,12.884633,77.508301,Bin,High,Available
8144,12.956882,77.601356,Bin,High,Available
8145,13.025917,77.616281,Bin,Low,Full
8146,12.910964,77.684533,Recycling,Medium,Available
8147,13.094476,77.547454,Recycling,Low,Available
8148,12.884624,77.450784,Bin,Low,Full
8149,13.040413,77.451297,Bin,Medium,Available
8150,13.057961,77.626701,Bin,Medium,Available
8151,12.907525,77.580651,Bin,Medium,Available
8152,13.040179,77.522234,Bin,Low,Available
8153,13.062008,77.717905,Recycling,High,Available
8154,12.921702,77.526741,Bin,High,Available
8155,12.899767,77.78052,Bin,Medium,Available
8156,13.060789,77.737448,Recycling,Medium,Available
8157,13.016822,77.742857,Bin,Low,Available
8158,12.987821,77.468355,Recycling,Low,Available
8159,12.899415,77.651925,Bin,Medium,Full
8160,13.061801,77.748267,Bin,High,Available
8161,13.088309,77.472529,Bin,Low,Full
8162,13.001391,77.599139,Bin,High,Full
8163,13.032425,77.715947,Bin,Medium,Full
8164,13.046484,77.689495,Bin,Low,Available
8165,12.995348,77.637735,Recycling,Medium,Available
8166,12.890374,77.747337,Bin,Medium,Available
8167,12.876864,77.46997,Bin,Medium,Available
8168,13.00805,77.789129,Recycling,Medium,Available
8169,13.018532,77.489932,Recycling,Medium,Full
8170,13.091839,77.653575,Bin,Medium,Available
8171,13.047298,77.46688,Bin,High,Full
8172,12.897846,77.75471,Bin,High,Available
8173,13.089906,77.693424,Bin,Low,Available
8174,13.020198,77.763527,Recycling,High,Available
8175,13.094787,77.715232,Bin,High,Available
8176,13.09895,77.581835,Bin,Low,Available
8177,12.877305,77.783746,Bin,Low,Available
8178,12.911504,77.596643,Bin,Low,Available
8179,12.925145,77.722416,Bin,Low,Available
8180,12.988609,77.555802,Bin,High,Available
8181,12.892184,77.512688,Bin,Low,Available
8182,13.082231,77.454047,Bin,High,Available
8183,12.86939,77.670772,Bin,High,Available
8184,12.981089,77.709045,Bin,Low,Available
8185,13.063671,77.697023,Bin,High,Available
8186,13.099431,77.587045,Recycling,Medium,Full
8187,12.8729,77.511359,Recycling,High,Available
8188,12.9992,77.583945,Bin,Low,Available
8189,12.998518,77.54773,Bin,High,Available
8190,13.018495,77.762956,Bin,Low,Available
8191,12.977112,77.63236,Bin,High,Available
8192,13.040112,77.531377,Bin,Low,Available
8193,13.051055,77.484559,Bin,Medium,Available
8194,13.040579,77.725431,Recycling,Medium,Available
8195,12.915638,77.679305,Bin,High,Full
8196,13.076301,77.576031,Bin,High,Available
8197,13.02609,77.547864,Recycling,Medium,Available
8198,13.066356,77.587973,Bin,Medium,Available
8199,12.860137,77.61139,Bin,Medium,Available
8200,12.927781,77.759427,Bin,Medium,Available
8201,12.900039,77.716408,Bin,High,Available
8202,13.075326,77.630581,Bin,Low,Available
8203,12.889055,77.634076,Bin,High,Full
8204,12.967045,77.531676,Bin,High,Available
8205,13.006814,77.45458,Bin,Medium,Available
8206,12.973387,77.681197,Bin,Low,Available
8207,12.984573,77.455105,Bin,Medium,Available
8208,13.03688,77.632736,Bin,Medium,Available
8209,13.08003,77.709751,Bin,Low,Full
8210,13.061517,77.511359,Bin,High,Available
8211,12.894286,77.683874,Bin,Low,Available
8212,12.980099,77.731559,Bin,Low,Full
8213,12.863772,77.728982,Recycling,Low,Available
8214,13.068675,77.645605,Bin,High,Available
8215,12.935539,77.675151,Bin,Medium,Available
8216,12.988067,77.668813,Recycling,Medium,Available
8217,12.863602,77.763083,Bin,Medium,Full
8218,13.052631,77.673196,Recycling,High,Available
8219,13.002465,77.680546,Bin,Medium,Available
8220,12.957993,77.681786,Bin,Low,Available
8221,12.930546,77.597151,Recycling,High,Available
8222,12.89482,77.666467,Bin,Medium,Available
8223,12.857139,77.542981,Bin,High,Full
8224,12.953234,77.728643,Recycling,High,Available
8225,13.077384,77.56835,Bin,High,Available
8226,13.046419,77.734372,Bin,Medium,Available
8227,12.905054,77.491174,Bin,Low,Available
8228,12.896521,77.697421,Recycling,Medium,Available
8229,13.099161,77.457423,Bin,Low,Available
8230,12.907649,77.542492,Bin,Medium,Available
8231,13.00982,77.63004,Bin,High,Available
8232,12.888308,77.508408,Recycling,High,Available
8233,12.92652,77.611183,Bin,High,Available
8234,12.919184,77.464959,Bin,Medium,Available
8235,12.970385,77.694634,Bin,Medium,Available
8236,12.959735,77.764036,Bin,Medium,Available
8237,13.034526,77.727089,Bin,Medium,Available
8238,13.013538,77.495815,Recycling,Medium,Available
8239,12.974766,77.631764,Recycling,Medium,Available
8240,12.868556,77.744082,Recycling,Low,Available
8241,12.920586,77.778107,Bin,Low,Available
8242,13.032467,77.760807,Bin,Low,Available
8243,12.902484,77.472453,Recycling,High,Full
8244,12.968501,77.5529,Recycling,Low,Available
8245,12.913921,77.783067,Recycling,Low,Available
8246,13.060704,77.730796,Bin,Low,Available
8247,13.000681,77.776248,Bin,Medium,Available
8248,12.960962,77.520047,Recycling,Low,Available
8249,12.951947,77.753203,Recycling,Low,Available
8250,12.987799,77.599702,Bin,High,Available
8251,13.093514,77.458436,Bin,Medium,Available
8252,12.904034,77.707675,Bin,Low,Full
8253,13.085966,77.666497,Recycling,Low,Available
8254,12.931308,77.786264,Bin,Low,Available
8255,12.851938,77.533232,Bin,Medium,Available
8256,12.879084,77.64281,Bin,Medium,Available
8257,12.890833,77.49272,Recycling,Medium,Available
8258,13.086895,77.598439,Bin,High,Available
8259,13.015572,77.563012,Bin,Medium,Available
8260,13.043592,77.775747,Bin,High,Available
8261,12.870069,77.784541,Bin,Low,Available
8262,12.915809,77.612508,Bin,High,Available
8263,12.903535,77.483695,Bin,High,Full
8264,13.037327,77.675072,Recycling,Low,Available
8265,12.929278,77.741372,Bin,Medium,Available
8266,13.012097,77.760745,Bin,Medium,Available
8267,13.04818,77.616236,Bin,Medium,Available
8268,13.066529,77.785324,Bin,Low,Available
8269,12.963095,77.538305,Bin,High,Available
8270,13.057252,77.603944,Recycling,Medium,Available
8271,13.060686,77.799565,Recycling,High,Available
8272,13.012562,77.748766,Bin,Low,Available
8273,13.079877,77.569473,Recycling,Low,Full
8274,13.020865,77.649247,Recycling,High,Full
8275,13.07528,77.468442,Bin,High,Full
8276,12.926918,77.453011,Bin,Medium,Available
8277,12.861896,77.524424,Recycling,Low,Available
8278,12.940328,77.681931,Bin,Low,Available
8279,13.064303,77.647224,Bin,High,Available
8280,13.083592,77.524101,Bin,Low,Available
8281,12.974307,77.593587,Bin,High,Available
8282,13.008258,77.65028,Bin,Low,Full
8283,12.921168,77.679772,Bin,Medium,Full
8284,12.923978,77.712132,Bin,Low,Available
8285,13.059488,77.560372,Bin,Medium,Available
8286,13.071004,77.510739,Bin,Medium,Available
8287,13.079902,77.45286,Bin,High,Available
8288,13.030795,77.741289,Bin,Low,Available
8289,12.900022,77.543515,Recycling,High,Available
8290,13.06853,77.477584,Bin,Low,Available
8291,13.039943,77.613521,Bin,Medium,Available
8292,13.034905,77.737123,Bin,Medium,Available
8293,13.001296,77.652354,Bin,High,Available
8294,12.989156,77.694678,Bin,Medium,Available
8295,13.012528,77.654739,Bin,Medium,Full
8296,13.06715,77.712776,Bin,Low,Available
8297,12.877738,77.73605,Bin,High,Available
8298,13.073124,77.713841,Bin,Medium,Available
8299,12.894249,77.495723,Bin,High,Available
8300,13.030934,77.51462,Recycling,Medium,Available
8301,12.951128,77.735761,Bin,High,Available
8302,12.90507,77.472893,Recycling,Low,Full
8303,12.882446,77.665728,Bin,Medium,Available
8304,13.068881,77.719432,Bin,Medium,Available
8305,13.086675,77.763745,Bin,Low,Full
8306,12.90914,77.783718,Bin,Low,Available
8307,12.969039,77.741583,Bin,Medium,Full
8308,12.869759,77.643032,Bin,Low,Available
8309,12.945492,77.496956,Bin,Medium,Available
8310,12.986618,77.582881,Bin,Low,Available
8311,13.081029,77.52091,Bin,High,Available
8312,13.091398,77.516815,Bin,Medium,Available
8313,12.987117,77.764573,Bin,Low,Available
8314,13.077862,77.620663,Recycling,High,Full
8315,13.067807,77.594974,Recycling,Medium,Available
8316,12.910257,77.589063,Bin,Low,Available
8317,13.088481,77.65219,Bin,Low,Available
8318,13.014602,77.746914,Bin,Medium,Available
8319,12.864574,77.572814,Recycling,Medium,Available
8320,12.909455,77.687985,Bin,High,Available
8321,12.897587,77.54846,Recycling,High,Full
8322,12.96012,77.737897,Recycling,Medium,Full
8323,13.06281,77.790934,Recycling,High,Full
8324,12.954955,77.724167,Bin,High,Available
8325,13.029131,77.747435,Bin,Medium,Available
8326,12.886513,77.675468,Bin,Low,Available
8327,12.936021,77.700745,Bin,Low,Available
8328,12.915665,77.685116,Bin,High,Available
8329,13.035434,77.639466,Bin,Low,Available
8330,13.050556,77.464403,Recycling,Medium,Available
8331,12.869373,77.770363,Bin,Low,Available
8332,12.90417,77.616471,Bin,High,Available
8333,13.099777,77.584986,Bin,High,Available
8334,12.958001,77.477339,Recycling,Low,Available
8335,12.984654,77.471492,Bin,High,Available
8336,13.021609,77.603495,Bin,Medium,Available
8337,13.031586,77.578027,Recycling,Low,Available
8338,13.079219,77.676697,Bin,High,Available
8339,12.85528,77.677886,Bin,Low,Available
8340,12.969039,77.46745,Recycling,Medium,Available
8341,13.021751,77.731483,Bin,Low,Available
8342,13.064975,77.532141,Bin,Medium,Available
8343,13.097742,77.754406,Bin,High,Available
8344,13.047122,77.676287,Bin,High,Full
8345,13.088352,77.705978,Bin,Low,Available
8346,12.886229,77.527213,Bin,Medium,Available
8347,12.987187,77.569438,Bin,High,Available
8348,12.864758,77.617032,Recycling,Medium,Full
8349,12.863693,77.551904,Bin,High,Available
8350,12.884586,77.549958,Bin,High,Available
8351,12.889207,77.623973,Bin,Medium,Available
8352,13.022372,77.770002,Bin,High,Full
8353,12.943402,77.489782,Recycling,High,Available
8354,12.961306,77.652297,Bin,High,Available
8355,13.071782,77.648546,Bin,Medium,Available
8356,13.039651,77.681875,Recycling,High,Available
8357,12.890223,77.771702,Bin,High,Available
8358,12.886485,77.759694,Recycling,High,Available
8359,13.06982,77.65874,Bin,High,Available
8360,12.883258,77.631838,Bin,High,Available
8361,13.048558,77.729935,Bin,Low,Available
8362,13.04737,77.644051,Recycling,Medium,Available
8363,12.857039,77.481009,Recycling,High,Available
8364,12.997541,77.665028,Bin,Medium,Available
8365,13.000631,77.6471,Recycling,Medium,Available
8366,12.947902,77.71686,Bin,Low,Full
8367,12.973345,77.488237,Bin,High,Available
8368,13.011614,77.510436,Bin,Low,Available
8369,12.9907,77.604889,Bin,Medium,Available
8370,12.885854,77.538436,Bin,High,Available
8371,13.030097,77.675307,Bin,High,Available
8372,12.861723,77.767664,Bin,Medium,Available
8373,13.059252,77.769574,Recycling,Medium,Available
8374,12.87213,77.620771,Recycling,Medium,Available
8375,12.90016,77.600327,Bin,Medium,Available
8376,12.929732,77.481908,Recycling,Medium,Available
8377,13.001617,77.588776,Recycling,High,Available
8378,12.8698,77.686241,Bin,High,Available
8379,12.942073,77.595349,Bin,Low,Full
8380,12.851193,77.792631,Bin,High,Available
8381,12.957857,77.67061,Bin,Medium,Available
8382,12.974561,77.626602,Recycling,Low,Available
8383,12.950473,77.760632,Recycling,Medium,Full
8384,13.051336,77.547279,Bin,Medium,Available
8385,13.00568,77.654715,Bin,Low,Available
8386,12.958407,77.615358,Recycling,Low,Available
8387,13.019116,77.758145,Bin,High,Full
8388,12.955731,77.550354,Bin,Low,Available
8389,13.074228,77.656616,Bin,Medium,Available
8390,12.970374,77.681119,Recycling,Medium,Full
8391,13.078668,77.470968,Bin,Medium,Available
8392,12.928004,77.598687,Bin,Low,Available
8393,12.861579,77.618524,Bin,High,Available
8394,13.081509,77.480291,Bin,Low,Available
8395,12.865369,77.783378,Bin,Low,Available
8396,13.039014,77.782889,Bin,High,Available
8397,12.992792,77.691822,Bin,Medium,Available
8398,12.968555,77.755727,Recycling,High,Available
8399,12.911035,77.460359,Recycling,Low,Available
8400,12.918732,77.463928,Bin,Low,Available
8401,13.091706,77.694392,Recycling,Medium,Available
8402,13.077071,77.786543,Bin,High,Available
8403,12.949317,77.570917,Bin,Medium,Available
8404,13.045706,77.603876,Bin,Medium,Available
8405,12.867219,77.502897,Recycling,High,Available
8406,12.995077,77.582735,Bin,Medium,Available
8407,12.928855,77.493932,Bin,High,Full
8408,13.086063,77.794994,Bin,High,Available
8409,13.066404,77.734807,Bin,Medium,Available
8410,12.922201,77.793411,Recycling,Low,Available
8411,12.877162,77.796105,Recycling,Medium,Available
8412,13.036987,77.521334,Recycling,Medium,Available
8413,12.949271,77.660576,Bin,Medium,Full
8414,13.042973,77.67493,Bin,Low,Available
8415,12.923238,77.776908,Recycling,Low,Available
8416,13.025729,77.791324,Bin,High,Available
8417,12.86735,77.466368,Bin,Low,Available
8418,13.032082,77.700573,Recycling,Medium,Full
8419,13.003213,77.623358,Bin,High,Available
8420,13.037929,77.70381,Recycling,High,Available
8421,13.028091,77.781095,Recycling,High,Available
8422,12.877841,77.740613,Bin,Medium,Available
8423,12.936402,77.558588,Recycling,High,Available
8424,13.01612,77.794585,Bin,Medium,Available
8425,13.083993,77.573047,Recycling,Medium,Available
8426,12.897843,77.599177,Bin,Medium,Available
8427,12.990508,77.743582,Recycling,High,Full
8428,12.997551,77.45268,Bin,Medium,Available
8429,13.076222,77.74334,Bin,Medium,Available
8430,13.096878,77.460956,Bin,High,Full
8431,12.932682,77.450006,Bin,High,Available
8432,13.083567,77.566446,Bin,High,Available
8433,12.938052,77.614498,Recycling,Low,Available
8434,13.019337,77.645255,Recycling,Medium,Available
8435,12.99994,77.702707,Bin,High,Available
8436,13.010186,77.665418,Bin,Low,Available
8437,12.917918,77.758737,Recycling,Low,Available
8438,13.072329,77.532831,Recycling,Low,Available
8439,12.954265,77.497686,Bin,Medium,Available
8440,13.001032,77.521936,Bin,Medium,Available
8441,12.89948,77.611544,Bin,High,Available
8442,12.890368,77.545446,Bin,Low,Available
8443,12.899882,77.524777,Bin,Medium,Available
8444,12.919459,77.690944,Bin,Low,Available
8445,12.974993,77.744694,Bin,Medium,Available
8446,12.998115,77.757168,Recycling,Low,Available
8447,13.017707,77.783356,Recycling,Low,Available
8448,13.040898,77.615016,Bin,Medium,Available
8449,13.063991,77.752097,Bin,Medium,Available
8450,12.897431,77.489405,Bin,High,Available
8451,12.871458,77.61303,Bin,Low,Available
8452,12.977209,77.65305,Bin,Medium,Available
8453,13.010883,77.556659,Bin,Medium,Available
8454,12.909643,77.477461,Bin,Medium,Available
8455,13.093961,77.644936,Recycling,Medium,Available
8456,13.093656,77.759867,Bin,Low,Available
8457,13.051505,77.474192,Bin,Medium,Available
8458,13.026228,77.696892,Bin,Medium,Available
8459,12.980788,77.666355,Bin,Low,Full
8460,12.982884,77.567756,Recycling,Medium,Available
8461,13.069231,77.474816,Bin,Medium,Available
8462,13.056595,77.679697,Recycling,Medium,Full
8463,12.936181,77.635866,Recycling,Low,Available
8464,13.098547,77.789987,Recycling,Medium,Available
8465,12.914303,77.601456,Bin,Low,Available
8466,12.969949,77.683024,Bin,High,Available
8467,12.952429,77.650019,Bin,Medium,Available
8468,12.952952,77.767316,Bin,Low,Available
8469,13.041195,77.675171,Recycling,High,Available
8470,12.878128,77.677412,Bin,Medium,Available
8471,12.994233,77.595421,Bin,Low,Available
8472,13.024256,77.630041,Bin,High,Available
8473,12.864794,77.771514,Recycling,Medium,Available
8474,13.089975,77.721257,Bin,Medium,Available
8475,12.898929,77.545662,Bin,High,Available
8476,13.044397,77.633188,Bin,Medium,Available
8477,12.92938,77.600308,Recycling,Medium,Available
8478,13.028243,77.735275,Bin,High,Available
8479,13.029558,77.687213,Bin,High,Available
8480,12.955432,77.494706,Bin,High,Available
8481,13.072455,77.671615,Bin,Medium,Available
8482,13.080391,77.699313,Bin,Low,Available
8483,12.896159,77.725196,Recycling,Medium,Full
8484,12.89517,77.608188,Recycling,Low,Available
8485,12.992916,77.578381,Bin,Medium,Available
8486,12.876504,77.498806,Bin,Low,Full
8487,13.058546,77.572161,Recycling,Medium,Available
8488,13.003553,77.687808,Bin,Medium,Available
8489,12.929107,77.567406,Bin,Low,Available
8490,12.928909,77.738967,Bin,Medium,Available
8491,13.037947,77.618009,Bin,Low,Available
8492,12.976966,77.460475,Bin,Medium,Available
8493,13.026928,77.586927,Recycling,High,Available
8494,13.088598,77.521672,Recycling,Medium,Available
8495,12.943473,77.551297,Recycling,Low,Available
8496,13.018668,77.556217,Bin,Low,Full
8497,13.09203,77.706362,Recycling,Low,Available
8498,12.932703,77.647733,Bin,Medium,Available
8499,12.883088,77.496102,Bin,High,Available
8500,12.906355,77.722333,Bin,Medium,Available
8501,12.993458,77.6439,Bin,Low,Available
8502,12.855892,77.754191,Bin,Medium,Available
8503,13.069168,77.674876,Bin,Medium,Available
8504,12.966396,77.575171,Bin,Medium,Available
8505,12.859337,77.510937,Bin,High,Available
8506,13.089574,77.568876,Bin,High,Available
8507,12.98197,77.651447,Bin,High,Available
8508,13.089329,77.781787,Bin,Low,Available
8509,12.880798,77.476214,Bin,Low,Available
8510,12.897544,77.629888,Bin,High,Available
8511,12.946622,77.768708,Bin,High,Available
8512,12.932395,77.479526,Bin,High,Available
8513,12.909274,77.623549,Bin,Low,Full
8514,12.964464,77.576549,Recycling,Medium,Available
8515,12.918247,77.647772,Bin,Low,Available
8516,13.047077,77.665588,Recycling,Low,Available
8517,13.02432,77.515996,Bin,Low,Available
8518,12.857184,77.55131,Bin,High,Available
8519,12.901373,77.712644,Recycling,Medium,Available
8520,12.996569,77.776736,Bin,Low,Available
8521,13.007953,77.677908,Bin,Low,Full
8522,13.039075,77.776994,Recycling,Medium,Available
8523,13.007388,77.573197,Bin,Medium,Full
8524,12.867216,77.517586,Bin,High,Full
8525,12.989673,77.462096,Bin,High,Available
8526,13.031653,77.544218,Bin,Medium,Available
8527,13.097567,77.746319,Bin,Medium,Available
8528,12.854953,77.783076,Bin,High,Available
8529,12.888079,77.507841,Bin,Low,Available
8530,13.000976,77.602803,Bin,High,Available
8531,13.062769,77.475884,Recycling,Low,Available
8532,13.015452,77.768432,Bin,Low,Full
8533,12.932894,77.531387,Bin,Low,Available
8534,12.94632,77.547039,Bin,Medium,Available
8535,13.079602,77.485323,Recycling,High,Available
8536,13.099105,77.567265,Recycling,Medium,Available
8537,13.026169,77.628368,Bin,Low,Available
8538,13.027983,77.635771,Bin,Low,Available
8539,13.067849,77.749155,Bin,High,Full
8540,12.886308,77.589698,Bin,Medium,Available
8541,12.888947,77.758148,Bin,High,Available
8542,12.87346,77.667301,Recycling,High,Available
8543,12.900235,77.518258,Recycling,Low,Available
8544,12.983377,77.597497,Bin,High,Full
8545,13.066246,77.592316,Bin,High,Available
8546,12.978896,77.542617,Bin,Medium,Full
8547,13.092085,77.593522,Bin,Medium,Available
8548,13.096492,77.481281,Bin,Medium,Available
8549,12.967774,77.547043,Bin,Medium,Available
8550,13.062661,77.472777,Bin,High,Available
8551,13.069508,77.697203,Bin,High,Available
8552,13.01306,77.758712,Recycling,Medium,Available
8553,12.914355,77.71808,Recycling,Low,Available
8554,13.055734,77.585311,Bin,Low,Available
8555,13.092867,77.791978,Bin,High,Available
8556,13.06362,77.524201,Recycling,Medium,Available
8557,13.083695,77.524965,Recycling,Low,Available
8558,13.067698,77.655312,Bin,Low,Available
8559,12.948431,77.619268,Bin,Medium,Full
8560,13.013763,77.568791,Bin,Medium,Available
8561,12.94411,77.744739,Recycling,Medium,Available
8562,12.956775,77.672565,Recycling,High,Available
8563,13.032782,77.701982,Bin,Low,Available
8564,12.989747,77.73757,Bin,Low,Available
8565,12.963143,77.633152,Recycling,High,Full
8566,12.86968,77.495577,Bin,Medium,Available
8567,13.020908,77.496442,Bin,Medium,Available
8568,13.057291,77.743144,Bin,High,Available
8569,12.97589,77.483167,Recycling,Low,Available
8570,12.873858,77.635769,Bin,High,Available
8571,13.090276,77.716332,Bin,Medium,Available
8572,12.991492,77.650231,Recycling,Low,Available
8573,12.885936,77.459173,Bin,Medium,Available
8574,12.978843,77.6371,Bin,High,Available
8575,13.048615,77.558788,Bin,High,Available
8576,13.045466,77.506152,Bin,Medium,Available
8577,13.077269,77.572358,Bin,Medium,Available
8578,12.917075,77.779637,Bin,High,Available
8579,13.042998,77.467997,Recycling,Medium,Available
8580,12.877902,77.709547,Bin,Low,Available
8581,12.851644,77.68167,Bin,Low,Available
8582,12.974771,77.626194,Bin,Medium,Available
8583,13.055666,77.460365,Recycling,Low,Available
8584,12.95126,77.553017,Bin,High,Available
8585,12.966638,77.4706,Recycling,High,Available
8586,13.041238,77.559648,Recycling,Medium,Available
8587,12.864131,77.787898,Recycling,High,Available
8588,12.922398,77.650618,Recycling,High,Available
8589,13.001854,77.703366,Bin,Medium,Available
8590,13.024726,77.752325,Recycling,Medium,Available
8591,13.01526,77.752493,Bin,Medium,Full
8592,13.058804,77.758852,Recycling,Medium,Full
8593,12.992587,77.463356,Bin,Medium,Available
8594,13.092596,77.469275,Recycling,Low,Available
8595,12.954309,77.705857,Bin,High,Available
8596,13.047488,77.48725,Bin,High,Available
8597,12.886346,77.619888,Recycling,Medium,Available
8598,13.012568,77.777909,Bin,Low,Available
8599,12.871333,77.555737,Bin,Medium,Available
8600,12.951302,77.779653,Bin,Medium,Available
8601,12.987291,77.707718,Recycling,Medium,Full
8602,13.046269,77.504951,Bin,Medium,Full
8603,12.944032,77.530433,Recycling,Low,Available
8604,12.858562,77.456643,Bin,Medium,Available
8605,13.040971,77.495058,Bin,Medium,Available
8606,13.051029,77.473132,Bin,High,Available
8607,12.969184,77.508808,Recycling,High,Available
8608,12.987684,77.755294,Bin,Medium,Available
8609,12.857207,77.726599,Bin,Medium,Available
8610,13.04603,77.727812,Bin,High,Available
8611,13.046657,77.645504,Bin,Low,Available
8612,13.064079,77.725667,Bin,Low,Full
8613,12.92636,77.66245,Recycling,Low,Available
8614,12.858074,77.485626,Recycling,Low,Available
8615,12.912083,77.59743,Bin,High,Available
8616,13.059479,77.681913,Bin,High,Available
8617,12.916141,77.497993,Bin,High,Available
8618,13.057744,77.678158,Bin,High,Full
8619,13.081225,77.625609,Bin,Medium,Available
8620,12.944709,77.69786,Recycling,Low,Available
8621,13.089436,77.537432,Bin,Low,Available
8622,12.942733,77.484942,Bin,Medium,Available
8623,12.854456,77.750981,Bin,Low,Full
8624,12.913396,77.529606,Recycling,Low,Full
8625,13.050743,77.558422,Bin,Low,Available
8626,13.0727,77.591413,Bin,Medium,Available
8627,12.908782,77.506295,Recycling,Low,Available
8628,12.871718,77.643331,Bin,Low,Available
8629,12.992646,77.536679,Recycling,Medium,Available
8630,12.994754,77.754239,Bin,Low,Available
8631,13.045759,77.790325,Bin,Medium,Available
8632,13.017718,77.793063,Bin,Medium,Available
8633,12.924743,77.567354,Bin,Low,Available
8634,12.964357,77.611289,Recycling,Medium,Available
8635,12.907907,77.748368,Bin,High,Available
8636,12.896497,77.574015,Bin,Low,Available
8637,12.988604,77.495318,Bin,High,Available
8638,12.924225,77.492487,Bin,High,Available
8639,12.969071,77.485698,Bin,High,Available
8640,13.090708,77.79999,Recycling,Low,Available
8641,12.913409,77.795375,Bin,High,Full
8642,13.054899,77.659161,Bin,Low,Available
8643,13.087986,77.766573,Bin,Low,Available
8644,12.969358,77.491777,Bin,High,Full
8645,12.989856,77.672341,Bin,High,Available
8646,12.905171,77.452059,Bin,High,Full
8647,13.016939,77.710703,Bin,Medium,Available
8648,12.974319,77.480991,Recycling,Low,Available
8649,12.969514,77.476113,Bin,Medium,Available
8650,13.091134,77.738558,Bin,High,Available
8651,13.037572,77.730278,Bin,Medium,Full
8652,12.930843,77.478115,Bin,Low,Available
8653,12.931736,77.554765,Bin,Medium,Full
8654,13.075232,77.538498,Recycling,High,Full
8655,13.071137,77.725258,Bin,Low,Available
8656,12.863698,77.799466,Bin,High,Available
8657,12.952823,77.491409,Bin,Medium,Available
8658,13.09486,77.496257,Bin,Low,Available
8659,13.055267,77.51939,Bin,Medium,Available
8660,13.004587,77.625814,Bin,Medium,Available
8661,13.010796,77.785036,Recycling,Medium,Available
8662,13.05231,77.564044,Recycling,Medium,Available
8663,12.923844,77.778216,Bin,Medium,Available
8664,12.93695,77.501186,Bin,Medium,Available
8665,12.940454,77.454872,Bin,Low,Available
8666,12.880187,77.632151,Bin,Low,Available
8667,12.891927,77.606184,Bin,High,Available
8668,13.098214,77.635119,Bin,High,Available
8669,12.988921,77.58268,Bin,Low,Available
8670,13.09632,77.473009,Recycling,Low,Available
8671,13.023343,77.465446,Bin,Low,Available
8672,12.96552,77.770419,Recycling,Low,Available
8673,13.082895,77.703867,Bin,Medium,Available
8674,12.9963,77.720083,Bin,High,Available
8675,12.961936,77.45795,Bin,Medium,Available
8676,13.096381,77.599849,Bin,Medium,Available
8677,12.948274,77.567741,Bin,High,Available
8678,13.001935,77.463173,Bin,Medium,Available
8679,12.985992,77.558614,Recycling,Medium,Available
8680,12.875668,77.464252,Bin,Medium,Full
8681,12.889183,77.590747,Bin,Medium,Available
8682,13.08833,77.704995,Recycling,Low,Available
8683,13.033067,77.698835,Bin,High,Full
8684,12.879938,77.640248,Bin,High,Available
8685,12.905879,77.461851,Bin,Low,Available
8686,13.009035,77.71078,Bin,Medium,Available
8687,12.929199,77.699509,Bin,Medium,Available
8688,12.998706,77.733339,Bin,Low,Available
8689,12.867849,77.615105,Bin,High,Available
8690,12.991602,77.683714,Bin,Low,Available
8691,12.973168,77.672008,Bin,Low,Available
8692,12.964857,77.529406,Bin,Medium,Available
8693,12.958565,77.633086,Bin,High,Available
8694,13.066446,77.703142,Bin,High,Available
8695,13.082761,77.615406,Bin,Medium,Available
8696,13.077124,77.683701,Bin,High,Full
8697,12.890848,77.712149,Bin,Medium,Full
8698,13.062566,77.693862,Bin,Medium,Available
8699,12.912342,77.607633,Bin,Medium,Available
8700,12.859162,77.717883,Bin,Medium,Available
8701,13.040311,77.71636,Bin,Low,Available
8702,12.977747,77.56657,Bin,Low,Available
8703,12.964622,77.617163,Bin,Medium,Full
8704,12.973967,77.598304,Bin,Medium,Available
8705,12.995822,77.760659,Recycling,High,Available
8706,12.929532,77.561549,Bin,Medium,Available
8707,12.946108,77.527563,Bin,Low,Available
8708,12.90421,77.455633,Recycling,Medium,Available
8709,12.942502,77.766879,Bin,High,Available
8710,13.0907,77.52063,Bin,Medium,Full
8711,13.056324,77.643797,Bin,Medium,Available
8712,12.92782,77.540577,Bin,High,Available
8713,12.926516,77.541391,Bin,Medium,Available
8714,13.085645,77.597036,Bin,Medium,Available
8715,12.904033,77.549764,Bin,High,Available
8716,12.948571,77.691147,Bin,Low,Available
8717,12.989247,77.464348,Bin,High,Full
8718,12.875693,77.450033,Bin,High,Available
8719,13.058859,77.630955,Bin,Low,Available
8720,13.057442,77.58726,Bin,High,Available
8721,13.064987,77.606187,Bin,Medium,Available
8722,12.916494,77.780148,Recycling,Medium,Available
8723,12.988579,77.620026,Recycling,Low,Available
8724,13.082387,77.524563,Recycling,Low,Full
8725,13.04778,77.771551,Recycling,Low,Available
8726,13.012025,77.73086,Bin,High,Available
8727,13.066544,77.629449,Bin,Medium,Available
8728,12.936773,77.599358,Bin,High,Available
8729,12.951648,77.767135,Recycling,Low,Available
8730,13.097486,77.778919,Recycling,Medium,Available
8731,13.013608,77.693457,Bin,Low,Available
8732,13.010287,77.552572,Bin,High,Available
8733,13.091493,77.615672,Bin,Low,Available
8734,12.91469,77.7453,Recycling,High,Available
8735,12.958864,77.544699,Bin,Medium,Available
8736,13.084149,77.673984,Recycling,Medium,Available
8737,13.034155,77.530589,Bin,Medium,Available
8738,12.95331,77.558598,Bin,High,Available
8739,12.936589,77.626737,Recycling,Low,Available
8740,12.969788,77.762575,Bin,Low,Available
8741,13.005267,77.466077,Recycling,Low,Available
8742,12.850504,77.689311,Bin,Low,Full
8743,12.90068,77.564213,Bin,High,Available
8744,13.030988,77.465399,Bin,Medium,Available
8745,12.930439,77.74818,Bin,Medium,Available
8746,13.016488,77.519271,Bin,Medium,Full
8747,13.093671,77.537143,Bin,Medium,Available
8748,13.040422,77.634794,Bin,Medium,Available
8749,13.01929,77.620982,Recycling,Low,Available
8750,13.087562,77.643576,Recycling,Medium,Full
8751,12.929457,77.481687,Recycling,High,Available
8752,12.994893,77.770218,Bin,Medium,Available
8753,12.885216,77.603045,Recycling,High,Full
8754,12.861212,77.583473,Bin,Low,Available
8755,12.911118,77.59701,Bin,Medium,Full
8756,13.037047,77.744762,Recycling,Medium,Available
8757,13.038564,77.521977,Recycling,Medium,Available
8758,13.010846,77.686867,Bin,Low,Available
8759,12.950032,77.79114,Recycling,High,Available
8760,12.93276,77.582899,Bin,Low,Available
8761,12.939464,77.646587,Bin,Medium,Available
8762,12.97527,77.726111,Bin,High,Available
8763,12.915331,77.642081,Recycling,Medium,Available
8764,12.882535,77.622625,Bin,High,Available
8765,12.92971,77.481402,Bin,Medium,Available
8766,12.988831,77.699175,Bin,Medium,Full
8767,12.963792,77.632435,Bin,Medium,Available
8768,12.881589,77.512681,Recycling,Low,Full
8769,13.052543,77.689589,Recycling,Low,Available
8770,13.085264,77.463689,Bin,Low,Available
8771,12.87905,77.617738,Recycling,Low,Available
8772,12.865051,77.502369,Bin,High,Full
8773,12.905095,77.483524,Recycling,Medium,Available
8774,12.989429,77.75533,Bin,Low,Available
8775,13.013066,77.512303,Recycling,High,Available
8776,12.879017,77.795877,Bin,Medium,Full
8777,13.065967,77.609729,Bin,Low,Full
8778,13.060944,77.558501,Recycling,High,Available
8779,13.003414,77.53926,Recycling,Low,Available
8780,12.931503,77.462664,Bin,Medium,Available
8781,13.007759,77.595188,Bin,Medium,Available
8782,12.886455,77.569384,Bin,High,Available
8783,13.016068,77.512748,Bin,Medium,Available
8784,13.015399,77.784522,Bin,Medium,Full
8785,12.894132,77.578398,Bin,Medium,Available
8786,13.016046,77.639744,Recycling,Low,Full
8787,12.905524,77.492547,Recycling,High,Available
8788,12.876186,77.732635,Bin,High,Full
8789,12.89861,77.626534,Recycling,Medium,Available
8790,12.87786,77.660732,Bin,Low,Available
8791,12.900245,77.458379,Bin,High,Available
8792,13.043463,77.713711,Bin,Low,Full
8793,12.968769,77.510622,Bin,Low,Available
8794,12.974172,77.575965,Bin,High,Available
8795,12.938935,77.708406,Bin,Medium,Available
8796,13.072759,77.656705,Bin,Medium,Available
8797,12.958052,77.541851,Bin,Medium,Available
8798,13.075858,77.759869,Recycling,Medium,Available
8799,13.029116,77.662842,Bin,Low,Available
8800,13.075466,77.480036,Bin,Medium,Available
8801,12.872409,77.755482,Bin,High,Available
8802,12.888381,77.730113,Recycling,High,Available
8803,12.981613,77.477005,Bin,Low,Available
8804,13.073245,77.494224,Bin,Medium,Available
8805,13.099603,77.571579,Recycling,High,Full
8806,13.038209,77.538832,Bin,Medium,Available
8807,13.05776,77.710747,Bin,Low,Available
8808,12.991779,77.477649,Bin,Medium,Available
8809,12.99908,77.66244,Bin,High,Available
8810,12.951656,77.759022,Bin,Medium,Available
8811,13.016391,77.458016,Bin,Medium,Available
8812,12.988926,77.677802,Bin,Low,Available
8813,12.942571,77.534685,Bin,Medium,Available
8814,13.071026,77.611232,Bin,Low,Available
8815,12.934606,77.747928,Bin,High,Available
8816,13.017148,77.760025,Bin,Low,Available
8817,13.090334,77.671712,Bin,Medium,Available
8818,12.961412,77.47715,Bin,High,Available
8819,13.098893,77.510254,Bin,High,Available
8820,12.88843,77.599664,Bin,High,Available
8821,13.065237,77.760788,Bin,High,Available
8822,12.873685,77.756147,Bin,Medium,Available
8823,12.900074,77.602076,Bin,Medium,Full
8824,12.934938,77.460633,Bin,High,Available
8825,13.087934,77.693052,Bin,Low,Available
8826,13.016316,77.507973,Bin,High,Available
8827,13.016048,77.726266,Bin,Low,Available
8828,12.886244,77.769614,Bin,Medium,Available
8829,13.011331,77.643872,Bin,Medium,Full
8830,12.852379,77.468721,Bin,Medium,Available
8831,13.099462,77.721297,Recycling,Medium,Available
8832,13.041998,77.732652,Bin,High,Full
8833,12.967755,77.527933,Bin,High,Available
8834,13.0044,77.692894,Bin,Medium,Available
8835,13.063552,77.700164,Recycling,Low,Available
8836,13.062631,77.585364,Bin,Low,Available
8837,12.887532,77.648342,Recycling,Medium,Full
8838,12.888892,77.622884,Bin,High,Full
8839,12.949999,77.557012,Bin,High,Available
8840,13.070148,77.491131,Bin,Medium,Full
8841,12.945505,77.559582,Recycling,Low,Available
8842,12.964657,77.50112,Bin,High,Available
8843,12.927415,77.723663,Recycling,High,Available
8844,13.084875,77.73062,Recycling,High,Available
8845,13.023337,77.765029,Bin,High,Available
8846,13.078162,77.606525,Bin,High,Available
8847,12.89603,77.539688,Bin,Low,Available
8848,13.066554,77.606986,Bin,High,Available
8849,13.013579,77.572651,Bin,Low,Full
8850,12.869044,77.626831,Bin,Medium,Available
8851,12.926666,77.537513,Bin,High,Available
8852,13.043382,77.619764,Bin,Low,Full
8853,13.000704,77.514517,Recycling,High,Available
8854,12.989149,77.552707,Bin,Medium,Available
8855,12.96467,77.591844,Bin,Medium,Available
8856,13.003046,77.472248,Recycling,Low,Available
8857,12.962471,77.720723,Recycling,Low,Available
8858,12.897477,77.493399,Recycling,Low,Available
8859,12.882581,77.614602,Recycling,Low,Available
8860,12.952865,77.567603,Bin,Medium,Available
8861,13.062641,77.46861,Bin,High,Available
8862,13.050982,77.660945,Bin,Medium,Available
8863,13.039442,77.63926,Recycling,Medium,Available
8864,12.969388,77.470238,Recycling,Medium,Available
8865,13.092137,77.779209,Recycling,Low,Available
8866,13.086346,77.649805,Bin,High,Full
8867,13.025809,77.552744,Bin,Medium,Available
8868,13.017196,77.489095,Bin,Medium,Available
8869,13.004835,77.578639,Bin,High,Available
8870,13.079956,77.725506,Bin,High,Available
8871,12.955428,77.480025,Bin,Medium,Available
8872,12.86601,77.461363,Bin,Low,Available
8873,13.017184,77.564039,Bin,Low,Available
8874,13.097541,77.564261,Recycling,High,Available
8875,13.079055,77.613171,Recycling,Medium,Available
8876,13.093667,77.535157,Recycling,Low,Available
8877,12.952823,77.790206,Bin,Medium,Available
8878,13.094405,77.556352,Bin,Medium,Available
8879,13.054339,77.482198,Recycling,Medium,Available
8880,12.973208,77.740482,Bin,Low,Available
8881,13.044449,77.565652,Recycling,Medium,Available
8882,12.991116,77.609996,Recycling,Medium,Available
8883,12.999272,77.668043,Recycling,High,Available
8884,12.938019,77.62177,Recycling,High,Full
8885,12.907424,77.623913,Bin,Medium,Available
8886,12.89015,77.588977,Bin,Low,Available
8887,13.037239,77.553092,Recycling,Medium,Available
8888,12.891808,77.505161,Bin,High,Available
8889,12.868426,77.777123,Bin,Low,Full
8890,13.050729,77.569965,Recycling,Medium,Available
8891,13.025767,77.638047,Bin,High,Available
8892,13.014199,77.610559,Bin,Medium,Available
8893,13.064124,77.757604,Bin,Medium,Available
8894,12.939814,77.547075,Bin,Medium,Available
8895,13.088605,77.554523,Bin,Medium,Available
8896,12.850466,77.5593,Bin,High,Full
8897,12.920973,77.485725,Bin,Low,Available
8898,12.908661,77.617944,Bin,Medium,Available
8899,13.053669,77.782777,Bin,Low,Available
8900,12.875465,77.570667,Bin,Medium,Available
8901,13.041815,77.496018,Bin,Medium,Available
8902,13.019691,77.791929,Recycling,Low,Available
8903,12.95558,77.797084,Recycling,Low,Full
8904,12.898355,77.561808,Bin,Low,Full
8905,12.932483,77.735858,Recycling,High,Available
8906,13.027813,77.636873,Recycling,Low,Available
8907,13.043417,77.716431,Recycling,Low,Available
8908,12.969138,77.558417,Bin,Low,Available
8909,13.077017,77.478815,Bin,Low,Available
8910,13.047793,77.475009,Bin,Low,Full
8911,13.074693,77.782354,Bin,Medium,Available
8912,13.000089,77.531459,Recycling,Medium,Available
8913,13.056307,77.625096,Bin,Medium,Full
8914,13.00029,77.670367,Recycling,Medium,Full
8915,12.889916,77.637964,Bin,Medium,Available
8916,12.905632,77.52378,Bin,Low,Available
8917,12.905169,77.595799,Bin,Low,Full
8918,13.05929,77.744323,Bin,Low,Available
8919,13.001401,77.739868,Recycling,Low,Available
8920,12.875219,77.721043,Bin,Medium,Full
8921,13.038054,77.468458,Bin,High,Available
8922,13.030084,77.504885,Recycling,High,Full
8923,12.935274,77.546497,Bin,High,Available
8924,12.879829,77.517437,Recycling,High,Available
8925,12.99081,77.797859,Bin,High,Available
8926,12.963781,77.494658,Bin,Medium,Available
8927,12.970835,77.501566,Bin,High,Full
8928,13.091054,77.688176,Recycling,High,Available
8929,12.932561,77.504735,Bin,High,Available
8930,12.963949,77.460292,Bin,High,Available
8931,12.958883,77.559788,Bin,High,Full
8932,12.857624,77.618334,Bin,Medium,Available
8933,12.900007,77.723549,Bin,High,Available
8934,12.89743,77.69137,Bin,Medium,Full
8935,12.953829,77.595963,Recycling,Medium,Available
8936,13.029734,77.666885,Bin,Low,Available
8937,12.867905,77.779916,Bin,Low,Available
8938,13.031062,77.707892,Bin,High,Available
8939,12.959647,77.733635,Bin,High,Available
8940,13.075015,77.520564,Recycling,Medium,Available
8941,12.955517,77.78471,Bin,Medium,Available
8942,12.921211,77.552023,Recycling,Low,Available
8943,13.006294,77.638679,Bin,High,Available
8944,12.970735,77.586209,Bin,High,Available
8945,12.901658,77.728064,Recycling,Low,Available
8946,13.0632,77.797028,Bin,Medium,Full
8947,12.873504,77.633298,Bin,Medium,Available
8948,13.08148,77.544521,Bin,Medium,Available
8949,12.897213,77.784797,Bin,Medium,Available
8950,12.870307,77.699817,Bin,High,Available
8951,13.058123,77.688356,Bin,Medium,Available
8952,13.076013,77.491485,Bin,Low,Full
8953,12.996461,77.502355,Bin,High,Available
8954,12.964345,77.552645,Bin,Low,Available
8955,13.038446,77.757276,Recycling,Low,Available
8956,12.995401,77.614188,Bin,Low,Available
8957,12.981462,77.510767,Bin,Medium,Full
8958,13.087421,77.792924,Recycling,High,Available
8959,13.090136,77.674627,Recycling,Low,Available
8960,13.082776,77.639017,Bin,Medium,Available
8961,13.042447,77.633296,Bin,High,Available
8962,12.917672,77.734135,Bin,Medium,Full
8963,13.068309,77.589468,Bin,Low,Full
8964,13.074687,77.608671,Bin,Medium,Full
8965,12.931183,77.629053,Recycling,Low,Available
8966,12.939515,77.678978,Recycling,Medium,Available
8967,12.961561,77.494692,Bin,Medium,Full
8968,13.059403,77.721065,Recycling,High,Available
8969,13.006719,77.577638,Bin,Medium,Full
8970,12.995775,77.514576,Bin,Medium,Full
8971,12.890235,77.699204,Bin,High,Available
8972,13.067894,77.45865,Bin,Medium,Available
8973,12.96227,77.520944,Bin,Medium,Available
8974,12.872639,77.774459,Bin,Low,Available
8975,12.929477,77.62705,Bin,High,Full
8976,12.890296,77.458253,Bin,Medium,Available
8977,13.052871,77.593035,Bin,Medium,Full
8978,12.858784,77.705256,Bin,Medium,Available
8979,12.853919,77.691234,Recycling,Low,Available
8980,12.890649,77.663828,Recycling,Medium,Available
8981,12.884933,77.727994,Bin,Low,Available
8982,12.911669,77.744422,Bin,Medium,Available
8983,13.0224,77.641986,Recycling,Medium,Available
8984,12.903799,77.799705,Bin,Medium,Full
8985,12.855131,77.680863,Bin,Low,Available
8986,13.055682,77.580532,Bin,Low,Available
8987,13.074732,77.599605,Recycling,High,Available
8988,12.921708,77.54496,Bin,Medium,Available
8989,12.863301,77.790057,Bin,Low,Available
8990,12.888875,77.487404,Bin,Low,Available
8991,12.91778,77.624518,Bin,Medium,Available
8992,12.90774,77.497146,Recycling,Medium,Available
8993,13.090263,77.692574,Bin,High,Available
8994,13.096128,77.486146,Bin,Medium,Available
8995,12.854672,77.727194,Bin,High,Available
8996,13.068413,77.596217,Bin,Medium,Available
8997,12.92955,77.52811,Bin,Low,Available
8998,13.034118,77.521967,Bin,High,Available
8999,13.079931,77.768929,Bin,High,Available
9000,13.081405,77.641357,Bin,High,Full
9001,13.004251,77.59889,Bin,High,Available
9002,13.031591,77.634774,Bin,Medium,Available
9003,13.085285,77.542644,Recycling,High,Available
9004,13.070359,77.69235,Bin,Medium,Available
9005,13.085426,77.649658,Recycling,High,Available
9006,12.888682,77.712817,Bin,Low,Available
9007,13.047267,77.653816,Recycling,Low,Available
9008,13.009239,77.740279,Bin,Low,Available
9009,13.053396,77.54679,Bin,Medium,Available
9010,12.954004,77.456236,Bin,Medium,Available
9011,12.878539,77.739472,Bin,Medium,Available
9012,12.882681,77.51838,Bin,Medium,Available
9013,13.059001,77.498294,Bin,High,Available
9014,12.865002,77.64416,Recycling,Low,Available
9015,12.874662,77.576787,Bin,Medium,Available
9016,13.093751,77.736436,Recycling,Low,Available
9017,13.000769,77.632398,Bin,Low,Available
9018,12.887589,77.59774,Bin,High,Available
9019,13.084831,77.752012,Recycling,High,Available
9020,13.010399,77.747256,Bin,Medium,Available
9021,12.958957,77.769383,Bin,Low,Full
9022,12.896303,77.762423,Recycling,High,Available
9023,13.035888,77.694954,Bin,Low,Available
9024,13.032792,77.669113,Bin,Medium,Available
9025,13.037085,77.486889,Bin,Low,Available
9026,12.865354,77.716862,Bin,Low,Available
9027,12.86289,77.68107,Recycling,Medium,Available
9028,13.048067,77.527786,Bin,Medium,Available
9029,12.898114,77.654901,Recycling,High,Available
9030,12.943225,77.690557,Recycling,Low,Available
9031,12.983348,77.605535,Recycling,Medium,Available
9032,12.891488,77.765668,Bin,Low,Available
9033,13.021003,77.660027,Bin,High,Available
9034,12.977541,77.647416,Bin,Medium,Available
9035,12.967775,77.756347,Bin,High,Available
9036,13.022375,77.712283,Bin,Medium,Available
9037,12.897471,77.739604,Bin,Medium,Available
9038,13.023966,77.791309,Recycling,Medium,Available
9039,12.972443,77.52174,Bin,Medium,Full
9040,12.956396,77.655167,Recycling,Medium,Available
9041,12.945252,77.581439,Recycling,Low,Available
9042,13.072311,77.567626,Bin,Medium,Available
9043,12.983497,77.671958,Bin,High,Available
9044,12.926844,77.759986,Bin,Low,Full
9045,12.902242,77.501953,Bin,Low,Available
9046,12.963233,77.674144,Bin,High,Available
9047,13.009391,77.780782,Bin,Low,Available
9048,13.090754,77.717296,Recycling,Medium,Available
9049,12.880754,77.775257,Bin,Medium,Available
9050,12.87664,77.558221,Bin,Low,Available
9051,12.977647,77.66821,Bin,Low,Full
9052,12.856873,77.450718,Bin,Low,Available
9053,13.073552,77.618388,Recycling,High,Available
9054,12.972078,77.674724,Bin,High,Available
9055,12.955274,77.480784,Bin,Medium,Available
9056,13.045406,77.567014,Bin,Medium,Available
9057,13.072103,77.74313,Bin,Low,Available
9058,12.956114,77.786089,Bin,Medium,Available
9059,12.992051,77.65947,Bin,Low,Available
9060,13.062171,77.5942,Bin,Medium,Available
9061,12.902222,77.71596,Bin,Medium,Available
9062,13.0056,77.52093,Bin,Medium,Available
9063,12.906859,77.747539,Bin,Medium,Available
9064,13.001746,77.645761,Recycling,High,Available
9065,13.008962,77.48599,Bin,Medium,Full
9066,13.0125,77.684226,Bin,Medium,Available
9067,13.045745,77.498238,Bin,High,Full
9068,13.063084,77.581245,Recycling,High,Full
9069,13.083088,77.77795,Bin,Low,Available
9070,12.990803,77.564599,Bin,Low,Available
9071,12.938578,77.517846,Recycling,High,Available
9072,13.013696,77.452308,Bin,High,Available
9073,12.906946,77.746966,Recycling,Low,Available
9074,12.934632,77.472105,Recycling,High,Available
9075,13.041084,77.684028,Bin,Medium,Available
9076,13.052477,77.47837,Bin,Medium,Available
9077,12.975344,77.572395,Recycling,Medium,Available
9078,13.072604,77.489567,Bin,Low,Available
9079,12.984511,77.668703,Bin,Low,Available
9080,12.973038,77.647919,Bin,Low,Available
9081,12.856561,77.487008,Recycling,Medium,Available
9082,12.977041,77.637624,Bin,Low,Available
9083,13.02227,77.588155,Bin,Low,Available
9084,12.999893,77.480028,Bin,High,Available
9085,12.931232,77.675324,Bin,Medium,Available
9086,13.06372,77.692377,Bin,High,Full
9087,12.969441,77.451575,Recycling,Low,Available
9088,12.92692,77.582994,Recycling,Medium,Available
9089,13.00899,77.684927,Recycling,Medium,Available
9090,12.988266,77.492349,Bin,High,Available
9091,12.981251,77.681997,Bin,Low,Available
9092,12.898585,77.792088,Recycling,Medium,Available
9093,12.878963,77.734515,Recycling,Low,Full
9094,12.945141,77.524771,Bin,High,Available
9095,13.058106,77.529155,Bin,Low,Available
9096,12.88335,77.733115,Bin,Low,Available
9097,13.040922,77.549986,Recycling,High,Available
9098,13.007994,77.678626,Bin,Medium,Available
9099,13.081218,77.703347,Bin,Medium,Available
9100,13.053822,77.57033,Bin,Low,Available
9101,12.923471,77.507711,Bin,Medium,Full
9102,13.017277,77.630498,Recycling,High,Available
9103,12.977837,77.779689,Bin,High,Available
9104,13.029576,77.542639,Bin,High,Available
9105,12.951891,77.600996,Bin,Low,Available
9106,12.887104,77.597604,Recycling,Low,Available
9107,13.075526,77.710799,Bin,Low,Available
9108,12.942586,77.703461,Bin,High,Available
9109,12.861654,77.565676,Bin,Low,Available
9110,12.869827,77.633492,Bin,Low,Available
9111,13.004281,77.778964,Recycling,High,Full
9112,12.960202,77.620769,Bin,Medium,Available
9113,13.017858,77.458726,Bin,Low,Full
9114,12.886225,77.761771,Bin,Medium,Available
9115,12.929001,77.799395,Bin,Low,Available
9116,13.035188,77.793877,Recycling,Medium,Available
9117,12.998778,77.660292,Bin,Medium,Available
9118,12.972489,77.540954,Bin,Medium,Available
9119,12.853009,77.495717,Bin,Low,Available
9120,12.961714,77.614478,Bin,High,Available
9121,13.064181,77.795952,Bin,Medium,Available
9122,12.862257,77.54975,Recycling,Medium,Available
9123,12.95965,77.613119,Bin,High,Available
9124,12.970987,77.612777,Recycling,High,Available
9125,12.959243,77.55093,Recycling,Medium,Available
9126,12.952803,77.562473,Bin,Low,Available
9127,12.87397,77.549102,Bin,High,Available
9128,12.857873,77.723257,Recycling,Medium,Available
9129,13.043035,77.453114,Recycling,High,Available
9130,12.919395,77.461496,Recycling,High,Available
9131,12.854818,77.673752,Recycling,High,Available
9132,12.95057,77.488214,Recycling,Medium,Available
9133,12.871173,77.494945,Bin,High,Available
9134,12.954584,77.666796,Recycling,Medium,Available
9135,12.985705,77.759612,Recycling,Medium,Full
9136,12.876281,77.617508,Recycling,Low,Full
9137,12.938512,77.572549,Bin,Low,Available
9138,12.957339,77.517682,Recycling,Low,Available
9139,12.918735,77.623566,Bin,Medium,Available
9140,13.09733,77.557121,Bin,Medium,Full
9141,13.052228,77.588979,Bin,Low,Available
9142,13.061303,77.787745,Bin,Medium,Available
9143,13.002282,77.572062,Recycling,Low,Available
9144,13.02903,77.775739,Bin,High,Available
9145,12.940419,77.48784,Recycling,High,Available
9146,12.904292,77.762324,Recycling,Low,Available
9147,13.0958,77.463345,Bin,Medium,Available
9148,12.908014,77.573539,Bin,High,Available
9149,12.919655,77.559584,Bin,Low,Available
9150,12.878228,77.616529,Recycling,Medium,Available
9151,13.068262,77.752698,Recycling,Medium,Full
9152,13.054741,77.595472,Bin,Low,Available
9153,12.915787,77.549242,Bin,Medium,Available
9154,13.000089,77.556704,Recycling,Medium,Available
9155,12.919536,77.734948,Bin,High,Available
9156,12.945166,77.489556,Bin,Medium,Full
9157,12.98926,77.565632,Recycling,Low,Available
9158,13.000208,77.654133,Bin,Low,Available
9159,13.082891,77.790891,Bin,Medium,Available
9160,12.942132,77.727317,Bin,High,Available
9161,13.00723,77.461858,Recycling,High,Available
9162,12.889645,77.791942,Bin,Medium,Available
9163,12.877709,77.525798,Bin,Medium,Available
9164,12.995954,77.623333,Recycling,High,Available
9165,12.882548,77.598781,Bin,High,Available
9166,12.987324,77.490283,Bin,Low,Available
9167,13.088855,77.557442,Bin,Medium,Available
9168,12.897241,77.731158,Bin,Low,Available
9169,12.878787,77.694384,Bin,High,Available
9170,12.991569,77.515305,Bin,Medium,Available
9171,12.946481,77.617807,Bin,High,Full
9172,12.957973,77.771142,Recycling,Low,Available
9173,12.969351,77.63405,Bin,Medium,Available
9174,13.02262,77.479538,Recycling,High,Available
9175,12.897919,77.480618,Bin,High,Available
9176,12.990683,77.500043,Recycling,High,Full
9177,13.003029,77.630063,Bin,High,Available
9178,12.914398,77.672653,Recycling,Medium,Available
9179,13.033342,77.681346,Bin,High,Available
9180,13.085225,77.789781,Bin,High,Available
9181,13.020661,77.476269,Bin,High,Full
9182,12.983153,77.568921,Bin,High,Available
9183,12.923718,77.724905,Recycling,Low,Available
9184,13.011267,77.53077,Recycling,High,Available
9185,12.975563,77.715402,Bin,Medium,Available
9186,12.926709,77.526281,Bin,Low,Available
9187,12.918791,77.711117,Bin,Low,Full
9188,13.036171,77.665586,Bin,Low,Full
9189,12.851965,77.692368,Bin,High,Available
9190,12.979661,77.709819,Bin,Low,Available
9191,12.886606,77.452255,Bin,High,Full
9192,12.960225,77.547902,Recycling,High,Available
9193,12.918287,77.767981,Bin,Low,Available
9194,12.990915,77.536264,Bin,High,Available
9195,12.920532,77.458956,Bin,High,Available
9196,12.955281,77.539747,Bin,High,Available
9197,13.041692,77.571311,Bin,High,Available
9198,13.021731,77.715879,Bin,Medium,Available
9199,13.058635,77.659758,Bin,High,Available
9200,12.973758,77.462071,Recycling,High,Available
9201,12.960628,77.575848,Bin,Medium,Available
9202,13.079793,77.511586,Recycling,Medium,Available
9203,12.989467,77.717794,Recycling,Low,Available
9204,13.067208,77.703135,Recycling,Low,Available
9205,12.939604,77.590487,Bin,Low,Available
9206,12.854235,77.609569,Recycling,High,Available
9207,12.920323,77.622946,Bin,Low,Available
9208,12.995183,77.737073,Recycling,High,Available
9209,13.036995,77.638004,Bin,High,Available
9210,13.020423,77.454115,Recycling,High,Available
9211,12.923028,77.468717,Bin,Medium,Available
9212,13.080887,77.744842,Bin,Medium,Available
9213,12.873099,77.461001,Bin,High,Full
9214,13.05246,77.670008,Recycling,Medium,Available
9215,13.021043,77.772226,Bin,Low,Available
9216,12.87476,77.528923,Bin,High,Full
9217,13.086502,77.4922,Bin,Low,Full
9218,12.889372,77.650423,Bin,Low,Available
9219,13.027449,77.513828,Bin,Medium,Available
9220,12.967343,77.780614,Bin,Low,Available
9221,12.962722,77.725498,Recycling,High,Available
9222,12.904029,77.770071,Bin,High,Full
9223,12.994361,77.617958,Bin,Low,Available
9224,12.928083,77.50748,Bin,Medium,Available
9225,13.068243,77.527132,Recycling,Medium,Available
9226,13.06256,77.539665,Bin,Medium,Available
9227,13.02431,77.719371,Bin,High,Available
9228,12.96417,77.58242,Bin,Low,Available
9229,12.864745,77.746925,Recycling,High,Available
9230,12.905333,77.622125,Recycling,High,Available
9231,12.964857,77.453735,Bin,Medium,Full
9232,13.013596,77.57687,Bin,High,Available
9233,13.003759,77.541786,Bin,Low,Full
9234,12.862087,77.528526,Bin,Medium,Available
9235,12.870113,77.465213,Recycling,High,Available
9236,13.019135,77.712854,Bin,Medium,Available
9237,12.893029,77.597988,Recycling,Medium,Available
9238,12.923217,77.46132,Bin,High,Full
9239,12.902821,77.501613,Bin,Low,Available
9240,12.910311,77.729084,Recycling,Low,Available
9241,12.980146,77.496258,Recycling,Low,Available
9242,12.887307,77.778662,Bin,Medium,Available
9243,12.90399,77.775883,Bin,Medium,Available
9244,13.011195,77.760488,Recycling,Low,Available
9245,12.866274,77.52707,Bin,Low,Available
9246,13.042886,77.744115,Bin,Low,Available
9247,13.068144,77.614247,Recycling,High,Full
9248,12.882119,77.61633,Recycling,Low,Available
9249,12.93607,77.58575,Recycling,Medium,Available
9250,13.018309,77.635155,Recycling,High,Full
9251,13.047363,77.620565,Bin,Low,Available
9252,12.935064,77.495447,Bin,Low,Available
9253,12.88158,77.709969,Bin,Medium,Full
9254,12.871504,77.79615,Bin,Low,Available
9255,13.071561,77.658682,Bin,High,Available
9256,13.033885,77.760949,Recycling,Low,Available
9257,13.060572,77.513297,Bin,Low,Available
9258,12.875808,77.74317,Recycling,Low,Available
9259,13.006744,77.546668,Bin,Low,Available
9260,12.929829,77.547286,Bin,High,Available
9261,12.968196,77.780024,Bin,Medium,Available
9262,12.928643,77.745648,Recycling,Low,Available
9263,12.939396,77.71602,Bin,Medium,Full
9264,12.894807,77.751772,Bin,Medium,Available
9265,12.961192,77.521305,Recycling,Low,Available
9266,12.943212,77.61137,Bin,Medium,Available
9267,13.019926,77.456702,Bin,Medium,Available
9268,12.918722,77.643086,Bin,Medium,Available
9269,13.089484,77.621781,Recycling,Low,Available
9270,13.012226,77.673894,Recycling,Low,Available
9271,12.870767,77.704142,Recycling,Medium,Available
9272,13.014663,77.476457,Bin,Medium,Available
9273,12.969142,77.523038,Bin,High,Available
9274,13.020077,77.668648,Recycling,Medium,Available
9275,13.042451,77.543732,Bin,Medium,Available
9276,12.869872,77.55242,Bin,High,Full
9277,12.907697,77.476118,Recycling,Medium,Full
9278,12.88597,77.730269,Recycling,Low,Available
9279,12.923863,77.525876,Recycling,Medium,Available
9280,13.051263,77.585079,Bin,Low,Available
9281,13.091828,77.508986,Bin,High,Available
9282,13.00788,77.74864,Bin,High,Full
9283,12.854044,77.645637,Bin,Low,Available
9284,13.011008,77.771655,Bin,High,Available
9285,12.90263,77.789603,Recycling,Low,Available
9286,12.940658,77.614009,Recycling,High,Available
9287,12.928998,77.551399,Recycling,Medium,Full
9288,13.054172,77.523918,Recycling,Medium,Available
9289,12.940833,77.790244,Bin,High,Available
9290,12.942889,77.728747,Recycling,Low,Available
9291,12.976968,77.560774,Recycling,Low,Available
9292,13.004472,77.551279,Bin,Low,Available
9293,13.029317,77.581559,Bin,Medium,Available
9294,12.974768,77.714764,Bin,Medium,Available
9295,12.883925,77.576079,Bin,High,Available
9296,12.870309,77.6719,Bin,Medium,Available
9297,12.888596,77.769624,Bin,Medium,Full
9298,13.04031,77.476006,Bin,Medium,Available
9299,13.035742,77.623661,Bin,Medium,Available
9300,12.937102,77.617311,Bin,Medium,Available
9301,13.083054,77.677605,Bin,High,Full
9302,12.885873,77.6794,Bin,Low,Available
9303,12.990943,77.562451,Recycling,Low,Full
9304,13.060138,77.708518,Bin,High,Available
9305,13.008439,77.559394,Recycling,Low,Available
9306,13.057158,77.67625,Bin,Low,Available
9307,12.932362,77.451721,Bin,High,Available
9308,13.082005,77.604958,Recycling,Low,Full
9309,12.858452,77.464748,Bin,Low,Available
9310,13.047069,77.549732,Recycling,High,Full
9311,12.887338,77.497437,Bin,Medium,Available
9312,12.965402,77.539967,Bin,Medium,Available
9313,12.876383,77.657281,Bin,High,Full
9314,13.041501,77.53251,Bin,High,Available
9315,13.045562,77.7019,Bin,High,Available
9316,12.937504,77.571266,Bin,Medium,Available
9317,12.988393,77.595396,Bin,Medium,Available
9318,12.969749,77.677319,Bin,Low,Available
9319,12.852463,77.681658,Bin,Low,Available
9320,13.074607,77.569172,Recycling,High,Available
9321,13.05345,77.593691,Bin,High,Available
9322,12.874218,77.503445,Recycling,Medium,Available
9323,13.053447,77.621036,Bin,Low,Available
9324,12.881464,77.63009,Recycling,High,Available
9325,13.062888,77.486981,Bin,High,Available
9326,13.027029,77.453178,Bin,Medium,Available
9327,12.857053,77.613431,Bin,High,Available
9328,13.003606,77.552562,Bin,High,Available
9329,12.933124,77.737829,Bin,Medium,Available
9330,13.044261,77.485163,Recycling,Low,Full
9331,12.940942,77.668586,Recycling,Low,Available
9332,13.077085,77.585862,Recycling,Low,Available
9333,12.86829,77.701064,Bin,Medium,Available
9334,13.006962,77.568149,Bin,Medium,Available
9335,13.063002,77.70875,Bin,Low,Available
9336,12.854525,77.731539,Bin,Low,Available
9337,13.090784,77.720841,Bin,High,Available
9338,13.033382,77.679859,Recycling,Medium,Available
9339,13.006142,77.589372,Bin,High,Available
9340,12.955928,77.55599,Bin,High,Available
9341,13.05473,77.716763,Recycling,Low,Available
9342,13.040438,77.484516,Recycling,High,Available
9343,12.938046,77.634395,Recycling,High,Available
9344,13.051214,77.674524,Bin,Medium,Available
9345,12.897113,77.504334,Bin,High,Available
9346,12.941503,77.52202,Recycling,High,Available
9347,13.004202,77.657079,Bin,Medium,Available
9348,13.021128,77.486364,Recycling,Medium,Available
9349,12.996214,77.721618,Bin,Medium,Available
9350,12.88201,77.51662,Bin,High,Available
9351,12.904671,77.450837,Bin,Medium,Available
9352,12.950724,77.752439,Bin,Medium,Full
9353,12.852932,77.586776,Bin,Medium,Available
9354,13.067477,77.777998,Recycling,Medium,Full
9355,13.033759,77.574463,Bin,Medium,Available
9356,12.880615,77.642408,Recycling,Medium,Available
9357,13.075826,77.491096,Recycling,High,Available
9358,12.870887,77.456711,Bin,High,Available
9359,13.034663,77.6847,Bin,High,Available
9360,13.078653,77.534756,Recycling,Medium,Full
9361,12.977613,77.547874,Bin,Low,Available
9362,12.967605,77.762399,Bin,Low,Full
9363,12.934814,77.786845,Bin,Medium,Available
9364,13.098044,77.76155,Recycling,Low,Full
9365,13.082288,77.602485,Bin,High,Available
9366,12.878261,77.753723,Bin,High,Available
9367,12.857369,77.622104,Recycling,Low,Available
9368,12.88889,77.675084,Recycling,Medium,Available
9369,12.949141,77.647099,Bin,High,Full
9370,13.015721,77.792933,Recycling,Low,Available
9371,13.075809,77.780377,Bin,High,Available
9372,12.880915,77.759614,Recycling,Medium,Available
9373,13.054009,77.616936,Bin,Low,Available
9374,13.02157,77.554793,Bin,High,Full
9375,12.884644,77.530583,Bin,Low,Available
9376,12.934144,77.78221,Recycling,High,Available
9377,13.030168,77.61435,Bin,Medium,Available
9378,12.874212,77.52871,Recycling,Medium,Available
9379,12.955478,77.551822,Bin,Low,Available
9380,12.905796,77.676684,Bin,Low,Full
9381,13.040007,77.68311,Bin,Low,Available
9382,12.886167,77.734499,Bin,High,Available
9383,12.954247,77.552192,Bin,High,Available
9384,12.944977,77.572755,Bin,Low,Full
9385,12.987128,77.773313,Recycling,Low,Available
9386,13.065313,77.637635,Bin,High,Available
9387,12.925234,77.630809,Recycling,Low,Available
9388,12.929717,77.743877,Recycling,Medium,Available
9389,12.948611,77.64996,Recycling,Medium,Full
9390,13.0368,77.492253,Recycling,Low,Available
9391,13.003311,77.762281,Bin,High,Full
9392,12.872372,77.75985,Bin,Low,Full
9393,12.948051,77.668044,Bin,Low,Available
9394,12.861529,77.521083,Recycling,High,Available
9395,12.892268,77.597567,Recycling,Low,Available
9396,13.073913,77.595384,Bin,Low,Full
9397,12.972526,77.507048,Recycling,High,Available
9398,12.995248,77.535518,Bin,Low,Available
9399,13.000463,77.638601,Bin,Low,Full
9400,12.893651,77.671591,Bin,Medium,Available
9401,12.907377,77.676445,Bin,Medium,Available
9402,12.9006,77.706822,Bin,Low,Available
9403,12.855048,77.483383,Bin,Low,Full
9404,12.866518,77.751344,Recycling,Low,Available
9405,12.862498,77.656632,Bin,Medium,Available
9406,12.893671,77.744334,Bin,High,Available
9407,12.915751,77.762988,Bin,High,Available
9408,13.071729,77.771204,Bin,Low,Available
9409,13.088646,77.667856,Recycling,Medium,Full
9410,12.878142,77.575592,Bin,Medium,Available
9411,13.08106,77.766224,Recycling,Low,Available
9412,12.974533,77.71787,Bin,Medium,Available
9413,13.031497,77.602381,Bin,Low,Available
9414,13.075834,77.565281,Recycling,Low,Available
9415,12.931247,77.798588,Recycling,Low,Available
9416,13.037418,77.761386,Bin,High,Available
9417,13.010132,77.69506,Bin,High,Full
9418,13.074492,77.535739,Bin,Medium,Available
9419,13.088488,77.506559,Recycling,Medium,Available
9420,12.861793,77.521754,Bin,Medium,Available
9421,12.857535,77.503372,Recycling,High,Available
9422,12.907413,77.48081,Bin,Low,Available
9423,13.075973,77.502352,Recycling,Medium,Full
9424,13.049531,77.748455,Bin,High,Available
9425,12.902254,77.769382,Recycling,Low,Full
9426,12.937226,77.554397,Bin,Medium,Available
9427,12.913719,77.785921,Recycling,Low,Available
9428,12.861387,77.747587,Recycling,Medium,Available
9429,13.02584,77.624851,Bin,Low,Available
9430,12.990516,77.508383,Bin,Low,Available
9431,13.098586,77.761227,Recycling,High,Available
9432,12.92452,77.57902,Bin,Medium,Available
9433,13.04072,77.516492,Bin,High,Available
9434,12.974711,77.47194,Bin,Medium,Available
9435,12.89828,77.75537,Recycling,Medium,Available
9436,13.038571,77.706768,Bin,Medium,Available
9437,12.923536,77.550647,Recycling,High,Available
9438,12.919356,77.450184,Bin,Medium,Available
9439,12.898239,77.467374,Recycling,Medium,Available
9440,13.041601,77.714539,Bin,Low,Available
9441,12.932391,77.7466,Bin,Medium,Available
9442,13.018011,77.799025,Bin,Low,Available
9443,13.072877,77.718016,Bin,High,Available
9444,12.892012,77.650313,Bin,High,Available
9445,13.068745,77.73419,Bin,Low,Full
9446,12.987167,77.76763,Bin,High,Available
9447,13.087307,77.524328,Bin,Low,Available
9448,12.92099,77.783069,Bin,Medium,Full
9449,13.034933,77.767443,Recycling,High,Available
9450,13.099147,77.563782,Bin,High,Available
9451,13.00226,77.58131,Bin,Low,Full
9452,12.88397,77.757341,Bin,Medium,Available
9453,12.97736,77.57505,Bin,Medium,Available
9454,12.923474,77.66002,Bin,High,Available
9455,13.08342,77.631294,Recycling,Medium,Available
9456,12.941702,77.590059,Recycling,Low,Available
9457,13.057553,77.651919,Bin,Medium,Available
9458,12.998035,77.737368,Bin,Medium,Available
9459,13.060943,77.538986,Bin,Medium,Full
9460,13.047612,77.654387,Recycling,Medium,Available
9461,13.054605,77.767813,Recycling,Medium,Available
9462,12.965224,77.74886,Recycling,Medium,Available
9463,12.977461,77.615935,Bin,High,Available
9464,13.011438,77.485521,Recycling,High,Available
9465,13.007372,77.515609,Recycling,High,Available
9466,12.888345,77.456207,Bin,Low,Available
9467,12.954019,77.568508,Bin,High,Full
9468,12.882899,77.566484,Bin,Low,Full
9469,13.030335,77.784571,Recycling,High,Available
9470,13.066541,77.689452,Bin,Medium,Available
9471,13.095474,77.628488,Bin,Low,Full
9472,13.090589,77.704975,Bin,Low,Available
9473,13.099918,77.754254,Recycling,Medium,Full
9474,12.929925,77.459577,Recycling,Low,Available
9475,13.014742,77.505357,Bin,Medium,Available
9476,12.859811,77.592474,Bin,Low,Available
9477,12.947553,77.550296,Bin,High,Available
9478,13.075595,77.601628,Bin,High,Available
9479,12.874328,77.499208,Recycling,Low,Available
9480,12.95702,77.556274,Recycling,High,Available
9481,12.943168,77.529265,Bin,High,Available
9482,13.092535,77.455403,Recycling,Medium,Available
9483,12.933738,77.627919,Recycling,High,Available
9484,12.931103,77.681984,Recycling,Medium,Available
9485,13.073672,77.68907,Bin,Low,Available
9486,12.938222,77.474698,Bin,Medium,Available
9487,12.969793,77.701116,Bin,Low,Available
9488,12.863731,77.694044,Recycling,Medium,Available
9489,12.895426,77.531474,Bin,Medium,Available
9490,13.07393,77.759792,Bin,Low,Available
9491,12.865447,77.487247,Bin,Medium,Available
9492,12.891307,77.489245,Recycling,Medium,Available
9493,12.971748,77.462888,Bin,Low,Available
9494,13.003531,77.733228,Bin,Medium,Full
9495,13.031781,77.79137,Recycling,Medium,Available
9496,13.039231,77.694342,Bin,Medium,Available
9497,12.979845,77.595584,Bin,High,Full
9498,12.998512,77.54376,Bin,Low,Available
9499,12.939972,77.515939,Bin,Medium,Full
9500,12.901694,77.612975,Recycling,High,Available
9501,12.929922,77.53476,Bin,Medium,Available
9502,13.036209,77.532903,Recycling,Low,Available
9503,13.009608,77.685123,Bin,Low,Available
9504,12.99404,77.476511,Bin,Low,Available
9505,13.021677,77.594397,Bin,Medium,Available
9506,12.913646,77.55479,Bin,High,Available
9507,13.013562,77.767306,Bin,Medium,Available
9508,12.857858,77.576056,Bin,Low,Available
9509,13.034266,77.784285,Bin,Low,Available
9510,12.984551,77.703276,Bin,High,Available
9511,12.89229,77.569549,Bin,High,Full
9512,13.067968,77.527884,Recycling,Medium,Full
9513,12.903634,77.49944,Recycling,High,Available
9514,12.889486,77.759677,Bin,Medium,Available
9515,13.041219,77.595463,Bin,Medium,Available
9516,12.888412,77.528407,Bin,Low,Available
9517,13.072348,77.506313,Bin,Medium,Available
9518,12.940327,77.769388,Bin,Medium,Available
9519,12.975738,77.461782,Recycling,Low,Available
9520,13.044431,77.739584,Bin,Medium,Available
9521,13.051198,77.620258,Bin,High,Available
9522,12.878627,77.611376,Bin,High,Available
9523,12.993113,77.781926,Bin,Medium,Available
9524,13.084576,77.730261,Bin,Medium,Full
9525,12.98432,77.644717,Bin,High,Full
9526,13.050556,77.777092,Recycling,Low,Available
9527,13.071223,77.459694,Recycling,High,Available
9528,12.938714,77.518041,Bin,High,Available
9529,13.086167,77.55386,Recycling,Low,Available
9530,12.937275,77.4605,Bin,High,Available
9531,12.917609,77.696262,Recycling,Low,Available
9532,12.85216,77.525322,Bin,Medium,Available
9533,12.969981,77.499815,Bin,Low,Available
9534,12.942272,77.491423,Recycling,Low,Available
9535,12.968473,77.61791,Bin,Low,Available
9536,12.931711,77.595888,Bin,Medium,Available
9537,13.089776,77.511071,Bin,High,Available
9538,13.097827,77.462585,Bin,Low,Available
9539,12.979613,77.486651,Bin,Low,Available
9540,13.080383,77.586445,Recycling,Low,Available
9541,12.98857,77.737732,Recycling,Medium,Available
9542,12.877378,77.683738,Bin,High,Available
9543,13.06472,77.648329,Recycling,Low,Available
9544,12.854852,77.662741,Bin,High,Available
9545,13.006904,77.46984,Recycling,Low,Available
9546,12.969837,77.736298,Bin,Medium,Available
9547,13.03592,77.538962,Recycling,Low,Available
9548,12.923418,77.547521,Recycling,High,Available
9549,13.080977,77.504668,Bin,Low,Available
9550,12.932008,77.693953,Bin,Low,Available
9551,12.89834,77.577711,Bin,High,Available
9552,13.062511,77.635481,Bin,Low,Available
9553,13.091217,77.514074,Bin,Medium,Available
9554,13.051563,77.614111,Bin,High,Available
9555,13.017133,77.683621,Bin,Low,Available
9556,13.089133,77.727898,Bin,Medium,Available
9557,12.85014,77.600172,Recycling,Low,Full
9558,13.015076,77.452424,Recycling,Low,Full
9559,12.93343,77.694528,Recycling,Low,Available
9560,12.977385,77.653942,Bin,High,Available
9561,12.918538,77.674151,Bin,High,Available
9562,12.896963,77.466148,Recycling,Medium,Available
9563,12.972942,77.552074,Bin,Medium,Available
9564,12.977248,77.585601,Bin,Medium,Available
9565,12.870455,77.581656,Bin,Medium,Available
9566,13.007796,77.670065,Bin,Low,Available
9567,13.091629,77.514905,Bin,Low,Available
9568,12.926547,77.742148,Bin,Low,Full
9569,12.881266,77.493019,Bin,Low,Available
9570,12.928203,77.705443,Recycling,Low,Available
9571,12.979898,77.754978,Bin,Medium,Full
9572,12.909201,77.497908,Bin,Medium,Available
9573,13.055003,77.632244,Bin,Low,Available
9574,13.034954,77.531942,Bin,High,Available
9575,12.95089,77.577544,Bin,Medium,Available
9576,12.972769,77.610376,Bin,Low,Available
9577,12.853489,77.620805,Bin,Low,Full
9578,12.949499,77.726096,Bin,Low,Available
9579,12.851007,77.456099,Bin,Low,Available
9580,13.021557,77.559158,Bin,High,Available
9581,13.019582,77.775966,Bin,Low,Full
9582,12.917693,77.546482,Bin,Low,Full
9583,12.860741,77.608016,Bin,Medium,Available
9584,13.096895,77.756916,Bin,Medium,Available
9585,12.952392,77.507356,Recycling,Low,Available
9586,12.92829,77.77404,Bin,High,Available
9587,13.09435,77.709953,Recycling,Low,Available
9588,12.922528,77.456753,Recycling,Low,Available
9589,12.92116,77.519873,Bin,Medium,Available
9590,12.98508,77.456868,Recycling,High,Available
9591,12.915049,77.486542,Recycling,Medium,Available
9592,13.073964,77.768775,Recycling,High,Full
9593,13.068993,77.579026,Recycling,High,Available
9594,12.960512,77.690496,Bin,High,Available
9595,13.076899,77.555419,Bin,High,Available
9596,13.060849,77.553693,Recycling,Low,Available
9597,13.084133,77.507969,Recycling,High,Available
9598,12.961284,77.47569,Bin,Medium,Available
9599,13.093974,77.509417,Bin,Medium,Available
9600,13.027677,77.591281,Recycling,Medium,Available
9601,13.029868,77.743564,Recycling,Low,Available
9602,12.963044,77.585934,Bin,High,Available
9603,12.923386,77.499566,Bin,Low,Available
9604,13.092355,77.630116,Bin,High,Available
9605,12.873292,77.570878,Bin,High,Full
9606,12.982819,77.623476,Bin,Medium,Full
9607,12.948225,77.523739,Bin,Medium,Available
9608,12.958107,77.715488,Bin,Medium,Full
9609,13.066422,77.521228,Bin,High,Available
9610,13.060692,77.513164,Recycling,Low,Available
9611,12.887037,77.58259,Bin,Low,Full
9612,12.876919,77.592263,Bin,Low,Available
9613,12.885816,77.675745,Recycling,High,Full
9614,12.994534,77.786517,Bin,Medium,Available
9615,12.861839,77.740397,Bin,High,Available
9616,12.851562,77.551481,Bin,High,Available
9617,12.985893,77.494468,Bin,Low,Available
9618,12.890694,77.658052,Bin,Medium,Available
9619,13.041058,77.514443,Bin,High,Available
9620,12.890623,77.550141,Recycling,Medium,Available
9621,12.870682,77.513173,Bin,Medium,Available
9622,13.060351,77.758377,Bin,High,Available
9623,13.010491,77.506887,Bin,Low,Available
9624,13.037745,77.510727,Bin,High,Available
9625,12.968326,77.483239,Recycling,Low,Available
9626,13.016919,77.590049,Recycling,Low,Available
9627,12.988449,77.663921,Recycling,Medium,Available
9628,12.888383,77.733251,Recycling,High,Full
9629,12.903497,77.612727,Recycling,Medium,Available
9630,12.877235,77.573115,Bin,High,Available
9631,12.863961,77.67161,Recycling,Medium,Full
9632,12.938525,77.760228,Recycling,High,Available
9633,12.93037,77.765199,Bin,Low,Available
9634,12.941461,77.725402,Bin,Medium,Available
9635,12.958875,77.505203,Bin,High,Full
9636,12.927658,77.657728,Bin,Low,Full
9637,12.956294,77.626981,Bin,Low,Available
9638,12.89814,77.584563,Bin,High,Available
9639,13.074459,77.746969,Recycling,Low,Available
9640,12.896575,77.496367,Bin,Medium,Available
9641,12.938107,77.473198,Recycling,High,Available
9642,13.061038,77.61672,Bin,High,Available
9643,12.947073,77.696085,Recycling,Medium,Full
9644,12.979976,77.492879,Bin,High,Available
9645,13.036939,77.641785,Bin,Low,Available
9646,12.91973,77.604293,Recycling,High,Available
9647,12.988214,77.59561,Bin,Medium,Available
9648,13.079811,77.777407,Bin,High,Available
9649,12.861641,77.78523,Bin,Medium,Available
9650,13.061459,77.754816,Bin,High,Full
9651,12.998893,77.617966,Bin,Low,Available
9652,13.06627,77.731097,Bin,High,Available
9653,12.994754,77.527114,Bin,Low,Available
9654,12.870131,77.715869,Bin,Medium,Full
9655,13.04881,77.712716,Bin,Medium,Available
9656,13.005956,77.602536,Bin,High,Available
9657,12.904113,77.606973,Bin,Low,Available
9658,12.955513,77.594615,Bin,High,Full
9659,12.89338,77.570944,Bin,High,Available
9660,13.06311,77.794829,Bin,Low,Available
9661,12.859047,77.747255,Bin,Medium,Available
9662,12.851889,77.539653,Bin,Low,Available
9663,13.017998,77.789394,Recycling,Medium,Available
9664,12.94091,77.654999,Bin,Medium,Available
9665,12.924168,77.583193,Bin,High,Available
9666,12.945369,77.760754,Bin,High,Full
9667,12.954462,77.678559,Recycling,Medium,Available
9668,13.06341,77.496953,Bin,High,Available
9669,13.036271,77.606686,Recycling,Low,Available
9670,12.92954,77.537165,Bin,Medium,Full
9671,12.983308,77.611718,Bin,High,Available
9672,13.025872,77.559768,Bin,Low,Available
9673,12.936124,77.711901,Bin,Medium,Available
9674,12.891631,77.474357,Bin,Medium,Available
9675,12.956318,77.625097,Bin,Medium,Available
9676,12.95125,77.521516,Bin,High,Available
9677,12.905455,77.522715,Bin,Medium,Available
9678,12.909109,77.71749,Bin,Medium,Available
9679,13.001185,77.767823,Bin,Low,Available
9680,12.938381,77.795283,Bin,Low,Available
9681,12.919856,77.569173,Recycling,Low,Available
9682,12.933725,77.571097,Bin,Low,Available
9683,13.096924,77.681128,Recycling,Low,Available
9684,13.000072,77.703341,Bin,Medium,Available
9685,12.888189,77.71387,Bin,Medium,Available
9686,12.850026,77.71819,Recycling,Low,Available
9687,12.952115,77.477462,Bin,Medium,Available
9688,13.053374,77.550422,Bin,High,Available
9689,13.089267,77.568993,Recycling,High,Available
9690,12.882179,77.546482,Bin,Medium,Available
9691,12.986693,77.550872,Bin,Medium,Available
9692,13.043424,77.459928,Bin,High,Available
9693,13.044299,77.628281,Bin,Medium,Full
9694,13.071707,77.691602,Bin,Medium,Available
9695,12.936552,77.772729,Bin,Medium,Available
9696,12.952225,77.451469,Bin,Medium,Available
9697,12.992368,77.584702,Bin,Medium,Available
9698,12.875944,77.731114,Bin,Low,Available
9699,13.041606,77.678645,Recycling,Medium,Available
9700,13.025106,77.539219,Bin,Low,Available
9701,13.05737,77.65185,Bin,Medium,Available
9702,13.071206,77.750876,Bin,High,Available
9703,12.88853,77.489043,Bin,High,Available
9704,13.021741,77.772745,Bin,Low,Available
9705,13.067019,77.791691,Bin,High,Available
9706,12.886109,77.671024,Bin,Medium,Full
9707,13.047367,77.649619,Recycling,Low,Available
9708,12.902216,77.721605,Recycling,Medium,Full
9709,13.032008,77.647289,Bin,High,Available
9710,12.892004,77.543203,Recycling,High,Available
9711,13.080964,77.641397,Bin,High,Available
9712,12.963621,77.455587,Bin,Medium,Available
9713,13.034236,77.66782,Bin,High,Full
9714,12.911589,77.644969,Recycling,Low,Available
9715,12.98024,77.643286,Bin,Medium,Available
9716,12.955744,77.695209,Recycling,Medium,Available
9717,13.026341,77.644356,Recycling,Medium,Available
9718,12.882201,77.742599,Bin,High,Available
9719,12.850253,77.590144,Bin,Medium,Available
9720,12.900637,77.49332,Recycling,High,Available
9721,12.973798,77.612425,Bin,Low,Available
9722,13.068223,77.741659,Bin,High,Available
9723,12.871346,77.737837,Bin,High,Available
9724,13.022635,77.614921,Recycling,Low,Available
9725,13.074085,77.712393,Recycling,Medium,Available
9726,12.983501,77.535282,Recycling,High,Full
9727,12.979258,77.595102,Recycling,High,Full
9728,13.013933,77.75916,Bin,Medium,Available
9729,13.037227,77.669955,Bin,Medium,Available
9730,12.885603,77.502662,Bin,Low,Available
9731,12.914042,77.4503,Bin,Medium,Available
9732,13.092383,77.491871,Recycling,Medium,Available
9733,12.937203,77.493658,Bin,High,Full
9734,13.090715,77.724852,Bin,Medium,Full
9735,13.034878,77.50644,Bin,Medium,Available
9736,13.074588,77.6784,Recycling,High,Available
9737,12.852913,77.584544,Recycling,Low,Available
9738,12.968999,77.711127,Bin,Low,Available
9739,12.987116,77.551369,Recycling,Medium,Available
9740,13.087125,77.662423,Bin,High,Available
9741,12.914134,77.585622,Bin,Medium,Available
9742,12.951624,77.553033,Bin,Low,Available
9743,12.937818,77.660817,Bin,Low,Full
9744,12.91549,77.699246,Bin,Medium,Available
9745,12.992277,77.514425,Bin,High,Available
9746,12.909389,77.57341,Bin,Low,Available
9747,12.923413,77.715655,Bin,High,Available
9748,12.996785,77.624951,Recycling,Medium,Available
9749,13.06728,77.475004,Bin,Low,Available
9750,13.048167,77.62626,Bin,High,Available
9751,13.076489,77.602961,Recycling,Medium,Available
9752,12.851024,77.553445,Recycling,Medium,Available
9753,12.972353,77.550206,Bin,Medium,Full
9754,12.990992,77.741953,Bin,Low,Full
9755,12.871818,77.607023,Bin,Medium,Available
9756,13.030707,77.777922,Recycling,Medium,Available
9757,13.072132,77.54451,Bin,Low,Available
9758,13.033034,77.68004,Bin,High,Available
9759,13.007058,77.520832,Bin,Medium,Available
9760,13.043778,77.538435,Bin,High,Available
9761,12.904951,77.490956,Bin,Medium,Available
9762,13.024118,77.791833,Bin,Low,Available
9763,12.966484,77.694195,Bin,Low,Available
9764,13.04866,77.536677,Bin,Medium,Available
9765,12.943541,77.722076,Bin,High,Available
9766,12.904931,77.634242,Bin,Low,Available
9767,12.982792,77.692844,Bin,Low,Full
9768,13.023741,77.667419,Bin,Medium,Full
9769,12.88317,77.708699,Bin,High,Available
9770,12.990563,77.778193,Recycling,Low,Available
9771,13.019012,77.772644,Bin,Low,Available
9772,12.898672,77.643313,Bin,Medium,Full
9773,12.97145,77.462085,Bin,Medium,Available
9774,12.967482,77.70948,Recycling,Medium,Full
9775,12.887453,77.675376,Bin,Low,Available
9776,12.861548,77.485625,Bin,Medium,Available
9777,12.970589,77.66901,Bin,Low,Available
9778,13.001459,77.627115,Bin,Low,Available
9779,12.890364,77.587443,Bin,High,Available
9780,13.092762,77.779814,Recycling,Low,Available
9781,12.951894,77.636433,Bin,Low,Available
9782,13.091454,77.636334,Bin,High,Available
9783,13.078632,77.749492,Bin,Medium,Available
9784,13.010273,77.506262,Bin,Low,Available
9785,12.988709,77.540916,Recycling,Medium,Available
9786,12.856919,77.590462,Bin,Low,Available
9787,12.861505,77.611173,Bin,Medium,Available
9788,13.067382,77.463188,Bin,High,Available
9789,12.974077,77.65616,Bin,Low,Available
9790,12.991849,77.560523,Recycling,High,Available
9791,12.972162,77.682582,Bin,Medium,Available
9792,12.923005,77.558735,Recycling,High,Available
9793,12.990968,77.469651,Bin,Medium,Available
9794,13.060058,77.465924,Bin,Medium,Available
9795,13.011608,77.644192,Recycling,Low,Available
9796,13.099483,77.691248,Bin,Medium,Available
9797,13.087374,77.486915,Recycling,Low,Available
9798,12.927092,77.629331,Recycling,High,Available
9799,12.855103,77.665838,Recycling,Medium,Available
9800,12.926504,77.67953,Bin,High,Available
9801,13.060496,77.50456,Bin,Medium,Available
9802,12.916545,77.781842,Recycling,Low,Available
9803,13.024083,77.713439,Recycling,High,Available
9804,13.047629,77.693552,Bin,Medium,Full
9805,12.978189,77.669836,Bin,High,Available
9806,13.052659,77.48778,Recycling,Medium,Available
9807,12.982849,77.497007,Bin,High,Available
9808,12.925047,77.78044,Recycling,Medium,Available
9809,12.956671,77.483842,Recycling,Low,Available
9810,13.02566,77.776275,Bin,Medium,Available
9811,13.044827,77.772326,Bin,Medium,Available
9812,13.046814,77.502383,Recycling,Low,Available
9813,12.922326,77.645039,Bin,Low,Available
9814,12.876877,77.451851,Bin,Medium,Available
9815,13.04839,77.474418,Bin,High,Available
9816,12.895547,77.587275,Bin,Low,Available
9817,12.922923,77.780796,Recycling,High,Available
9818,12.919981,77.616345,Bin,High,Available
9819,13.031117,77.663814,Recycling,Medium,Available
9820,13.090685,77.482187,Bin,Medium,Available
9821,12.899968,77.478934,Bin,High,Available
9822,13.060851,77.576293,Recycling,Medium,Available
9823,12.942549,77.478409,Recycling,High,Available
9824,13.089676,77.555171,Bin,High,Available
9825,12.931127,77.593529,Bin,Low,Available
9826,13.079789,77.573616,Bin,High,Available
9827,12.895416,77.786914,Recycling,Low,Full
9828,13.072717,77.672031,Bin,Low,Available
9829,13.001592,77.737685,Bin,Low,Available
9830,12.986604,77.668747,Bin,Medium,Available
9831,12.895339,77.536177,Bin,High,Available
9832,12.982643,77.70351,Bin,Low,Available
9833,13.016818,77.541192,Bin,Medium,Available
9834,12.856516,77.692614,Recycling,Low,Available
9835,13.024194,77.530528,Recycling,High,Available
9836,12.914725,77.731476,Bin,Low,Available
9837,13.077245,77.599414,Recycling,Low,Available
9838,12.877503,77.456148,Recycling,Low,Available
9839,13.069596,77.736783,Bin,Medium,Available
9840,12.877456,77.549716,Bin,Medium,Available
9841,12.912875,77.574175,Bin,Medium,Available
9842,13.047084,77.751234,Bin,Low,Available
9843,13.081061,77.462302,Bin,Low,Available
9844,13.091195,77.712633,Bin,High,Available
9845,13.022138,77.562506,Bin,Low,Available
9846,13.041806,77.653631,Bin,Low,Available
9847,12.921617,77.591687,Bin,High,Available
9848,12.936669,77.647051,Bin,Medium,Full
9849,13.015156,77.48638,Recycling,Medium,Available
9850,13.023023,77.510487,Bin,Medium,Full
9851,12.866723,77.581174,Recycling,Low,Available
9852,12.850401,77.459059,Bin,High,Available
9853,12.945713,77.496014,Bin,Medium,Available
9854,12.902978,77.587724,Recycling,Low,Available
9855,12.91868,77.582517,Recycling,High,Available
9856,13.007493,77.686837,Recycling,High,Available
9857,13.095644,77.78979,Bin,Medium,Available
9858,12.943454,77.681715,Bin,Low,Full
9859,13.085111,77.45918,Recycling,Medium,Available
9860,12.974999,77.642959,Bin,High,Available
9861,12.953159,77.690999,Recycling,Low,Available
9862,13.067614,77.708669,Recycling,Low,Full
9863,13.04795,77.735264,Bin,Low,Available
9864,12.951938,77.634465,Recycling,Medium,Available
9865,12.999877,77.479098,Bin,Medium,Available
9866,13.055659,77.642444,Recycling,Low,Full
9867,13.08044,77.659733,Bin,Medium,Available
9868,13.007106,77.516488,Bin,Low,Available
9869,12.911981,77.460219,Recycling,Medium,Available
9870,13.01337,77.473139,Bin,Medium,Full
9871,12.95033,77.626677,Recycling,High,Full
9872,12.974297,77.517843,Recycling,Low,Available
9873,13.007053,77.69215,Recycling,Low,Full
9874,12.894605,77.483626,Bin,High,Available
9875,12.998871,77.63847,Bin,Medium,Available
9876,13.083918,77.515377,Bin,Medium,Available
9877,12.950076,77.560041,Bin,High,Available
9878,12.993239,77.641294,Bin,High,Available
9879,12.918476,77.643798,Bin,Medium,Available
9880,12.859855,77.706895,Bin,High,Available
9881,13.099156,77.612033,Bin,Low,Available
9882,12.864054,77.543726,Bin,Low,Available
9883,12.941338,77.672713,Bin,High,Available
9884,13.005933,77.463832,Bin,Medium,Full
9885,13.071411,77.673177,Recycling,Medium,Available
9886,13.025782,77.511982,Bin,Low,Available
9887,12.979232,77.56661,Bin,Medium,Full
9888,12.939453,77.702651,Recycling,Low,Available
9889,12.948328,77.495055,Bin,High,Available
9890,12.862798,77.624023,Bin,Medium,Available
9891,12.883163,77.591438,Bin,High,Available
9892,13.075649,77.526219,Bin,Medium,Available
9893,13.097163,77.613812,Bin,High,Available
9894,12.859257,77.605256,Bin,Medium,Full
9895,12.937122,77.697788,Bin,Medium,Available
9896,12.99304,77.529138,Recycling,Medium,Available
9897,12.856394,77.457928,Bin,High,Available
9898,12.958913,77.758742,Bin,Medium,Available
9899,12.922917,77.799199,Bin,Low,Available
9900,12.98312,77.64252,Recycling,Medium,Available
9901,12.903431,77.487403,Bin,High,Available
9902,12.960696,77.652372,Bin,Low,Available
9903,12.98326,77.589763,Bin,Low,Available
9904,13.005611,77.529168,Recycling,Medium,Full
9905,13.061809,77.623081,Bin,High,Available
9906,12.998657,77.487543,Bin,Medium,Available
9907,13.094979,77.601351,Bin,Medium,Available
9908,13.036982,77.563106,Recycling,Medium,Available
9909,12.939073,77.706028,Bin,Medium,Available
9910,13.046744,77.562137,Bin,Low,Available
9911,13.012217,77.545972,Recycling,Medium,Full
9912,12.948848,77.461895,Bin,Medium,Available
9913,13.020278,77.695233,Bin,High,Available
9914,12.989175,77.554298,Bin,High,Available
9915,12.946777,77.691891,Bin,High,Available
9916,13.043797,77.617004,Bin,Medium,Available
9917,12.933179,77.524261,Recycling,Low,Full
9918,12.893756,77.792956,Recycling,Medium,Full
9919,13.067267,77.478851,Recycling,Low,Available
9920,12.996149,77.478258,Bin,High,Full
9921,13.049534,77.630323,Recycling,Low,Full
9922,12.937888,77.751521,Bin,High,Full
9923,13.071974,77.671114,Recycling,High,Available
9924,13.012149,77.501861,Recycling,Low,Full
9925,12.950157,77.50972,Recycling,Low,Available
9926,13.042557,77.560863,Bin,High,Full
9927,12.875676,77.505029,Bin,Medium,Available
9928,12.92424,77.64624,Recycling,Low,Available
9929,13.017706,77.469669,Bin,Medium,Available
9930,12.951387,77.572356,Recycling,High,Available
9931,12.99547,77.474669,Recycling,Medium,Available
9932,12.899606,77.52068,Bin,Medium,Full
9933,13.040744,77.617081,Bin,Medium,Available
9934,12.939805,77.529143,Bin,Medium,Available
9935,12.855558,77.545948,Bin,Medium,Available
9936,12.905788,77.483747,Recycling,Medium,Available
9937,13.015141,77.531357,Bin,Low,Full
9938,13.092565,77.679594,Recycling,Medium,Full
9939,12.955935,77.533814,Bin,Low,Available
9940,12.911273,77.678987,Bin,High,Available
9941,13.005651,77.644796,Recycling,Low,Available
9942,13.025435,77.718787,Bin,Medium,Available
9943,12.908599,77.769186,Bin,Medium,Available
9944,12.855492,77.461856,Bin,Medium,Available
9945,12.850371,77.550852,Bin,Low,Available
9946,12.882014,77.697228,Bin,Medium,Available
9947,13.074511,77.480777,Bin,High,Available
9948,12.898026,77.487708,Recycling,Low,Full
9949,13.090279,77.527282,Recycling,Medium,Available
9950,12.951849,77.474638,Recycling,Low,Full
9951,12.954437,77.4787,Bin,High,Available
9952,13.064082,77.5103,Bin,High,Available
9953,12.926069,77.768448,Bin,High,Available
9954,12.980899,77.745878,Bin,Medium,Available
9955,13.084755,77.72863,Bin,Medium,Available
9956,13.0151,77.797811,Bin,High,Available
9957,12.965191,77.618738,Bin,Medium,Available
9958,12.923491,77.474642,Bin,High,Full
9959,12.889881,77.765476,Bin,Low,Full
9960,12.909607,77.706705,Recycling,Medium,Available
9961,12.993119,77.517211,Recycling,High,Available
9962,13.098578,77.599788,Bin,Medium,Available
9963,13.075487,77.730445,Recycling,Medium,Full
9964,13.019993,77.629046,Recycling,Medium,Available
9965,12.892386,77.781681,Bin,Low,Available
9966,12.96334,77.545765,Recycling,Medium,Available
9967,12.89899,77.530488,Recycling,Medium,Available
9968,13.090351,77.512087,Bin,Medium,Available
9969,12.888904,77.746256,Bin,Low,Full
9970,12.960949,77.505007,Bin,Low,Available
9971,12.997578,77.784992,Bin,High,Available
9972,12.958396,77.528097,Bin,Medium,Full
9973,13.079374,77.653772,Bin,Medium,Available
9974,12.859507,77.60191,Bin,Low,Available
9975,13.090145,77.50909,Bin,High,Available
9976,13.039496,77.56456,Bin,Low,Available
9977,12.988772,77.630044,Bin,High,Available
9978,13.00903,77.514617,Recycling,Medium,Available
9979,12.938049,77.762168,Recycling,Low,Available
9980,12.875721,77.460448,Recycling,Low,Available
9981,13.001647,77.735869,Bin,Low,Available
9982,12.856212,77.490768,Recycling,Low,Available
9983,13.080242,77.669737,Bin,Medium,Full
9984,12.93064,77.55977,Bin,Medium,Available
9985,13.030947,77.675702,Bin,High,Available
9986,13.037382,77.661018,Bin,Low,Available
9987,12.973531,77.620052,Bin,Low,Available
9988,12.950229,77.597982,Bin,Low,Available
9989,12.974445,77.657311,Bin,High,Available
9990,12.863047,77.647216,Bin,Medium,Full
9991,12.964199,77.701802,Recycling,Low,Available
9992,12.928405,77.465555,Bin,High,Full
9993,13.022823,77.713545,Bin,Medium,Available
9994,12.944597,77.570871,Bin,Low,Available
9995,13.002483,77.672641,Bin,Low,Full
9996,12.863237,77.701081,Bin,Medium,Available
9997,13.051065,77.588259,Bin,High,Available
9998,13.061772,77.721595,Bin,High,Available
9999,13.024126,77.684431,Bin,Medium,Available
10000,12.992903,77.607552,Bin,Low,Available
10001,12.881357,77.599019,Recycling,Medium,Full
10002,12.859985,77.702702,Bin,Low,Available
10003,12.890673,77.524926,Bin,High,Available
10004,12.916215,77.508971,Bin,Low,Full
10005,13.080671,77.788785,Recycling,High,Available
10006,13.089514,77.745978,Bin,Medium,Available
10007,13.002046,77.65122,Recycling,Medium,Available
10008,12.921381,77.761451,Bin,Medium,Full
10009,12.912261,77.59322,Bin,High,Available
10010,12.965056,77.776305,Recycling,High,Full
10011,13.029848,77.669874,Bin,Low,Available
10012,13.050217,77.492757,Bin,Low,Available
10013,12.928746,77.740393,Recycling,High,Available
10014,13.094819,77.590253,Bin,Low,Full
10015,12.894927,77.663671,Recycling,Medium,Available
10016,13.002862,77.718478,Bin,High,Full
10017,13.096615,77.593521,Bin,Medium,Available
10018,13.072841,77.778337,Recycling,Medium,Available
10019,12.850596,77.577306,Recycling,Medium,Available
10020,12.876063,77.536211,Bin,High,Available
10021,12.888439,77.679252,Bin,Low,Available
10022,12.973153,77.65431,Recycling,Medium,Available
10023,12.895171,77.699711,Bin,Low,Available
10024,12.902873,77.657752,Bin,Medium,Full
10025,13.086959,77.733569,Recycling,Low,Available
10026,12.859931,77.528696,Bin,High,Available
10027,13.012215,77.576985,Bin,High,Available
10028,13.083064,77.52466,Recycling,Low,Available
10029,13.096293,77.663423,Bin,Medium,Available
10030,12.863479,77.537872,Bin,High,Full
10031,12.929428,77.742624,Bin,Low,Available
10032,12.931733,77.472677,Recycling,High,Available
10033,12.915917,77.580517,Bin,High,Full
10034,13.077209,77.751447,Bin,Medium,Available
10035,13.016641,77.526294,Bin,Low,Full
10036,12.930812,77.731899,Bin,High,Available
10037,13.040936,77.512836,Bin,Low,Available
10038,13.055179,77.714441,Bin,Medium,Full
10039,13.012526,77.47072,Bin,Medium,Available
10040,13.020479,77.672196,Bin,Medium,Available
10041,12.943707,77.536445,Recycling,Low,Available
10042,13.085865,77.787675,Bin,Medium,Full
10043,12.905856,77.459696,Bin,High,Available
10044,12.982555,77.692016,Bin,Low,Available
10045,13.01199,77.674559,Recycling,Medium,Full
10046,12.966065,77.631365,Recycling,High,Available
10047,12.881593,77.566183,Bin,Low,Available
10048,13.051308,77.654977,Bin,Low,Available
10049,13.027262,77.753259,Recycling,High,Available
10050,13.036732,77.534185,Bin,Low,Available
10051,12.859385,77.747595,Bin,High,Full
10052,13.098477,77.778007,Recycling,Medium,Available
10053,13.054124,77.764144,Recycling,High,Available
10054,13.092093,77.785519,Bin,Medium,Available
10055,12.95827,77.740282,Bin,Medium,Available
10056,13.021164,77.490745,Bin,High,Available
10057,12.931731,77.721902,Bin,High,Available
10058,13.04015,77.633858,Recycling,Medium,Available
10059,13.092497,77.708134,Recycling,Low,Available
10060,12.928385,77.540954,Bin,High,Available
10061,12.91063,77.535095,Recycling,Medium,Available
10062,13.060947,77.554122,Bin,Low,Available
10063,12.884183,77.571441,Bin,Low,Available
10064,12.893913,77.538671,Bin,Low,Full
10065,12.998683,77.716943,Recycling,Medium,Available
10066,13.008071,77.677281,Recycling,Low,Available
10067,12.873315,77.743064,Bin,High,Available
10068,12.960654,77.606925,Bin,High,Available
10069,13.007541,77.521389,Bin,Medium,Full
10070,13.073961,77.620524,Bin,High,Available
10071,12.969563,77.456927,Bin,Medium,Available
10072,13.081723,77.674267,Bin,Medium,Available
10073,13.034545,77.700686,Bin,Medium,Available
10074,13.036704,77.699475,Bin,High,Available
10075,12.853627,77.666322,Bin,Low,Available
10076,13.012774,77.696575,Recycling,High,Available
10077,13.002196,77.658768,Bin,Low,Available
10078,12.894387,77.732192,Bin,Low,Available
10079,13.028214,77.505439,Bin,Medium,Available
10080,12.949426,77.713836,Bin,Low,Available
10081,13.072302,77.509176,Recycling,High,Available
10082,13.036966,77.631585,Bin,Medium,Available
10083,12.865191,77.665774,Recycling,Medium,Full
10084,12.886111,77.768655,Bin,Medium,Full
10085,13.057932,77.570902,Recycling,Low,Available
10086,13.084444,77.545931,Bin,Medium,Available
10087,12.944921,77.65386,Bin,Medium,Available
10088,13.098314,77.785002,Recycling,Low,Available
10089,13.070772,77.598248,Recycling,Medium,Full
10090,12.858845,77.601957,Recycling,High,Available
10091,12.893316,77.760028,Bin,Low,Available
10092,13.024736,77.607856,Recycling,Medium,Available
10093,12.902793,77.62944,Bin,Low,Available
10094,12.86105,77.507158,Bin,Low,Available
10095,13.091983,77.599484,Bin,Low,Available
10096,12.999016,77.596365,Bin,High,Full
10097,13.069456,77.491517,Bin,Low,Available
10098,12.966088,77.62189,Bin,High,Available
10099,12.86112,77.707773,Recycling,Low,Available
10100,13.048016,77.622587,Bin,Medium,Full
10101,13.084048,77.548401,Bin,Medium,Available
10102,12.951019,77.721197,Recycling,High,Available
10103,13.047202,77.62592,Bin,Medium,Available
10104,12.958562,77.796661,Bin,Medium,Available
10105,12.852763,77.663692,Bin,Medium,Available
10106,13.060881,77.560904,Bin,Medium,Available
10107,13.081205,77.707993,Bin,High,Full
10108,13.048418,77.599179,Recycling,Low,Available
10109,12.892598,77.603772,Recycling,High,Available
10110,12.938463,77.776995,Bin,Low,Available
10111,12.940662,77.503804,Recycling,Medium,Full
10112,12.995745,77.472352,Bin,High,Available
10113,13.003794,77.554292,Bin,Low,Available
10114,13.03271,77.558816,Bin,High,Available
10115,12.937143,77.711739,Recycling,Medium,Available
10116,13.066477,77.745274,Bin,High,Available
10117,13.096677,77.536099,Bin,High,Available
10118,12.906195,77.675088,Recycling,Low,Available
10119,12.972277,77.545142,Bin,Low,Available
10120,13.02831,77.755825,Bin,Low,Available
10121,13.074399,77.62651,Bin,High,Available
10122,13.051507,77.676273,Bin,Low,Available
10123,12.964018,77.591522,Bin,High,Full
10124,12.965243,77.695259,Bin,Medium,Available
10125,13.014153,77.614376,Bin,Low,Available
10126,13.079256,77.454281,Bin,Medium,Available
10127,12.987979,77.611565,Bin,Low,Available
10128,12.97158,77.746081,Bin,Medium,Available
10129,12.919193,77.683884,Bin,High,Full
10130,12.949632,77.535291,Bin,Low,Available
10131,13.070806,77.63622,Bin,Low,Available
10132,12.909153,77.740232,Recycling,Medium,Available
10133,13.03776,77.756969,Recycling,Medium,Available
10134,13.005132,77.454533,Bin,High,Available
10135,12.990768,77.695016,Bin,Low,Full
10136,13.005682,77.704728,Bin,High,Available
10137,13.019751,77.783264,Recycling,Medium,Available
10138,13.087642,77.794447,Bin,Medium,Available
10139,12.87302,77.516388,Bin,High,Available
10140,13.078111,77.764513,Recycling,Medium,Available
10141,12.950899,77.781655,Bin,Low,Available
10142,12.965508,77.783745,Bin,Medium,Available
10143,13.069331,77.638656,Recycling,Medium,Available
10144,12.96771,77.499895,Bin,Low,Available
10145,13.012335,77.535299,Bin,Medium,Available
10146,12.896146,77.636894,Bin,Low,Available
10147,12.887009,77.765231,Recycling,Medium,Available
10148,13.006501,77.660533,Bin,Low,Available
10149,12.904346,77.67856,Recycling,Medium,Available
10150,12.853202,77.592067,Bin,Medium,Available
10151,13.016037,77.67348,Recycling,Medium,Available
10152,13.037899,77.513444,Bin,Low,Available
10153,12.966057,77.486744,Bin,Medium,Available
10154,12.93317,77.623005,Recycling,Low,Available
10155,13.057949,77.796096,Bin,Medium,Available
10156,12.864538,77.463913,Bin,High,Available
10157,13.008887,77.544327,Bin,Medium,Available
10158,12.911821,77.5269,Bin,Medium,Full
10159,13.014522,77.742601,Recycling,Medium,Available
10160,13.081953,77.694644,Recycling,Medium,Available
10161,13.072659,77.715737,Bin,Medium,Available
10162,13.042996,77.578251,Bin,Medium,Available
10163,12.911892,77.537575,Recycling,Medium,Available
10164,13.057897,77.540893,Bin,High,Available
10165,12.894263,77.736899,Recycling,High,Available
10166,12.962145,77.692786,Bin,Low,Available
10167,12.999278,77.581309,Bin,High,Available
10168,12.928442,77.699732,Bin,Medium,Available
10169,12.852355,77.645966,Recycling,Low,Available
10170,12.893064,77.559042,Bin,High,Available
10171,12.907617,77.705711,Bin,Low,Available
10172,13.090718,77.536673,Recycling,Low,Available
10173,13.073923,77.653006,Bin,Medium,Available
10174,13.00869,77.665764,Bin,High,Available
10175,12.898789,77.557584,Recycling,Medium,Available
10176,13.086922,77.678101,Bin,Low,Available
10177,12.948451,77.768865,Bin,Low,Available
10178,12.945226,77.50193,Recycling,High,Available
10179,12.875834,77.569571,Recycling,Low,Available
10180,12.938232,77.799707,Bin,Low,Available
10181,12.931685,77.680154,Bin,Medium,Available
10182,12.984192,77.748715,Recycling,High,Available
10183,12.982234,77.48409,Bin,Low,Available
10184,13.026896,77.679947,Bin,High,Full
10185,12.986315,77.68719,Bin,High,Available
10186,13.071852,77.774754,Recycling,High,Available
10187,13.079887,77.709926,Bin,Low,Available
10188,13.060163,77.751234,Recycling,Low,Available
10189,13.003456,77.683645,Bin,Medium,Available
10190,12.991694,77.682059,Bin,Low,Full
10191,12.910142,77.710571,Bin,Medium,Full
10192,12.852428,77.792887,Bin,Low,Full
10193,13.027176,77.487034,Recycling,Medium,Available
10194,13.065138,77.618317,Bin,High,Available
10195,13.005761,77.76448,Recycling,Low,Full
10196,12.94351,77.601121,Recycling,High,Available
10197,13.011981,77.638764,Bin,High,Available
10198,13.044428,77.645704,Bin,High,Available
10199,12.85503,77.793621,Recycling,Medium,Available
10200,12.906929,77.608217,Bin,High,Available
10201,12.988915,77.679664,Recycling,High,Full
10202,13.068661,77.509276,Recycling,Low,Full
10203,13.025332,77.669636,Bin,Low,Available
10204,13.066644,77.601355,Bin,High,Available
10205,13.040984,77.614663,Bin,High,Available
10206,12.87373,77.639615,Recycling,Low,Available
10207,13.051304,77.750425,Recycling,Medium,Available
10208,13.035319,77.503406,Bin,High,Available
10209,12.877918,77.565386,Bin,High,Available
10210,12.913315,77.454857,Bin,High,Available
10211,13.005617,77.79215,Bin,Medium,Available
10212,13.086488,77.654171,Bin,Low,Available
10213,12.8509,77.563517,Recycling,Low,Available
10214,12.896654,77.724183,Bin,Low,Full
10215,13.046006,77.782955,Bin,Medium,Full
10216,13.052797,77.74095,Bin,High,Available
10217,12.87307,77.692403,Recycling,Low,Available
10218,12.931003,77.749104,Recycling,Medium,Available
10219,12.963357,77.756208,Bin,High,Available
10220,12.859965,77.549453,Bin,High,Available
10221,12.894788,77.797468,Bin,High,Full
10222,12.98561,77.482187,Bin,High,Available
10223,12.90976,77.730988,Bin,Low,Full
10224,13.087025,77.578467,Bin,Medium,Available
10225,12.866589,77.762132,Recycling,Medium,Available
10226,12.866443,77.579397,Bin,Low,Available
10227,13.050508,77.60854,Bin,Low,Available
10228,12.940268,77.473625,Bin,Low,Available
10229,12.866303,77.73227,Recycling,Low,Available
10230,12.979766,77.79475,Bin,Medium,Available
10231,12.975452,77.525962,Bin,Low,Available
10232,12.919523,77.691623,Bin,Medium,Available
10233,12.881445,77.745004,Bin,High,Full
10234,12.888732,77.764353,Bin,Medium,Full
10235,12.951264,77.707342,Bin,High,Available
10236,12.870014,77.552449,Recycling,Low,Available
10237,12.939232,77.480205,Bin,Low,Available
10238,13.068631,77.630466,Bin,Medium,Full
10239,13.015655,77.481721,Bin,High,Available
10240,13.076328,77.529684,Recycling,Low,Available
10241,12.973918,77.488619,Bin,High,Full
10242,13.001759,77.637343,Recycling,Medium,Full
10243,13.079149,77.55133,Bin,Medium,Full
10244,13.059034,77.661284,Bin,Low,Full
10245,12.955349,77.676856,Recycling,High,Available
10246,12.971976,77.707341,Bin,Medium,Available
10247,13.056078,77.799311,Recycling,Medium,Available
10248,12.909054,77.556046,Bin,High,Available
10249,12.948444,77.644774,Bin,Low,Available
10250,13.009452,77.674351,Bin,Low,Available
10251,12.860131,77.514639,Recycling,Low,Available
10252,12.881755,77.597084,Bin,Low,Available
10253,13.084716,77.768938,Recycling,Low,Available
10254,13.016461,77.552095,Bin,Medium,Available
10255,12.953321,77.571763,Recycling,High,Available
10256,12.943669,77.721508,Recycling,Medium,Available
10257,13.04912,77.663256,Recycling,High,Available
10258,13.016859,77.482207,Bin,Low,Available
10259,13.029107,77.597439,Bin,Medium,Available
10260,13.045149,77.724313,Recycling,Low,Available
10261,13.075862,77.493289,Bin,High,Available
10262,12.986618,77.529583,Recycling,Medium,Available
10263,12.981351,77.51668,Bin,Medium,Available
10264,12.866812,77.497934,Bin,Medium,Available
10265,12.864324,77.494831,Bin,Medium,Available
10266,13.080298,77.594231,Bin,Low,Available
10267,13.046524,77.690325,Bin,High,Full
10268,13.07061,77.546251,Bin,Low,Available
10269,12.957331,77.753873,Bin,Medium,Available
10270,12.917288,77.543499,Bin,High,Full
10271,13.062485,77.737718,Bin,Low,Available
10272,13.08383,77.586751,Bin,Medium,Full
10273,12.862708,77.698108,Recycling,High,Available
10274,13.080141,77.497083,Bin,Medium,Available
10275,12.942667,77.506231,Recycling,Medium,Available
10276,12.923413,77.496171,Bin,Low,Available
10277,12.905137,77.652662,Bin,Medium,Available
10278,13.073052,77.498356,Bin,Medium,Available
10279,12.970886,77.584035,Bin,Medium,Available
10280,12.928175,77.792513,Bin,Medium,Available
10281,13.059768,77.496658,Bin,Medium,Available
10282,13.095367,77.494637,Bin,Low,Available
10283,12.947922,77.676964,Bin,Medium,Available
10284,12.943591,77.638134,Bin,High,Available
10285,13.075782,77.527981,Bin,Medium,Available
10286,12.94828,77.522594,Recycling,Medium,Available
10287,13.046936,77.495628,Recycling,Medium,Available
10288,13.054853,77.611271,Bin,High,Full
10289,13.073205,77.595921,Recycling,Low,Available
10290,12.935431,77.612369,Recycling,High,Full
10291,12.940868,77.50288,Recycling,Medium,Full
10292,13.033018,77.756181,Bin,High,Available
10293,13.092074,77.513343,Bin,Medium,Available
10294,13.029105,77.568731,Recycling,High,Available
10295,12.946498,77.664751,Recycling,High,Available
10296,12.8806,77.45158,Bin,Medium,Available
10297,13.020912,77.578024,Bin,Medium,Available
10298,13.057362,77.584304,Bin,Medium,Available
10299,12.985109,77.522996,Bin,Low,Available
10300,13.02997,77.642172,Recycling,Low,Available
10301,12.863993,77.544054,Bin,Medium,Available
10302,13.059902,77.692788,Bin,Low,Available
10303,12.918349,77.668562,Recycling,Medium,Available
10304,13.084937,77.552999,Recycling,High,Available
10305,12.864176,77.781696,Bin,Low,Available
10306,13.008843,77.529331,Bin,Low,Available
10307,12.867497,77.504805,Bin,Low,Full
10308,12.993955,77.597877,Bin,Low,Full
10309,12.983078,77.608078,Recycling,High,Available
10310,13.084039,77.748199,Recycling,Low,Full
10311,12.985721,77.685275,Bin,Low,Available
10312,12.955578,77.527472,Bin,High,Available
10313,12.979464,77.710172,Bin,Low,Available
10314,13.020253,77.533115,Bin,Medium,Available
10315,12.881702,77.710217,Bin,Medium,Full
10316,13.067469,77.708153,Bin,High,Available
10317,13.043137,77.754085,Bin,Medium,Available
10318,12.936571,77.632226,Bin,Medium,Available
10319,13.001255,77.78943,Recycling,High,Available
10320,12.97698,77.593852,Recycling,Medium,Available
10321,13.030446,77.75526,Bin,Medium,Available
10322,12.923214,77.795782,Recycling,Medium,Available
10323,13.029565,77.454023,Bin,Medium,Full
10324,13.047824,77.566234,Recycling,High,Available
10325,12.889809,77.719615,Bin,Medium,Available
10326,12.975023,77.583093,Bin,Low,Available
10327,13.042989,77.454472,Recycling,Low,Available
10328,12.963819,77.643197,Bin,Low,Available
10329,13.066172,77.66365,Recycling,High,Full
10330,12.999462,77.47833,Recycling,Low,Available
10331,13.064214,77.615343,Bin,Medium,Full
10332,13.09994,77.698792,Recycling,Low,Available
10333,12.94224,77.454199,Bin,Low,Available
10334,12.851105,77.544657,Recycling,Low,Available
10335,12.912433,77.739646,Bin,Medium,Available
10336,12.968038,77.542966,Bin,Medium,Full
10337,12.895414,77.718878,Bin,Medium,Available
10338,13.078896,77.512299,Bin,Low,Available
10339,12.95335,77.464475,Recycling,High,Available
10340,13.003499,77.576934,Recycling,Medium,Available
10341,13.061047,77.512799,Bin,High,Available
10342,12.880599,77.567454,Recycling,Low,Available
10343,12.921563,77.574621,Recycling,Medium,Available
10344,13.010101,77.576385,Bin,High,Available
10345,13.067085,77.776614,Recycling,High,Available
10346,12.859958,77.626698,Bin,Medium,Available
10347,12.923763,77.558368,Bin,Low,Available
10348,13.04139,77.588324,Recycling,High,Available
10349,12.949168,77.702463,Bin,Medium,Available
10350,13.013911,77.714177,Bin,Medium,Available
10351,12.998175,77.611166,Bin,Medium,Available
10352,12.926334,77.694897,Bin,Low,Available
10353,12.99253,77.746199,Bin,Medium,Full
10354,12.851112,77.546528,Recycling,Low,Available
10355,12.976845,77.503088,Bin,Medium,Available
10356,12.894311,77.691962,Bin,Medium,Available
10357,12.897994,77.609926,Bin,Medium,Available
10358,13.035228,77.679635,Bin,High,Full
10359,12.991801,77.571894,Recycling,Low,Available
10360,12.981127,77.794214,Recycling,High,Available
10361,12.986806,77.56191,Recycling,High,Available
10362,12.884669,77.589522,Bin,Low,Available
10363,12.871858,77.785594,Recycling,Medium,Available
10364,12.933532,77.50057,Bin,High,Available
10365,12.875827,77.530272,Recycling,High,Available
10366,12.981237,77.486789,Recycling,Low,Available
10367,12.926998,77.575728,Bin,High,Available
10368,13.061462,77.750391,Bin,Low,Available
10369,13.055233,77.551316,Recycling,Medium,Full
10370,13.056178,77.520525,Bin,Low,Available
10371,13.026514,77.769526,Recycling,Low,Available
10372,12.990055,77.520301,Bin,High,Available
10373,13.073768,77.618785,Bin,High,Available
10374,13.055773,77.456145,Recycling,High,Available
10375,13.031978,77.524898,Bin,High,Available
10376,13.095734,77.513702,Bin,High,Available
10377,13.069097,77.601921,Recycling,High,Available
10378,13.067841,77.526844,Bin,Low,Available
10379,12.971957,77.786031,Bin,High,Full
10380,12.871644,77.506722,Bin,Medium,Available
10381,13.046664,77.472326,Bin,Medium,Available
10382,13.070376,77.787305,Recycling,Low,Available
10383,12.960429,77.494027,Bin,Medium,Available
10384,12.873611,77.792599,Recycling,Low,Full
10385,13.087022,77.733631,Bin,Medium,Available
10386,12.963753,77.782067,Recycling,Low,Available
10387,12.998475,77.734244,Bin,High,Available
10388,12.882408,77.706121,Bin,High,Available
10389,13.096482,77.731193,Bin,High,Available
10390,13.013359,77.470873,Bin,High,Available
10391,12.999356,77.474712,Bin,Low,Available
10392,12.934451,77.521805,Recycling,High,Full
10393,12.876611,77.531706,Bin,High,Available
10394,12.931775,77.736091,Bin,High,Full
10395,13.091913,77.501694,Bin,Medium,Available
10396,12.986694,77.676288,Bin,Medium,Available
10397,13.089206,77.731266,Recycling,Low,Available
10398,12.895157,77.681601,Bin,High,Available
10399,12.856865,77.769939,Recycling,Medium,Available
10400,12.974492,77.633405,Recycling,High,Available
10401,13.026334,77.497509,Bin,Medium,Available
10402,13.057317,77.612095,Bin,Medium,Full
10403,13.078946,77.747195,Bin,Low,Available
10404,12.960079,77.528934,Bin,Medium,Available
10405,13.006347,77.720873,Bin,Medium,Available
10406,13.093752,77.465782,Bin,Medium,Available
10407,12.958668,77.674407,Bin,Low,Available
10408,12.908001,77.569517,Bin,High,Available
10409,12.936999,77.588186,Bin,High,Available
10410,13.038156,77.517335,Recycling,Medium,Available
10411,13.017024,77.661401,Bin,High,Available
10412,12.967316,77.589343,Bin,High,Available
10413,12.991901,77.67092,Recycling,Medium,Available
10414,13.024324,77.647704,Recycling,High,Available
10415,12.883849,77.618798,Bin,Low,Available
10416,13.056403,77.504968,Recycling,Low,Available
10417,12.858159,77.671027,Recycling,High,Available
10418,12.867922,77.665829,Bin,High,Available
10419,12.924804,77.570393,Recycling,Low,Available
10420,12.985248,77.61205,Recycling,Low,Available
10421,12.985245,77.514582,Bin,Low,Full
10422,12.931862,77.721204,Recycling,High,Available
10423,13.095814,77.679578,Bin,High,Available
10424,12.888174,77.726998,Bin,High,Available
10425,12.930028,77.53971,Recycling,Medium,Available
10426,12.895409,77.502974,Bin,Low,Available
10427,12.986344,77.49657,Bin,High,Available
10428,12.92672,77.757074,Bin,Medium,Available
10429,13.038037,77.580056,Bin,Medium,Available
10430,12.984091,77.700701,Bin,High,Available
10431,12.899062,77.761763,Recycling,High,Available
10432,13.018935,77.752253,Bin,High,Available
10433,12.864261,77.533162,Bin,Low,Available
10434,13.009841,77.608686,Recycling,Low,Available
10435,12.869387,77.638479,Bin,Medium,Available
10436,13.062422,77.486816,Bin,Low,Available
10437,12.914184,77.610791,Bin,High,Full
10438,12.996666,77.548491,Recycling,High,Available
10439,12.854092,77.713852,Recycling,Medium,Available
10440,13.044043,77.627304,Recycling,High,Full
10441,13.080343,77.6354,Bin,Low,Full
10442,12.93434,77.582137,Bin,Low,Available
10443,13.046155,77.54007,Recycling,Medium,Available
10444,12.931361,77.755471,Bin,Medium,Available
10445,13.080083,77.627806,Recycling,Medium,Available
10446,12.880988,77.497714,Bin,Medium,Available
10447,13.066425,77.794014,Bin,Medium,Available
10448,13.009507,77.662809,Bin,Medium,Available
10449,12.988637,77.701494,Recycling,High,Available
10450,13.039781,77.607509,Recycling,High,Available
10451,12.909661,77.601419,Bin,Medium,Available
10452,12.936358,77.61285,Bin,Low,Available
10453,12.981675,77.668492,Recycling,Medium,Available
10454,13.045648,77.663516,Recycling,Low,Available
10455,13.056523,77.586636,Bin,Medium,Available
10456,12.867377,77.555866,Bin,Medium,Full
10457,12.947294,77.723857,Bin,High,Available
10458,12.938804,77.694118,Bin,Medium,Available
10459,12.89166,77.720313,Recycling,Low,Available
10460,12.858543,77.551795,Bin,High,Available
10461,13.045308,77.520927,Recycling,Medium,Available
10462,13.030938,77.532713,Bin,Low,Available
10463,12.874427,77.596825,Bin,Low,Full
10464,13.04889,77.532657,Recycling,Medium,Available
10465,12.942765,77.769797,Recycling,High,Available
10466,13.016385,77.628058,Recycling,High,Available
10467,13.007944,77.670435,Bin,Medium,Full
10468,13.08836,77.723774,Bin,Medium,Available
10469,13.013034,77.720601,Recycling,High,Available
10470,12.881419,77.768385,Recycling,Medium,Available
10471,12.9882,77.658823,Bin,Medium,Available
10472,12.901567,77.799592,Bin,Medium,Available
10473,12.962871,77.53454,Bin,Low,Available
10474,12.906063,77.493462,Recycling,Medium,Available
10475,13.087349,77.525597,Bin,Low,Available
10476,12.992719,77.470388,Bin,Medium,Available
10477,13.055718,77.617396,Bin,High,Available
10478,12.938054,77.496163,Bin,High,Available
10479,12.973717,77.589036,Bin,Low,Available
10480,12.954733,77.586662,Bin,Low,Available
10481,12.855462,77.540081,Bin,Medium,Available
10482,12.85889,77.63812,Bin,Medium,Available
10483,13.035931,77.660783,Recycling,High,Full
10484,12.998323,77.762817,Bin,Low,Available
10485,13.093592,77.698408,Bin,Medium,Available
10486,12.967655,77.533039,Bin,Low,Available
10487,12.987797,77.458202,Bin,High,Full
10488,13.068589,77.450532,Bin,Low,Available
10489,13.011439,77.503574,Recycling,High,Available
10490,12.995998,77.639631,Bin,High,Available
10491,13.020928,77.487461,Bin,Medium,Available
10492,12.877017,77.481943,Bin,Medium,Full
10493,12.91352,77.497586,Bin,Low,Available
10494,12.99099,77.75785,Recycling,Low,Available
10495,12.97278,77.578701,Recycling,Medium,Available
10496,12.921141,77.765522,Bin,High,Available
10497,13.019241,77.509151,Recycling,High,Available
10498,12.895828,77.612011,Bin,Medium,Available
10499,13.028604,77.627018,Bin,Low,Available
10500,12.974641,77.710958,Recycling,High,Available
10501,12.920319,77.605651,Bin,Medium,Available
10502,12.886348,77.669092,Bin,Medium,Available
10503,13.047069,77.473811,Bin,High,Available
10504,13.071801,77.514739,Bin,Low,Available
10505,13.070516,77.662922,Bin,Low,Full
10506,13.005871,77.48706,Bin,Low,Available
10507,13.077904,77.575433,Bin,Medium,Available
10508,12.909623,77.48214,Bin,Medium,Available
10509,13.075614,77.612308,Bin,High,Available
10510,12.975495,77.577107,Recycling,Medium,Available
10511,12.961849,77.635061,Recycling,Medium,Available
10512,12.99258,77.778128,Bin,Medium,Full
10513,12.935679,77.794139,Bin,High,Available
10514,13.02831,77.709155,Bin,High,Available
10515,12.863528,77.575214,Bin,Medium,Available
10516,12.913251,77.620344,Recycling,High,Available
10517,13.081405,77.774706,Bin,Medium,Available
10518,12.988428,77.66552,Bin,Low,Available
10519,12.902095,77.709089,Bin,High,Available
10520,12.953619,77.753975,Bin,Low,Full
10521,12.985151,77.516682,Bin,High,Available
10522,12.87876,77.760418,Bin,High,Available
10523,12.982204,77.510585,Bin,Low,Available
10524,12.917466,77.549083,Recycling,Low,Available
10525,13.007311,77.681266,Recycling,High,Full
10526,13.038917,77.738291,Bin,Medium,Available
10527,12.919104,77.559684,Bin,Medium,Available
10528,12.911908,77.630825,Recycling,Medium,Available
10529,12.936714,77.756911,Recycling,High,Available
10530,12.946961,77.791227,Bin,Low,Available
10531,13.090994,77.595556,Recycling,Low,Available
10532,12.873336,77.519124,Bin,Medium,Available
10533,13.093352,77.46845,Bin,Medium,Full
10534,13.049412,77.612954,Recycling,Low,Available
10535,12.992504,77.734636,Bin,Medium,Available
10536,12.978509,77.759521,Bin,Low,Available
10537,13.004429,77.705638,Recycling,Low,Available
10538,13.000621,77.570887,Recycling,Medium,Available
10539,13.052002,77.540329,Recycling,High,Available
10540,12.972134,77.626466,Bin,High,Available
10541,12.998609,77.492504,Bin,Low,Full
10542,13.065884,77.518011,Bin,Medium,Available
10543,13.03923,77.797635,Bin,Low,Available
10544,13.040998,77.550028,Bin,High,Available
10545,12.900848,77.754245,Bin,Low,Available
10546,13.071633,77.693404,Bin,Low,Available
10547,12.999787,77.795689,Recycling,Low,Available
10548,12.914362,77.786663,Bin,Low,Available
10549,12.869767,77.570422,Bin,Medium,Available
10550,13.069756,77.626852,Recycling,Low,Available
10551,13.014129,77.549093,Bin,High,Available
10552,12.933665,77.721849,Bin,Medium,Available
10553,12.894213,77.471856,Recycling,Low,Available
10554,12.906244,77.584256,Bin,Medium,Available
10555,13.077971,77.555095,Bin,High,Full
10556,12.958338,77.609526,Bin,Medium,Available
10557,13.098595,77.514697,Bin,Medium,Available
10558,12.968606,77.790719,Bin,High,Available
10559,12.879955,77.780579,Bin,High,Available
10560,12.951687,77.680727,Recycling,High,Available
10561,13.02452,77.5698,Recycling,Low,Available
10562,12.895907,77.567756,Recycling,Low,Available
10563,12.973985,77.482213,Bin,High,Full
10564,12.94223,77.469206,Bin,High,Available
10565,12.921253,77.586954,Recycling,Medium,Available
10566,12.923801,77.703684,Bin,Medium,Available
10567,12.962644,77.613147,Bin,High,Full
10568,12.981846,77.46212,Bin,High,Full
10569,12.890323,77.707082,Bin,Medium,Available
10570,13.019317,77.485454,Bin,Low,Full
10571,12.993474,77.6332,Recycling,High,Available
10572,12.883277,77.553177,Recycling,Medium,Available
10573,12.900732,77.622762,Bin,Medium,Available
10574,12.987358,77.723142,Recycling,Low,Available
10575,13.071398,77.493698,Bin,Medium,Available
10576,12.855629,77.539846,Bin,Low,Available
10577,13.026981,77.58941,Bin,Medium,Full
10578,12.915263,77.54284,Bin,Low,Available
10579,13.091151,77.662693,Bin,Medium,Available
10580,12.850636,77.729018,Bin,Low,Available
10581,12.93917,77.724151,Bin,High,Available
10582,12.858284,77.789041,Bin,Low,Available
10583,12.89746,77.590381,Recycling,Medium,Available
10584,13.011012,77.734419,Bin,Medium,Full
10585,13.091141,77.628163,Bin,High,Available
10586,13.017369,77.573114,Recycling,Medium,Full
10587,12.884168,77.473942,Recycling,Medium,Available
10588,13.083454,77.656472,Bin,Low,Available
10589,12.947088,77.611075,Recycling,Medium,Full
10590,13.049203,77.705007,Bin,Medium,Available
10591,12.854624,77.466366,Recycling,Medium,Available
10592,12.998579,77.650084,Bin,Medium,Full
10593,13.079802,77.675584,Recycling,Low,Available
10594,12.989767,77.746277,Bin,Medium,Available
10595,13.096658,77.718443,Bin,High,Available
10596,12.966044,77.470598,Bin,Low,Available
10597,13.086852,77.599515,Bin,Medium,Available
10598,13.095942,77.64112,Recycling,Medium,Available
10599,12.957459,77.596572,Bin,Medium,Available
10600,13.088541,77.793962,Bin,Medium,Available
10601,12.938898,77.794864,Bin,Medium,Available
10602,13.03157,77.518056,Recycling,Medium,Full
10603,13.096641,77.71991,Bin,Low,Full
10604,13.044217,77.550816,Bin,Low,Available
10605,12.881316,77.678036,Bin,Medium,Full
10606,13.044741,77.623857,Recycling,High,Available
10607,12.888241,77.623976,Recycling,Medium,Available
10608,13.088806,77.455792,Bin,High,Available
10609,12.933136,77.773409,Bin,Medium,Available
10610,12.929411,77.635687,Bin,Medium,Available
10611,12.930437,77.475005,Bin,Medium,Full
10612,12.95394,77.481431,Bin,Medium,Available
10613,12.865989,77.70019,Recycling,High,Available
10614,12.944815,77.707064,Bin,Low,Available
10615,12.86322,77.479175,Bin,High,Available
10616,12.959776,77.536799,Bin,Medium,Available
10617,13.049276,77.468046,Bin,High,Available
10618,12.950075,77.546269,Bin,High,Available
10619,12.952889,77.579174,Recycling,Low,Available
10620,13.076638,77.736022,Recycling,Medium,Available
10621,13.083697,77.622154,Bin,Medium,Available
10622,12.91379,77.515785,Bin,Low,Available
10623,12.87588,77.465799,Bin,Low,Available
10624,12.995924,77.562793,Bin,High,Available
10625,13.03547,77.693052,Bin,Medium,Available
10626,12.937948,77.684768,Recycling,Medium,Available
10627,12.937334,77.490885,Bin,Medium,Available
10628,13.083722,77.678481,Bin,Low,Available
10629,13.047119,77.58641,Bin,High,Available
10630,12.946574,77.791029,Bin,High,Full
10631,12.865965,77.753127,Bin,High,Available
10632,13.095666,77.676467,Bin,High,Available
10633,12.914667,77.542026,Bin,Medium,Available
10634,12.974894,77.591207,Recycling,Low,Available
10635,12.876451,77.489633,Bin,Low,Available
10636,13.006092,77.603371,Bin,High,Available
10637,12.997713,77.583048,Bin,Low,Available
10638,12.867224,77.52706,Bin,Medium,Available
10639,12.954745,77.624308,Recycling,Low,Available
10640,12.853568,77.5617,Bin,Low,Available
10641,13.081143,77.68987,Recycling,Medium,Full
10642,12.886717,77.607425,Bin,High,Available
10643,12.850282,77.791045,Bin,Low,Available
10644,12.974092,77.742063,Bin,Medium,Available
10645,12.99229,77.571934,Bin,High,Available
10646,13.01947,77.767868,Bin,Low,Available
10647,12.923627,77.715662,Bin,High,Full
10648,13.073836,77.472282,Bin,Low,Available
10649,12.852978,77.732249,Bin,Medium,Available
10650,12.983836,77.51926,Bin,Medium,Available
10651,12.917988,77.732147,Recycling,Low,Available
10652,12.937231,77.51674,Recycling,High,Available
10653,13.078487,77.674759,Bin,Medium,Available
10654,12.871064,77.604818,Bin,Medium,Available
10655,12.898025,77.573971,Bin,Low,Full
10656,13.020378,77.482152,Recycling,Medium,Available
10657,13.097446,77.66637,Recycling,High,Available
10658,12.852091,77.602343,Recycling,High,Available
10659,12.961822,77.712487,Recycling,Medium,Available
10660,13.005355,77.68698,Bin,Low,Available
10661,13.027122,77.786918,Recycling,Medium,Full
10662,12.857363,77.751403,Bin,High,Available
10663,13.06714,77.658243,Bin,Medium,Available
10664,12.956101,77.565502,Bin,High,Full
10665,12.912864,77.487278,Bin,Low,Available
10666,12.975281,77.666987,Bin,High,Full
10667,12.970596,77.78686,Bin,Low,Full
10668,13.025066,77.516041,Bin,Medium,Available
10669,13.060507,77.47893,Bin,Medium,Available
10670,12.977133,77.607743,Bin,Medium,Available
10671,12.861153,77.580839,Bin,Medium,Available
10672,12.959388,77.79305,Bin,Medium,Available
10673,12.889729,77.646257,Bin,Low,Full
10674,12.90082,77.581793,Bin,Low,Available
10675,12.931693,77.674373,Recycling,Medium,Available
10676,13.053317,77.799846,Bin,High,Available
10677,13.0455,77.650628,Recycling,Medium,Available
10678,12.966579,77.74996,Recycling,Low,Available
10679,12.870314,77.499348,Recycling,Medium,Available
10680,13.017871,77.646056,Bin,Low,Available
10681,12.897066,77.49871,Bin,High,Available
10682,13.058317,77.667341,Bin,Medium,Available
10683,13.060282,77.76752,Bin,High,Available
10684,12.923909,77.517423,Bin,Low,Available
10685,13.053032,77.727169,Recycling,Low,Available
10686,13.07871,77.464718,Recycling,Low,Available
10687,13.029351,77.773955,Bin,High,Available
10688,12.955136,77.603832,Bin,Medium,Full
10689,12.869635,77.542756,Recycling,Medium,Available
10690,12.870256,77.549418,Bin,Low,Available
10691,13.040906,77.75453,Bin,Medium,Available
10692,12.870921,77.732351,Bin,High,Available
10693,12.883323,77.572002,Bin,Medium,Full
10694,12.872476,77.534783,Bin,Medium,Available
10695,13.031717,77.706421,Bin,Medium,Available
10696,12.949234,77.45432,Bin,Low,Available
10697,12.939459,77.48452,Recycling,Medium,Available
10698,13.039782,77.683776,Bin,High,Available
10699,13.042925,77.7889,Recycling,Medium,Full
10700,12.917283,77.547005,Bin,High,Available
10701,13.094262,77.528016,Recycling,High,Available
10702,13.090496,77.520752,Recycling,High,Available
10703,12.980333,77.635094,Bin,Low,Available
10704,12.981127,77.612335,Recycling,Medium,Available
10705,12.851891,77.682238,Recycling,Medium,Available
10706,13.006507,77.564993,Bin,Low,Available
10707,13.019853,77.772831,Bin,Low,Available
10708,13.08806,77.768613,Bin,High,Full
10709,12.931143,77.695352,Bin,Medium,Available
10710,12.94173,77.774729,Recycling,Medium,Available
10711,12.95149,77.613183,Recycling,Medium,Available
10712,12.917259,77.648728,Bin,Medium,Available
10713,13.047344,77.640887,Recycling,Low,Full
10714,12.911915,77.636076,Bin,Medium,Full
10715,12.918075,77.686204,Recycling,Low,Full
10716,12.98666,77.770072,Bin,Medium,Available
10717,13.042648,77.460425,Bin,Low,Available
10718,12.874074,77.769057,Bin,Medium,Full
10719,13.033258,77.493468,Bin,High,Available
10720,13.004928,77.647265,Bin,High,Available
10721,12.87342,77.78689,Recycling,Medium,Available
10722,13.082007,77.545742,Bin,Low,Full
10723,13.042377,77.648672,Recycling,High,Full
10724,13.046505,77.747173,Bin,Medium,Available
10725,13.039906,77.765344,Bin,Medium,Available
10726,13.04963,77.458593,Recycling,Medium,Available
10727,13.00414,77.604069,Recycling,High,Available
10728,13.037109,77.560088,Recycling,Medium,Available
10729,13.04297,77.623659,Bin,High,Available
10730,13.011287,77.676304,Recycling,Low,Available
10731,12.946675,77.647717,Bin,Medium,Available
10732,13.047677,77.70133,Bin,Low,Available
10733,13.043334,77.734818,Bin,High,Available
10734,12.8663,77.617207,Bin,Low,Full
10735,13.038527,77.478501,Recycling,Medium,Available
10736,13.045777,77.675399,Bin,Low,Available
10737,12.994795,77.670826,Bin,Medium,Available
10738,12.990472,77.551023,Bin,Medium,Available
10739,12.866302,77.536561,Bin,Medium,Available
10740,12.879214,77.536276,Bin,Medium,Available
10741,12.91654,77.675172,Bin,Low,Available
10742,12.965371,77.517032,Bin,Low,Available
10743,12.925321,77.52681,Recycling,Low,Available
10744,12.915688,77.54204,Bin,High,Full
10745,12.953623,77.605902,Bin,Medium,Available
10746,12.972105,77.516089,Bin,High,Available
10747,13.07439,77.691668,Bin,Low,Available
10748,12.982468,77.679898,Bin,Medium,Available
10749,13.042079,77.773895,Recycling,Medium,Available
10750,12.868322,77.590964,Recycling,Medium,Available
10751,13.06083,77.464117,Recycling,Medium,Available
10752,13.058857,77.776954,Recycling,High,Full
10753,12.980591,77.688162,Bin,Low,Available
10754,13.033652,77.588999,Bin,High,Available
10755,13.096571,77.751995,Bin,Low,Available
10756,12.954411,77.678485,Bin,High,Available
10757,12.93679,77.724552,Bin,Low,Available
10758,12.850685,77.741323,Bin,Medium,Available
10759,13.0134,77.647925,Recycling,Medium,Available
10760,13.046658,77.519827,Bin,High,Available
10761,12.856002,77.528068,Bin,Low,Available
10762,12.914575,77.525099,Bin,High,Available
10763,12.995517,77.645152,Recycling,Medium,Available
10764,13.07288,77.741531,Bin,Low,Available
10765,12.895656,77.518823,Bin,Low,Available
10766,13.03861,77.698333,Bin,High,Available
10767,12.890858,77.493574,Bin,High,Available
10768,12.868242,77.59764,Recycling,Medium,Available
10769,12.898169,77.600202,Bin,Medium,Available
10770,12.873075,77.482679,Bin,Low,Available
10771,12.856136,77.572759,Bin,High,Full
10772,12.925105,77.61642,Recycling,Medium,Available
10773,13.056594,77.779451,Bin,Low,Available
10774,12.992824,77.635597,Bin,Low,Available
10775,12.935126,77.661383,Recycling,Medium,Available
10776,13.065195,77.482736,Recycling,High,Available
10777,13.007369,77.575306,Recycling,Low,Available
10778,12.850449,77.778945,Recycling,High,Available
10779,12.894653,77.622362,Recycling,Medium,Available
10780,13.062361,77.559597,Recycling,Medium,Available
10781,13.032986,77.757245,Bin,Medium,Available
10782,13.071194,77.791047,Bin,Medium,Available
10783,12.982963,77.611649,Bin,Medium,Available
10784,12.866658,77.663493,Bin,High,Available
10785,12.927678,77.789677,Bin,Medium,Full
10786,13.035844,77.6506,Recycling,Low,Available
10787,13.052638,77.58508,Recycling,Low,Available
10788,12.956436,77.690437,Bin,Low,Full
10789,13.074689,77.555078,Bin,Medium,Full
10790,12.999265,77.739251,Recycling,Medium,Available
10791,12.974677,77.747804,Bin,High,Full
10792,12.94334,77.60684,Bin,Low,Available
10793,12.887346,77.746785,Recycling,Low,Available
10794,13.009136,77.716026,Bin,Low,Available
10795,12.891308,77.7724,Bin,High,Available
10796,12.988181,77.726253,Recycling,Low,Available
10797,12.874452,77.731913,Recycling,Low,Available
10798,12.962467,77.639623,Bin,High,Available
10799,12.878297,77.552726,Bin,Medium,Available
10800,12.94014,77.622349,Bin,Low,Available
10801,13.044999,77.753339,Bin,Medium,Available
10802,13.034327,77.692846,Recycling,Low,Available
10803,13.045522,77.746303,Bin,Medium,Available
10804,13.062724,77.705651,Bin,Medium,Available
10805,12.914707,77.762593,Bin,Medium,Available
10806,13.055886,77.502563,Bin,Low,Available
10807,12.908683,77.70232,Bin,Low,Available
10808,12.916935,77.760355,Bin,High,Available
10809,12.851641,77.781886,Recycling,High,Full
10810,13.096135,77.484199,Bin,Low,Available
10811,12.938887,77.657645,Recycling,Medium,Available
10812,12.961418,77.473625,Bin,Low,Available
10813,13.053288,77.789284,Recycling,Low,Available
10814,13.019694,77.730027,Recycling,High,Available
10815,13.042437,77.706954,Bin,Medium,Available
10816,13.078318,77.757768,Bin,Medium,Available
10817,13.047401,77.452872,Bin,High,Available
10818,13.008781,77.474748,Bin,Medium,Available
10819,12.932734,77.573881,Bin,Medium,Available
10820,12.986749,77.494922,Bin,High,Available
10821,12.938788,77.601859,Bin,Low,Available
10822,12.939732,77.61641,Bin,Low,Available
10823,12.944714,77.759166,Bin,High,Full
10824,12.985563,77.701565,Recycling,Low,Available
10825,12.877731,77.647346,Bin,High,Available
10826,13.079922,77.521785,Bin,Medium,Available
10827,13.074586,77.602181,Bin,High,Available
10828,12.902018,77.577271,Bin,Medium,Available
10829,13.015464,77.493183,Bin,High,Available
10830,12.872087,77.560302,Recycling,High,Available
10831,12.868216,77.662469,Bin,Medium,Available
10832,12.974311,77.451332,Bin,High,Available
10833,13.027299,77.481612,Recycling,Medium,Available
10834,13.021333,77.675954,Bin,Low,Available
10835,13.097846,77.601588,Bin,High,Available
10836,12.95088,77.5473,Recycling,Medium,Available
10837,12.999596,77.465041,Bin,Medium,Full
10838,13.052982,77.749829,Bin,Medium,Available
10839,13.007754,77.704903,Recycling,High,Available
10840,13.049024,77.663793,Bin,Medium,Full
10841,12.986323,77.506766,Bin,High,Available
10842,12.900761,77.69995,Bin,Medium,Available
10843,12.960217,77.460248,Recycling,High,Available
10844,12.893238,77.536778,Bin,Low,Full
10845,12.970041,77.488855,Bin,High,Available
10846,12.978909,77.633976,Bin,High,Available
10847,13.02501,77.470218,Bin,High,Available
10848,12.933669,77.642972,Bin,High,Available
10849,12.943573,77.561277,Bin,High,Available
10850,12.932554,77.766828,Bin,Low,Available
10851,12.914963,77.654891,Bin,Low,Available
10852,12.899632,77.474615,Bin,Low,Available
10853,13.047827,77.526267,Bin,Low,Available
10854,13.04868,77.661683,Bin,Medium,Available
10855,12.957993,77.539332,Recycling,Medium,Available
10856,12.856125,77.568768,Bin,Medium,Available
10857,12.974488,77.689969,Bin,Medium,Available
10858,12.967366,77.497003,Bin,Low,Available
10859,12.988361,77.64609,Recycling,Low,Available
10860,12.945551,77.788213,Recycling,High,Available
10861,12.909331,77.460213,Bin,Medium,Available
10862,13.009258,77.740041,Bin,High,Available
10863,12.873777,77.743345,Bin,High,Available
10864,13.081531,77.53387,Bin,High,Available
10865,12.850364,77.472418,Recycling,Medium,Available
10866,13.049857,77.734053,Bin,High,Available
10867,13.018755,77.461677,Bin,High,Available
10868,12.933686,77.682047,Bin,Low,Available
10869,13.004306,77.749366,Bin,Medium,Available
10870,12.851105,77.463924,Bin,High,Full
10871,12.974299,77.513069,Bin,Low,Full
10872,12.980367,77.731415,Bin,Medium,Available
10873,12.857834,77.605844,Recycling,Medium,Available
10874,12.981636,77.583268,Bin,Low,Full
10875,12.858532,77.619123,Bin,Low,Available
10876,13.096295,77.712362,Bin,Medium,Available
10877,12.982918,77.484812,Recycling,Low,Available
10878,13.065389,77.77989,Bin,Low,Available
10879,12.984913,77.782233,Bin,Low,Available
10880,12.991214,77.713237,Recycling,High,Available
10881,13.034601,77.739484,Recycling,Medium,Available
10882,12.987891,77.65912,Bin,Medium,Available
10883,12.898987,77.605271,Bin,High,Available
10884,12.969049,77.678386,Bin,Low,Available
10885,12.857374,77.691877,Recycling,Medium,Full
10886,13.001636,77.528727,Bin,High,Available
10887,12.907313,77.566447,Recycling,Low,Available
10888,12.892306,77.618604,Bin,Medium,Available
10889,12.913341,77.706604,Bin,Medium,Available
10890,13.059259,77.508503,Bin,Medium,Available
10891,12.947863,77.54979,Bin,High,Full
10892,13.030706,77.619208,Recycling,Medium,Available
10893,13.064193,77.514618,Bin,High,Full
10894,12.868194,77.71743,Bin,High,Available
10895,13.093253,77.758448,Bin,High,Full
10896,12.965313,77.78141,Recycling,Low,Available
10897,12.932787,77.621092,Bin,Low,Full
10898,13.034325,77.756228,Recycling,Medium,Available
10899,12.896005,77.643084,Bin,Low,Available
10900,12.994934,77.782448,Bin,Medium,Available
10901,12.973965,77.769122,Bin,Low,Available
10902,12.988872,77.539077,Bin,High,Available
10903,12.960671,77.784068,Bin,Medium,Available
10904,12.980096,77.707007,Recycling,Medium,Available
10905,12.872104,77.455031,Recycling,Low,Full
10906,12.983963,77.617482,Recycling,High,Available
10907,13.022475,77.630389,Recycling,High,Available
10908,13.051174,77.761888,Bin,Medium,Available
10909,12.890765,77.48057,Recycling,Medium,Available
10910,12.95408,77.554382,Recycling,Medium,Available
10911,12.908823,77.729672,Recycling,High,Available
10912,13.058772,77.515786,Bin,Medium,Available
10913,12.91479,77.654791,Bin,High,Available
10914,13.099198,77.575788,Bin,Low,Available
10915,13.090321,77.712289,Bin,Medium,Available
10916,12.874487,77.760048,Bin,Medium,Available
10917,12.888099,77.765739,Bin,Medium,Available
10918,12.927214,77.60611,Bin,High,Available
10919,13.091779,77.692601,Bin,Low,Available
10920,12.956928,77.579578,Recycling,Low,Available
10921,13.043769,77.707659,Bin,Medium,Available
10922,12.983708,77.65664,Recycling,Low,Available
10923,13.029517,77.683111,Bin,Medium,Available
10924,13.097556,77.591874,Recycling,Medium,Full
10925,12.904298,77.716781,Recycling,High,Available
10926,12.926049,77.632683,Bin,Medium,Available
10927,12.921057,77.692698,Bin,Low,Available
10928,12.922767,77.520601,Recycling,Medium,Available
10929,12.900031,77.664793,Bin,Low,Available
10930,13.047515,77.511787,Bin,Low,Available
10931,12.920506,77.552238,Recycling,Low,Available
10932,13.096592,77.460716,Bin,Medium,Full
10933,13.077985,77.585524,Bin,Medium,Full
10934,12.92035,77.793461,Recycling,Low,Available
10935,12.86245,77.641822,Bin,Medium,Available
10936,12.975678,77.679744,Bin,High,Available
10937,13.021949,77.587361,Bin,Low,Available
10938,13.017064,77.677556,Recycling,Medium,Available
10939,13.071968,77.591427,Bin,High,Available
10940,13.049902,77.777468,Bin,Low,Available
10941,13.054446,77.490245,Bin,Medium,Available
10942,12.918657,77.599197,Bin,Medium,Full
10943,13.090164,77.47855,Bin,Low,Available
10944,13.015535,77.61495,Bin,Low,Available
10945,12.977782,77.687188,Bin,Low,Available
10946,13.06459,77.546771,Bin,Low,Available
10947,13.04175,77.577819,Bin,High,Available
10948,12.963363,77.578408,Bin,High,Available
10949,12.865348,77.48669,Bin,Medium,Full
10950,13.098156,77.706019,Bin,Low,Available
10951,12.878888,77.648706,Recycling,Medium,Available
10952,12.977024,77.616362,Recycling,High,Available
10953,12.933146,77.482595,Recycling,Low,Available
10954,13.00932,77.710427,Bin,Low,Available
10955,12.963598,77.513397,Recycling,High,Available
10956,13.025527,77.504258,Recycling,High,Available
10957,13.017078,77.69656,Bin,Medium,Available
10958,12.920682,77.606397,Bin,Low,Available
10959,12.952418,77.6431,Bin,Medium,Available
10960,12.961131,77.645209,Recycling,Medium,Available
10961,12.871435,77.653795,Recycling,Medium,Available
10962,12.915584,77.505821,Bin,Medium,Available
10963,13.022699,77.786607,Bin,High,Available
10964,13.06507,77.504236,Recycling,High,Full
10965,13.046375,77.481606,Bin,High,Available
10966,12.936929,77.467667,Bin,Medium,Full
10967,13.073086,77.62708,Bin,Medium,Available
10968,13.066948,77.642339,Bin,Low,Available
10969,12.949916,77.538794,Recycling,Low,Available
10970,13.048939,77.747176,Recycling,High,Available
10971,13.085115,77.453781,Bin,Low,Full
10972,12.955984,77.560344,Bin,Low,Available
10973,12.861771,77.658016,Recycling,Medium,Available
10974,12.916315,77.47701,Recycling,High,Available
10975,13.055154,77.610272,Bin,Medium,Available
10976,12.968008,77.501643,Bin,High,Available
10977,12.906069,77.798432,Bin,Medium,Available
10978,12.98108,77.527624,Bin,High,Full
10979,12.918301,77.541691,Bin,Medium,Available
10980,13.073284,77.792303,Bin,High,Available
10981,13.053793,77.687456,Bin,Medium,Available
10982,13.047911,77.755278,Bin,High,Available
10983,13.035268,77.661743,Bin,High,Available
10984,13.048616,77.633964,Recycling,Low,Available
10985,12.856289,77.519088,Bin,Medium,Available
10986,12.966664,77.646416,Recycling,High,Available
10987,12.894116,77.463376,Bin,Medium,Available
10988,12.911088,77.5873,Bin,Medium,Full
10989,13.095807,77.661614,Bin,Medium,Available
10990,12.980986,77.707935,Bin,High,Available
10991,12.960804,77.588959,Recycling,Low,Available
10992,13.024486,77.661117,Bin,Medium,Available
10993,13.011606,77.756149,Recycling,Low,Available
10994,12.861135,77.58558,Bin,High,Available
10995,13.010885,77.517335,Recycling,Medium,Available
10996,13.011636,77.556273,Recycling,Medium,Available
10997,12.98209,77.761742,Bin,Medium,Available
10998,12.859379,77.673713,Bin,Low,Available
10999,13.057765,77.613569,Bin,Medium,Full
11000,12.877773,77.50625,Recycling,High,Available
11001,12.887746,77.534192,Bin,Medium,Available
11002,12.861945,77.551952,Recycling,High,Available
11003,12.871386,77.758977,Bin,Medium,Full
11004,12.852211,77.644564,Recycling,Low,Available
11005,13.094371,77.524125,Bin,High,Available
11006,12.951968,77.472144,Bin,High,Available
11007,12.92616,77.583599,Bin,Medium,Available
11008,12.853207,77.758059,Bin,High,Available
11009,13.044083,77.739023,Bin,Medium,Available
11010,12.969004,77.614349,Bin,Medium,Available
11011,12.858068,77.776783,Bin,Medium,Available
11012,13.007503,77.45621,Bin,Low,Available
11013,12.951472,77.68192,Bin,Low,Available
11014,12.952878,77.538561,Bin,Medium,Available
11015,12.995772,77.787164,Bin,Medium,Available
11016,12.95299,77.666408,Recycling,Medium,Available
11017,13.043792,77.714627,Bin,Low,Full
11018,12.94433,77.560847,Recycling,High,Available
11019,12.927077,77.702334,Bin,Low,Full
11020,12.991428,77.716874,Recycling,High,Full
11021,12.975192,77.713682,Recycling,High,Available
11022,13.073154,77.483263,Bin,Low,Available
11023,12.87188,77.492901,Recycling,Low,Available
11024,13.055404,77.491407,Bin,Low,Available
11025,13.090188,77.750425,Recycling,High,Available
11026,13.046249,77.704755,Recycling,Low,Available
11027,12.923732,77.540271,Bin,Low,Available
11028,13.01166,77.495606,Bin,High,Available
11029,13.019239,77.749589,Bin,Low,Available
11030,12.973814,77.649491,Bin,Low,Available
11031,12.966117,77.797373,Bin,Medium,Available
11032,13.06816,77.557212,Bin,Low,Available
11033,12.980582,77.659647,Bin,Medium,Available
11034,13.065945,77.721691,Bin,Medium,Available
11035,13.009313,77.484022,Recycling,Medium,Available
11036,12.94271,77.481532,Bin,High,Available
11037,12.96856,77.67023,Bin,Medium,Available
11038,13.007579,77.712123,Recycling,Low,Available
11039,13.074851,77.670904,Recycling,Medium,Available
11040,12.936066,77.499987,Bin,Low,Available
11041,13.061803,77.562419,Bin,High,Available
11042,12.982174,77.733215,Bin,High,Available
11043,12.932984,77.752991,Bin,Medium,Available
11044,12.918684,77.556701,Bin,Low,Available
11045,12.864675,77.48861,Bin,Medium,Available
11046,12.980462,77.627766,Recycling,Medium,Full
11047,13.007025,77.45893,Bin,Medium,Available
11048,12.954849,77.685041,Bin,High,Available
11049,13.007804,77.793817,Recycling,Medium,Full
11050,12.990109,77.604579,Recycling,Low,Available
11051,12.935748,77.69993,Bin,Medium,Available
11052,12.874473,77.793116,Bin,Medium,Available
11053,13.015498,77.723881,Recycling,Medium,Available
11054,13.015814,77.670332,Recycling,High,Available
11055,12.892078,77.707012,Bin,Medium,Available
11056,12.943007,77.656874,Bin,Medium,Available
11057,13.039422,77.72356,Bin,Medium,Available
11058,12.880383,77.47789,Bin,High,Full
11059,12.852792,77.489442,Recycling,Medium,Available
11060,13.098199,77.650767,Bin,Medium,Available
11061,12.972031,77.525744,Bin,Low,Available
11062,12.943053,77.552071,Bin,High,Available
11063,13.053493,77.742505,Bin,Medium,Available
11064,12.974874,77.749274,Bin,Medium,Available
11065,12.880556,77.654487,Bin,Low,Available
11066,12.991769,77.745366,Bin,High,Available
11067,12.897418,77.770929,Bin,Low,Available
11068,12.92047,77.577194,Bin,Medium,Available
11069,13.006233,77.753631,Bin,Medium,Available
11070,12.860063,77.737376,Bin,Low,Available
11071,12.927247,77.734036,Recycling,Medium,Available
11072,12.946508,77.733551,Bin,Low,Available
11073,12.933334,77.501927,Recycling,Low,Full
11074,13.004337,77.587782,Bin,Low,Available
11075,13.091044,77.647107,Bin,Medium,Available
11076,12.914546,77.4695,Bin,Medium,Available
11077,12.936848,77.632863,Bin,Low,Available
11078,13.060144,77.480796,Bin,High,Available
11079,12.899401,77.549811,Recycling,Low,Available
11080,12.938903,77.621514,Bin,Medium,Available
11081,13.000525,77.575219,Bin,Medium,Full
11082,13.067344,77.480392,Bin,Medium,Available
11083,13.031589,77.791292,Bin,High,Available
11084,13.067437,77.722451,Bin,High,Available
11085,12.988057,77.7811,Bin,High,Available
11086,12.970044,77.530994,Bin,Medium,Available
11087,13.085187,77.547868,Bin,High,Available
11088,13.01793,77.501225,Recycling,Medium,Full
11089,13.017812,77.742563,Recycling,Medium,Available
11090,12.999371,77.46792,Bin,Medium,Available
11091,12.994043,77.663671,Recycling,Medium,Available
11092,12.85311,77.505824,Bin,Low,Available
11093,12.887855,77.478673,Recycling,High,Available
11094,12.877142,77.737532,Bin,Low,Available
11095,12.859846,77.790365,Recycling,Low,Available
11096,12.948821,77.751523,Bin,Low,Available
11097,12.903892,77.782234,Recycling,Medium,Available
11098,12.979249,77.729034,Bin,Medium,Available
11099,12.931849,77.715599,Bin,Medium,Available
11100,13.040743,77.515503,Bin,High,Available
11101,13.015441,77.557087,Bin,Low,Available
11102,12.938367,77.763474,Bin,Medium,Available
11103,12.982906,77.719376,Recycling,Medium,Available
11104,13.096589,77.674917,Recycling,High,Available
11105,12.967725,77.794634,Recycling,High,Available
11106,13.076194,77.706253,Recycling,Low,Available
11107,12.933804,77.684151,Bin,Low,Available
11108,12.962815,77.721755,Bin,Medium,Available
11109,13.017147,77.797149,Bin,Medium,Available
11110,13.05114,77.725154,Recycling,Low,Full
11111,13.085653,77.579532,Bin,High,Available
11112,12.999791,77.661135,Bin,Medium,Available
11113,12.98487,77.755005,Recycling,High,Available
11114,13.046493,77.58575,Bin,Medium,Available
11115,12.96322,77.740627,Recycling,Low,Available
11116,12.958376,77.621155,Recycling,Medium,Available
11117,13.015984,77.487517,Bin,Medium,Available
11118,12.868612,77.534458,Recycling,Medium,Full
11119,12.979418,77.450359,Bin,Medium,Available
11120,12.85511,77.519561,Bin,Medium,Available
11121,12.908652,77.694203,Recycling,Medium,Available
11122,12.901058,77.476228,Bin,High,Available
11123,13.08877,77.670492,Bin,High,Available
11124,13.053256,77.578076,Bin,Low,Full
11125,13.005806,77.510993,Bin,Medium,Available
11126,12.877104,77.716614,Recycling,High,Available
11127,13.072296,77.561026,Bin,Low,Full
11128,13.095247,77.75269,Bin,High,Available
11129,12.882194,77.541615,Bin,High,Available
11130,12.985958,77.637117,Bin,High,Available
11131,13.034959,77.56959,Bin,Low,Available
11132,12.873355,77.769597,Bin,High,Available
11133,13.0199,77.78755,Bin,Low,Available
11134,12.941525,77.54557,Recycling,High,Available
11135,12.862501,77.517065,Bin,Medium,Available
11136,12.856183,77.780175,Bin,Low,Available
11137,12.867838,77.70241,Recycling,High,Available
11138,12.886082,77.482154,Bin,High,Available
11139,13.093979,77.558215,Recycling,Low,Full
11140,12.862958,77.725759,Bin,Low,Available
11141,13.07397,77.717444,Bin,Medium,Available
11142,13.056015,77.487483,Recycling,Medium,Available
11143,13.059455,77.683637,Bin,Medium,Available
11144,12.966016,77.488554,Bin,Low,Full
11145,13.025116,77.762029,Bin,High,Full
11146,12.861142,77.799677,Bin,Low,Available
11147,12.852159,77.760067,Bin,Medium,Available
11148,13.047773,77.537572,Recycling,Low,Available
11149,13.079824,77.479759,Bin,Medium,Available
11150,12.896848,77.516567,Bin,Low,Available
11151,12.980294,77.705726,Recycling,Medium,Available
11152,12.914676,77.67213,Recycling,High,Available
11153,13.073326,77.70743,Bin,High,Available
11154,12.972849,77.555081,Bin,High,Available
11155,12.907995,77.533873,Bin,High,Available
11156,13.052178,77.772953,Bin,Low,Available
11157,12.877847,77.540749,Recycling,Low,Available
11158,12.979238,77.755914,Bin,High,Available
11159,13.019092,77.751619,Bin,Medium,Available
11160,13.071151,77.496443,Bin,Low,Available
11161,13.064342,77.619255,Bin,Low,Available
11162,13.095655,77.743602,Recycling,Medium,Full
11163,13.056243,77.567478,Recycling,Medium,Available
11164,13.092513,77.536258,Recycling,Medium,Full
11165,12.883616,77.701898,Bin,Low,Available
11166,12.958064,77.787855,Bin,Low,Available
11167,12.955999,77.471245,Recycling,Medium,Available
11168,13.043125,77.681289,Recycling,High,Available
11169,13.075482,77.633362,Bin,Medium,Available
11170,12.969752,77.735753,Bin,Low,Full
11171,12.961275,77.556163,Recycling,High,Available
11172,12.94062,77.769488,Bin,Medium,Available
11173,13.034141,77.505392,Bin,Low,Available
11174,12.890541,77.523441,Recycling,High,Available
11175,12.997527,77.5308,Bin,Medium,Available
11176,12.913221,77.790686,Recycling,High,Available
11177,12.997332,77.548141,Bin,High,Available
11178,12.922322,77.548453,Recycling,Low,Available
11179,12.918638,77.751211,Bin,Low,Available
11180,13.060395,77.614549,Recycling,Low,Full
11181,12.874112,77.527683,Bin,Low,Available
11182,12.964434,77.631506,Bin,Low,Available
11183,13.052651,77.565502,Bin,Low,Available
11184,13.089171,77.551974,Recycling,Medium,Available
11185,12.999932,77.59364,Recycling,High,Full
11186,12.959455,77.618879,Bin,Low,Available
11187,13.057009,77.505234,Recycling,Medium,Available
11188,13.099714,77.626411,Bin,High,Full
11189,12.890599,77.458448,Bin,Medium,Full
11190,12.850617,77.731329,Recycling,High,Available
11191,13.019797,77.783866,Bin,Low,Full
11192,13.011232,77.676252,Recycling,High,Available
11193,12.95896,77.500643,Bin,Medium,Available
11194,13.078968,77.454131,Bin,High,Available
11195,13.010933,77.593617,Recycling,Medium,Available
11196,13.081663,77.494934,Recycling,High,Available
11197,12.94335,77.766493,Bin,Medium,Available
11198,13.052785,77.520797,Bin,High,Available
11199,12.885881,77.479949,Bin,Medium,Full
11200,12.857892,77.75395,Recycling,Medium,Available
11201,13.086686,77.47521,Bin,Medium,Available
11202,12.975652,77.614192,Recycling,High,Available
11203,12.963681,77.740883,Recycling,Medium,Available
11204,12.888529,77.67244,Recycling,Low,Available
11205,12.962234,77.745778,Recycling,Medium,Available
11206,13.023926,77.617961,Bin,Medium,Available
11207,13.003268,77.760626,Recycling,Low,Available
11208,12.959825,77.549932,Bin,Medium,Available
11209,12.873358,77.555938,Bin,High,Full
11210,12.996844,77.665943,Bin,Medium,Available
11211,12.859744,77.723835,Bin,High,Available
11212,13.098912,77.524272,Bin,High,Available
11213,13.008833,77.581099,Bin,Medium,Available
11214,12.854611,77.742668,Bin,Medium,Available
11215,13.097346,77.73055,Bin,High,Available
11216,13.067503,77.460796,Bin,Medium,Available
11217,12.895575,77.550198,Recycling,Low,Available
11218,13.038342,77.756435,Recycling,Medium,Available
11219,13.056806,77.493414,Bin,Low,Available
11220,12.975874,77.767663,Bin,High,Available
11221,12.941523,77.675248,Recycling,Medium,Available
11222,13.078947,77.559549,Recycling,High,Available
11223,12.8531,77.606986,Bin,Medium,Available
11224,12.941863,77.476241,Bin,Low,Available
11225,13.017789,77.778977,Bin,High,Available
11226,13.011526,77.641611,Recycling,Low,Available
11227,12.873981,77.551042,Bin,Medium,Available
11228,12.920191,77.677574,Bin,Low,Available
11229,13.028903,77.66775,Bin,High,Full
11230,12.978885,77.796199,Bin,Medium,Full
11231,12.965531,77.614853,Bin,Low,Available
11232,12.991316,77.561472,Bin,Medium,Available
11233,13.034132,77.743131,Bin,Medium,Available
11234,12.853341,77.671734,Bin,Medium,Available
11235,12.881819,77.590499,Bin,High,Full
11236,13.010979,77.766295,Recycling,Medium,Available
11237,12.905081,77.690523,Bin,High,Available
11238,12.86461,77.755116,Recycling,High,Available
11239,13.019481,77.588918,Bin,Low,Available
11240,12.939519,77.647921,Bin,Low,Available
11241,12.851875,77.502332,Bin,Low,Full
11242,13.017526,77.601469,Bin,Medium,Available
11243,13.092204,77.615441,Bin,Low,Available
11244,12.909764,77.519347,Bin,Low,Available
11245,13.084334,77.587761,Bin,Low,Available
11246,12.989909,77.580539,Bin,Medium,Available
11247,13.024446,77.765111,Bin,Medium,Available
11248,13.027454,77.585019,Recycling,Medium,Available
11249,13.029814,77.774581,Recycling,High,Available
11250,12.879628,77.637022,Bin,Medium,Available
11251,12.963588,77.679447,Bin,Low,Full
11252,13.041134,77.660375,Bin,Medium,Available
11253,12.890028,77.731257,Bin,Medium,Available
11254,13.048997,77.486835,Bin,High,Available
11255,13.024029,77.634096,Bin,Low,Available
11256,13.030482,77.780897,Bin,High,Available
11257,13.099846,77.728252,Bin,Low,Available
11258,12.912675,77.748786,Bin,Medium,Full
11259,13.059171,77.726437,Bin,Low,Available
11260,13.035071,77.593751,Bin,High,Available
11261,12.997261,77.70954,Bin,High,Available
11262,12.927951,77.520419,Bin,High,Full
11263,13.093014,77.635982,Bin,Medium,Available
11264,12.88806,77.472911,Bin,Low,Full
11265,13.040425,77.666442,Bin,Medium,Available
11266,12.959803,77.680214,Recycling,High,Available
11267,12.915571,77.617243,Recycling,High,Available
11268,13.045741,77.509695,Bin,High,Available
11269,12.950965,77.562444,Bin,High,Available
11270,13.055844,77.548955,Recycling,Low,Available
11271,12.978626,77.592361,Bin,Low,Available
11272,12.92837,77.455587,Bin,Medium,Available
11273,13.082453,77.557753,Recycling,Low,Available
11274,13.02824,77.712021,Bin,Low,Available
11275,13.08906,77.796466,Bin,High,Available
11276,13.049717,77.797687,Recycling,Medium,Available
11277,12.999497,77.758126,Bin,Low,Available
11278,13.090058,77.727924,Bin,Low,Available
11279,12.994752,77.479044,Recycling,Medium,Available
11280,13.063399,77.567972,Bin,Medium,Full
11281,12.882872,77.71562,Bin,High,Available
11282,12.853008,77.539759,Bin,Medium,Full
11283,12.851252,77.620867,Recycling,High,Available
11284,13.057438,77.563424,Bin,Low,Available
11285,12.963958,77.58017,Bin,Low,Available
11286,13.085992,77.788261,Bin,Low,Full
11287,12.859585,77.780208,Bin,Medium,Available
11288,12.910976,77.485236,Recycling,High,Available
11289,13.056306,77.779459,Bin,Medium,Available
11290,12.865446,77.706297,Bin,Low,Available
11291,12.865139,77.512845,Bin,High,Available
11292,13.064879,77.753916,Recycling,Low,Full
11293,12.98126,77.508181,Bin,Medium,Available
11294,12.869662,77.598301,Recycling,Medium,Available
11295,12.863936,77.587806,Bin,High,Full
11296,12.931404,77.796102,Recycling,Low,Available
11297,13.058525,77.636856,Bin,Medium,Available
11298,12.856849,77.667607,Recycling,High,Available
11299,12.935319,77.457913,Recycling,Medium,Available
11300,12.898639,77.499685,Bin,High,Available
11301,13.00529,77.771789,Bin,Low,Available
11302,12.955842,77.755978,Recycling,Medium,Available
11303,13.074441,77.668477,Bin,High,Available
11304,13.008836,77.545749,Bin,Medium,Available
11305,12.963056,77.506419,Bin,Low,Full
11306,12.911586,77.613455,Bin,Low,Available
11307,12.87795,77.669852,Bin,Medium,Available
11308,13.081573,77.622493,Recycling,High,Available
11309,13.068683,77.674099,Bin,High,Available
11310,12.96759,77.613228,Bin,Medium,Available
11311,12.938111,77.500607,Bin,High,Available
11312,12.960671,77.483568,Bin,Low,Available
11313,12.87416,77.607979,Bin,High,Available
11314,12.87849,77.795817,Bin,High,Available
11315,12.92864,77.525005,Bin,High,Available
11316,13.024876,77.60443,Bin,Medium,Full
11317,13.065799,77.563182,Bin,High,Available
11318,12.993181,77.597811,Bin,Low,Available
11319,12.852856,77.548216,Bin,Low,Available
11320,12.93539,77.631986,Recycling,Medium,Available
11321,12.940591,77.736029,Bin,Low,Full
11322,12.924307,77.789592,Recycling,Medium,Available
11323,12.906195,77.705639,Bin,Medium,Available
11324,12.924039,77.635192,Bin,Medium,Available
11325,13.036232,77.610764,Bin,High,Available
11326,12.981716,77.781861,Bin,Low,Available
11327,12.893937,77.764989,Bin,Medium,Available
11328,12.863598,77.698178,Recycling,High,Available
11329,12.975733,77.756204,Bin,Low,Available
11330,13.094563,77.544626,Recycling,Medium,Available
11331,13.078333,77.612333,Bin,Low,Available
11332,13.036922,77.570066,Bin,Low,Full
11333,13.034395,77.716261,Bin,Medium,Available
11334,12.928772,77.571807,Recycling,High,Available
11335,12.979192,77.604031,Bin,High,Available
11336,13.012321,77.733165,Recycling,Medium,Available
11337,13.093785,77.682549,Recycling,Low,Available
11338,12.947901,77.560927,Recycling,Medium,Full
11339,12.930331,77.463036,Bin,Low,Available
11340,12.895272,77.583524,Recycling,Low,Available
11341,12.984993,77.694324,Recycling,Medium,Full
11342,12.911132,77.569637,Recycling,High,Available
11343,12.976506,77.456199,Bin,Low,Available
11344,13.04402,77.495959,Bin,High,Available
11345,12.885377,77.691417,Recycling,Low,Available
11346,12.91788,77.692589,Bin,Medium,Available
11347,13.031321,77.677511,Recycling,Low,Available
11348,12.881938,77.617328,Bin,Low,Available
11349,13.059818,77.550376,Bin,Medium,Available
11350,12.898216,77.597539,Bin,High,Full
11351,12.96205,77.523234,Bin,Low,Available
11352,12.868416,77.697158,Bin,Medium,Available
11353,12.981159,77.451144,Recycling,Medium,Available
11354,12.935264,77.466123,Bin,Low,Available
11355,12.926377,77.716554,Bin,High,Full
11356,13.092381,77.541069,Recycling,Medium,Available
11357,13.067058,77.500984,Bin,Medium,Available
11358,13.066129,77.560019,Bin,High,Available
11359,13.071503,77.474341,Bin,Medium,Available
11360,12.879215,77.679876,Bin,Low,Available
11361,13.000094,77.785341,Bin,Medium,Available
11362,12.888011,77.662546,Bin,High,Available
11363,12.934909,77.72058,Recycling,Medium,Available
11364,13.08955,77.716377,Recycling,Low,Available
11365,12.867052,77.48829,Bin,Medium,Full
11366,12.955522,77.694257,Recycling,Low,Available
11367,12.910815,77.758848,Bin,Medium,Available
11368,12.909182,77.533711,Bin,High,Available
11369,12.902509,77.615891,Bin,High,Available
11370,12.978135,77.755292,Recycling,Low,Available
11371,12.930318,77.730724,Recycling,Medium,Available
11372,12.952517,77.731243,Bin,Low,Available
11373,12.878597,77.689316,Recycling,Medium,Available
11374,12.977904,77.763963,Bin,Medium,Available
11375,13.078021,77.535294,Bin,Low,Available
11376,13.088436,77.495404,Bin,Medium,Available
11377,13.043301,77.500319,Bin,Low,Available
11378,13.025054,77.531255,Recycling,Low,Available
11379,12.856863,77.548009,Bin,Low,Full
11380,13.09989,77.631931,Bin,High,Available
11381,12.891987,77.727371,Bin,Medium,Available
11382,13.02925,77.502553,Bin,High,Available
11383,12.980816,77.681827,Recycling,Medium,Available
11384,12.970348,77.782779,Recycling,Medium,Available
11385,13.072404,77.673384,Bin,Low,Available
11386,12.929243,77.662207,Bin,Medium,Available
11387,13.007603,77.47854,Bin,Low,Available
11388,12.978134,77.690407,Recycling,High,Available
11389,12.946726,77.548233,Bin,Medium,Available
11390,12.975525,77.759705,Recycling,High,Available
11391,12.949811,77.715819,Bin,Low,Available
11392,12.899212,77.631489,Bin,High,Full
11393,13.095633,77.732717,Recycling,Medium,Available
11394,12.909948,77.672532,Recycling,Medium,Available
11395,12.976918,77.472013,Recycling,Medium,Full
11396,13.080813,77.493927,Recycling,High,Available
11397,13.056362,77.456453,Recycling,Medium,Full
11398,12.946281,77.725862,Bin,Medium,Full
11399,13.024778,77.744028,Bin,High,Available
11400,12.868042,77.718405,Bin,High,Available
11401,12.999571,77.712282,Bin,Medium,Full
11402,12.943493,77.641501,Bin,Medium,Available
11403,13.008396,77.563488,Recycling,Medium,Available
11404,12.972818,77.511365,Bin,High,Available
11405,12.901585,77.461033,Bin,High,Available
11406,12.911991,77.588733,Recycling,Medium,Available
11407,12.992311,77.73376,Bin,Medium,Available
11408,12.903906,77.772589,Bin,Medium,Full
11409,12.882413,77.709049,Recycling,Medium,Available
11410,12.981084,77.503729,Bin,High,Available
11411,13.007701,77.486381,Bin,High,Available
11412,12.921075,77.778194,Bin,Medium,Available
11413,12.917628,77.62815,Bin,High,Available
11414,12.873992,77.578422,Bin,Low,Available
11415,12.929167,77.551258,Recycling,Medium,Available
11416,12.918967,77.73386,Recycling,Medium,Available
11417,13.041144,77.778084,Bin,High,Available
11418,12.941625,77.552125,Bin,Low,Available
11419,13.08827,77.621978,Bin,Low,Available
11420,13.035708,77.536816,Bin,Low,Available
11421,13.06532,77.532971,Bin,Medium,Available
11422,12.932228,77.674549,Bin,Medium,Available
11423,12.907452,77.583887,Bin,Low,Available
11424,13.018511,77.591446,Bin,Low,Available
11425,12.86294,77.62806,Bin,High,Available
11426,13.0223,77.584674,Bin,Medium,Available
11427,13.069994,77.7947,Bin,High,Available
11428,12.965913,77.585297,Bin,High,Available
11429,12.960176,77.713048,Recycling,Low,Available
11430,13.059075,77.733992,Recycling,Low,Available
11431,13.025331,77.653889,Recycling,Low,Available
11432,12.873258,77.583021,Bin,High,Available
11433,12.960677,77.785238,Bin,Low,Available
11434,13.006698,77.454196,Recycling,Medium,Available
11435,12.97474,77.785273,Bin,Medium,Full
11436,13.065389,77.45986,Bin,Low,Available
11437,13.069196,77.560999,Bin,Low,Full
11438,13.056563,77.650152,Recycling,High,Available
11439,12.893503,77.70211,Bin,High,Available
11440,13.089084,77.669459,Bin,High,Available
11441,12.928948,77.626109,Bin,Low,Available
11442,13.050594,77.652062,Bin,Low,Full
11443,13.038625,77.6181,Bin,Medium,Available
11444,12.900982,77.477821,Bin,Medium,Available
11445,12.982539,77.479902,Recycling,Low,Available
11446,12.958337,77.514331,Bin,High,Available
11447,12.941927,77.499861,Bin,High,Available
11448,12.891272,77.68143,Bin,High,Full
11449,12.999259,77.758623,Bin,Low,Available
11450,13.043292,77.619484,Bin,Low,Available
11451,12.855131,77.568045,Bin,Low,Available
11452,12.973449,77.59912,Bin,High,Full
11453,12.879616,77.478937,Bin,Medium,Available
11454,13.028993,77.644633,Recycling,Medium,Available
11455,13.051893,77.543453,Bin,Low,Available
11456,13.062866,77.459762,Bin,High,Available
11457,12.928255,77.798804,Bin,Low,Full
11458,12.924327,77.736946,Bin,High,Available
11459,12.967131,77.633031,Bin,Low,Available
11460,13.062143,77.70269,Recycling,High,Available
11461,13.074532,77.508528,Recycling,High,Available
11462,13.077396,77.453075,Bin,Low,Available
11463,12.953039,77.668072,Recycling,High,Available
11464,12.875469,77.596103,Recycling,Medium,Available
11465,12.906732,77.563771,Recycling,High,Available
11466,12.986173,77.621678,Bin,Medium,Available
11467,13.091787,77.756364,Recycling,High,Available
11468,12.960115,77.628894,Recycling,High,Available
11469,12.925115,77.568074,Bin,Low,Full
11470,12.954663,77.796522,Bin,Low,Available
11471,13.067076,77.573884,Recycling,Medium,Full
11472,12.919358,77.615162,Bin,Low,Available
11473,12.933677,77.725501,Recycling,Medium,Full
11474,13.093459,77.771242,Bin,Medium,Available
11475,12.853758,77.671132,Bin,Medium,Available
11476,12.884429,77.693383,Bin,Medium,Available
11477,12.8555,77.756794,Bin,Medium,Full
11478,12.905332,77.594205,Bin,Low,Available
11479,12.96987,77.459309,Bin,Low,Full
11480,13.012539,77.469749,Recycling,Medium,Available
11481,12.91348,77.659202,Bin,Low,Available
11482,13.095477,77.6192,Bin,High,Available
11483,12.910135,77.766791,Bin,Low,Available
11484,13.055008,77.545884,Bin,Low,Available
11485,13.016049,77.473988,Bin,Medium,Available
11486,12.988843,77.664878,Bin,High,Available
11487,12.866795,77.685149,Bin,High,Available
11488,12.948874,77.611413,Recycling,Medium,Available
11489,12.889236,77.593425,Bin,High,Available
11490,12.954768,77.478791,Recycling,Medium,Full
11491,12.860568,77.511242,Bin,Medium,Available
11492,13.027969,77.507795,Bin,Medium,Available
11493,12.992408,77.470964,Recycling,High,Available
11494,12.986867,77.461387,Bin,Medium,Available
11495,13.053838,77.513674,Bin,Medium,Available
11496,12.85561,77.641044,Bin,High,Available
11497,13.058519,77.588942,Recycling,High,Available
11498,13.053105,77.620228,Bin,High,Available
11499,12.872349,77.750596,Bin,Low,Available
11500,13.072443,77.751338,Bin,Low,Available
11501,13.002207,77.523552,Recycling,Low,Available
11502,12.873633,77.769181,Bin,Medium,Full
11503,12.912846,77.486754,Bin,Medium,Available
11504,13.029519,77.533275,Recycling,High,Full
11505,13.008894,77.778969,Recycling,Medium,Available
11506,13.078746,77.745468,Bin,High,Available
11507,12.930521,77.570144,Bin,Medium,Available
11508,12.956409,77.594403,Recycling,Low,Full
11509,13.028608,77.697538,Bin,High,Available
11510,12.86912,77.731423,Recycling,Low,Available
11511,12.983013,77.63449,Bin,High,Full
11512,13.09542,77.64204,Bin,Medium,Available
11513,12.92786,77.671472,Bin,High,Available
11514,13.024402,77.607766,Bin,Medium,Available
11515,12.929833,77.474155,Recycling,Low,Available
11516,13.076532,77.613685,Bin,Medium,Available
11517,12.894165,77.648367,Bin,High,Available
11518,13.057335,77.470435,Bin,Medium,Full
11519,13.053358,77.687836,Bin,Medium,Available
11520,12.998798,77.622817,Bin,High,Available
11521,12.869184,77.795005,Bin,Low,Full
11522,12.961201,77.731878,Bin,High,Available
11523,12.97987,77.69677,Recycling,Medium,Available
11524,13.030701,77.585249,Recycling,Low,Available
11525,13.028463,77.600283,Bin,Medium,Full
11526,12.986752,77.567289,Bin,Medium,Available
11527,12.947789,77.47527,Bin,Medium,Available
11528,12.90852,77.537297,Recycling,Medium,Available
11529,12.861463,77.52865,Bin,Medium,Available
11530,12.958465,77.475393,Bin,High,Available
11531,13.045273,77.513657,Bin,Medium,Available
11532,12.983711,77.64301,Bin,Medium,Available
11533,12.977365,77.51991,Bin,High,Available
11534,12.995116,77.78786,Bin,Low,Available
11535,12.861776,77.517062,Bin,Low,Full
11536,13.033713,77.569648,Recycling,Medium,Available
11537,12.867083,77.705752,Bin,Medium,Available
11538,12.851927,77.709926,Bin,Medium,Available
11539,13.006971,77.579322,Bin,Low,Available
11540,12.877577,77.676125,Bin,Medium,Available
11541,13.085839,77.595733,Bin,Low,Available
11542,13.072847,77.500335,Recycling,Medium,Available
11543,13.068573,77.799236,Bin,High,Available
11544,12.928698,77.676181,Bin,Medium,Full
11545,13.054664,77.577284,Bin,Low,Available
11546,13.002099,77.700151,Recycling,Low,Full
11547,13.01538,77.477176,Bin,Medium,Available
11548,12.878985,77.643055,Bin,High,Full
11549,12.968804,77.473712,Bin,Medium,Full
11550,12.866879,77.692237,Bin,Low,Available
11551,13.023488,77.568937,Recycling,High,Available
11552,13.010433,77.50561,Recycling,Medium,Available
11553,13.068282,77.452188,Bin,Medium,Available
11554,12.867075,77.637227,Bin,Medium,Full
11555,12.925271,77.630768,Bin,Low,Available
11556,12.981737,77.717638,Bin,Low,Available
11557,12.945294,77.531699,Recycling,Medium,Available
11558,13.017728,77.731077,Recycling,Medium,Available
11559,13.044331,77.697843,Bin,Medium,Available
11560,12.854983,77.775898,Recycling,High,Available
11561,12.887688,77.575066,Recycling,Medium,Available
11562,13.018253,77.670493,Recycling,High,Available
11563,12.899812,77.778623,Bin,Medium,Available
11564,12.902164,77.673511,Bin,Medium,Full
11565,13.052091,77.553538,Bin,High,Available
11566,12.893276,77.669488,Bin,Low,Available
11567,12.950619,77.563782,Bin,High,Available
11568,12.96586,77.680602,Bin,High,Available
11569,12.878608,77.688658,Bin,Medium,Available
11570,12.933018,77.614719,Recycling,Medium,Available
11571,13.069862,77.62519,Bin,Medium,Available
11572,12.941831,77.731933,Bin,Medium,Available
11573,12.920542,77.792383,Bin,Medium,Available
11574,12.855776,77.780636,Bin,Medium,Available
11575,13.037184,77.733238,Recycling,Medium,Full
11576,13.07811,77.602934,Bin,Medium,Available
11577,12.878734,77.541693,Recycling,Medium,Full
11578,13.03629,77.572015,Bin,Medium,Full
11579,13.059854,77.717342,Recycling,Medium,Available
11580,12.921386,77.652262,Bin,High,Available
11581,12.878474,77.723891,Bin,Low,Full
11582,12.950797,77.688161,Recycling,Low,Full
11583,13.025978,77.508647,Bin,High,Available
11584,13.040152,77.506468,Bin,Medium,Available
11585,13.085906,77.614038,Bin,Low,Available
11586,12.867163,77.650958,Bin,High,Available
11587,13.066222,77.599612,Bin,Medium,Full
11588,13.049205,77.65839,Bin,Low,Available
11589,13.095708,77.495301,Bin,Medium,Full
11590,12.850012,77.497805,Bin,Low,Available
11591,12.884918,77.667816,Recycling,Low,Available
11592,13.097462,77.685646,Bin,Medium,Full
11593,12.906804,77.713489,Bin,Medium,Full
11594,12.85711,77.557532,Bin,Medium,Available
11595,12.952668,77.570501,Bin,Medium,Full
11596,12.918657,77.654957,Bin,Low,Available
11597,12.96769,77.553673,Bin,High,Available
11598,13.029251,77.45044,Bin,Low,Available
11599,12.862001,77.702753,Bin,Medium,Available
11600,12.909388,77.652754,Bin,Low,Available
11601,12.933228,77.734893,Bin,Medium,Available
11602,12.974125,77.583558,Bin,Medium,Available
11603,13.059239,77.622793,Bin,High,Available
11604,12.934299,77.458791,Bin,Low,Available
11605,12.96267,77.471434,Bin,Low,Available
11606,13.010191,77.693974,Bin,High,Available
11607,12.980601,77.500942,Bin,High,Full
11608,13.026163,77.468969,Bin,Medium,Available
11609,12.891483,77.712787,Bin,High,Available
11610,13.000631,77.537061,Recycling,High,Full
11611,12.857363,77.668609,Recycling,Medium,Available
11612,13.069402,77.542507,Bin,Medium,Available
11613,12.878811,77.612151,Bin,High,Available
11614,13.060651,77.594125,Bin,Medium,Available
11615,12.992063,77.542582,Bin,Medium,Available
11616,13.06996,77.628994,Recycling,Low,Available
11617,13.081533,77.524997,Bin,Medium,Available
11618,13.000156,77.58782,Bin,Medium,Available
11619,13.087142,77.533831,Bin,Low,Full
11620,13.081999,77.57759,Bin,High,Available
11621,13.025154,77.770302,Bin,High,Available
11622,13.077608,77.529326,Bin,High,Available
11623,13.04986,77.730871,Bin,Low,Available
11624,12.865909,77.520234,Bin,High,Available
11625,12.933114,77.738296,Recycling,Medium,Available
11626,12.899379,77.590113,Bin,Medium,Available
11627,12.982615,77.789518,Bin,Low,Available
11628,13.082471,77.483551,Bin,High,Available
11629,13.04131,77.596763,Recycling,Medium,Available
11630,12.946534,77.566637,Recycling,Medium,Available
11631,12.943037,77.69211,Bin,Low,Available
11632,13.043425,77.636931,Bin,High,Available
11633,13.003347,77.79504,Bin,High,Available
11634,12.859085,77.742065,Recycling,Medium,Available
11635,12.956034,77.798917,Recycling,Low,Available
11636,13.000209,77.4588,Bin,Low,Full
11637,12.853175,77.755587,Recycling,Low,Available
11638,12.987223,77.783997,Recycling,Medium,Full
11639,12.890087,77.581586,Recycling,Low,Full
11640,13.036289,77.603767,Bin,Low,Available
11641,12.955899,77.745084,Bin,Medium,Available
11642,12.889237,77.796535,Bin,Medium,Available
11643,12.98014,77.559849,Recycling,Medium,Available
11644,13.061988,77.502557,Bin,High,Full
11645,12.945764,77.498338,Bin,High,Available
11646,13.00054,77.558252,Bin,High,Available
11647,12.910513,77.618335,Bin,Medium,Available
11648,12.934052,77.739292,Bin,High,Available
11649,12.941509,77.538082,Bin,Medium,Full
11650,12.879084,77.460059,Bin,Medium,Available
11651,12.892532,77.654653,Bin,Medium,Available
11652,12.989452,77.632622,Bin,Medium,Available
11653,13.005774,77.635421,Recycling,Medium,Full
11654,13.085877,77.704336,Recycling,High,Available
11655,13.098482,77.543603,Bin,High,Available
11656,12.99603,77.789734,Bin,Low,Available
11657,13.04064,77.732578,Recycling,Low,Available
11658,13.028564,77.700359,Bin,Medium,Available
11659,13.07302,77.768329,Bin,Medium,Available
11660,13.095596,77.780459,Bin,Low,Available
11661,12.958552,77.785662,Bin,High,Available
11662,12.976963,77.71844,Bin,High,Available
11663,12.926436,77.577411,Recycling,Low,Available
11664,13.080101,77.759751,Recycling,Low,Full
11665,13.077916,77.682285,Bin,Medium,Available
11666,13.053257,77.57017,Bin,High,Available
11667,12.978299,77.597091,Bin,Low,Available
11668,12.993272,77.523598,Recycling,High,Available
11669,13.075901,77.499292,Bin,Low,Available
11670,12.980336,77.538437,Bin,High,Available
11671,12.982131,77.787915,Recycling,Low,Available
11672,12.97152,77.7455,Bin,Medium,Available
11673,13.086314,77.764743,Bin,Medium,Full
11674,13.036097,77.757767,Recycling,High,Available
11675,12.927733,77.591231,Bin,Medium,Available
11676,12.950051,77.784367,Bin,Low,Available
11677,12.909153,77.778584,Recycling,Medium,Available
11678,13.04898,77.469561,Bin,Medium,Full
11679,13.031707,77.572522,Recycling,Medium,Available
11680,12.946377,77.450756,Bin,High,Available
11681,12.99901,77.593195,Bin,Medium,Available
11682,12.880583,77.472029,Bin,Low,Available
11683,12.878551,77.541523,Bin,Low,Full
11684,12.969371,77.78707,Bin,Low,Available
11685,12.932185,77.650337,Bin,Medium,Full
11686,12.897959,77.624872,Bin,Medium,Available
11687,12.982355,77.617489,Recycling,High,Available
11688,12.977304,77.724308,Bin,Medium,Available
11689,12.941751,77.456984,Recycling,Medium,Available
11690,13.007506,77.558055,Bin,High,Available
11691,13.006427,77.724451,Bin,Low,Available
11692,12.913994,77.722118,Bin,Medium,Available
11693,13.054371,77.741307,Bin,Low,Full
11694,12.950997,77.630204,Bin,Medium,Available
11695,13.057308,77.520086,Bin,Low,Available
11696,13.085493,77.510605,Bin,Medium,Available
11697,13.093775,77.467948,Recycling,Medium,Available
11698,12.898076,77.773359,Recycling,Medium,Full
11699,12.876313,77.562888,Bin,High,Available
11700,13.052679,77.770553,Bin,Low,Available
11701,13.044015,77.648468,Bin,Medium,Available
11702,13.024438,77.722819,Bin,Medium,Available
11703,13.038314,77.680184,Recycling,Low,Available
11704,13.060145,77.699669,Recycling,Low,Available
11705,12.96032,77.63314,Bin,Medium,Available
11706,13.011345,77.488666,Recycling,Medium,Available
11707,13.091812,77.499115,Bin,High,Available
11708,13.034076,77.764707,Bin,Low,Available
11709,12.95461,77.488866,Bin,High,Available
11710,12.916955,77.780258,Recycling,Medium,Available
11711,12.999013,77.689336,Bin,Low,Available
11712,12.870934,77.614863,Bin,Low,Full
11713,13.020467,77.606359,Recycling,High,Available
11714,13.003785,77.735958,Bin,Low,Available
11715,12.919918,77.787745,Recycling,Low,Available
11716,12.89241,77.575035,Bin,Low,Available
11717,13.03855,77.543294,Recycling,Low,Available
11718,13.06575,77.477754,Bin,Medium,Available
11719,12.875169,77.68677,Bin,Medium,Available
11720,13.086338,77.566773,Recycling,High,Available
11721,12.9823,77.453908,Recycling,Low,Available
11722,13.021822,77.726213,Bin,Medium,Full
11723,13.071726,77.695453,Recycling,High,Available
11724,13.079312,77.736087,Bin,Medium,Available
11725,12.857562,77.71118,Bin,High,Full
11726,12.963133,77.480956,Bin,Low,Available
11727,12.981935,77.699276,Bin,Low,Available
11728,13.020909,77.617358,Bin,Medium,Available
11729,13.099864,77.559272,Recycling,Low,Available
11730,12.957713,77.661857,Bin,High,Available
11731,13.082151,77.471437,Bin,Medium,Full
11732,12.994256,77.52564,Recycling,Medium,Available
11733,12.990461,77.686355,Bin,High,Full
11734,13.056206,77.662694,Bin,High,Full
11735,12.926392,77.662415,Recycling,Medium,Full
11736,12.968335,77.636146,Bin,High,Available
11737,13.094605,77.520737,Bin,Medium,Available
11738,12.960166,77.573136,Bin,High,Full
11739,12.932011,77.688056,Recycling,Medium,Available
11740,12.984869,77.717138,Bin,Medium,Available
11741,13.071732,77.750486,Bin,High,Available
11742,13.021543,77.622679,Bin,High,Available
11743,12.908942,77.488766,Recycling,Low,Available
11744,12.973962,77.499023,Recycling,High,Available
11745,12.866772,77.747447,Bin,Medium,Available
11746,12.953107,77.554881,Bin,Low,Available
11747,12.987357,77.746632,Recycling,High,Available
11748,12.929684,77.575009,Bin,High,Available
11749,13.099487,77.487626,Bin,Medium,Available
11750,12.983441,77.470269,Recycling,High,Available
11751,12.902087,77.51403,Bin,Medium,Available
11752,12.954078,77.633825,Recycling,Low,Available
11753,13.025254,77.789741,Recycling,Medium,Available
11754,13.099265,77.761057,Bin,Medium,Available
11755,13.017969,77.595939,Bin,Medium,Available
11756,12.947999,77.74286,Bin,Medium,Full
11757,13.005443,77.622476,Bin,Medium,Full
11758,13.052108,77.672063,Bin,Low,Available
11759,12.894325,77.760467,Bin,Medium,Available
11760,12.970416,77.688159,Bin,High,Available
11761,12.943097,77.559481,Recycling,Low,Available
11762,12.954313,77.701192,Bin,Low,Full
11763,12.871511,77.505452,Bin,High,Available
11764,12.992166,77.632503,Bin,Medium,Available
11765,12.994572,77.523554,Recycling,Low,Available
11766,13.071474,77.479407,Bin,Medium,Available
11767,13.029342,77.737755,Bin,High,Available
11768,13.051346,77.572782,Bin,Medium,Available
11769,12.882278,77.577387,Bin,Medium,Available
11770,12.957832,77.785302,Bin,Low,Available
11771,13.047819,77.559781,Bin,High,Available
11772,12.969573,77.472109,Bin,Low,Available
11773,13.055245,77.574079,Bin,Medium,Available
11774,12.950876,77.764791,Bin,Medium,Full
11775,12.95424,77.67782,Bin,Medium,Available
11776,12.904904,77.470106,Recycling,Medium,Available
11777,12.922549,77.731635,Bin,Low,Available
11778,13.086324,77.595038,Bin,Medium,Available
11779,12.903589,77.597869,Bin,High,Available
11780,12.992903,77.681768,Bin,Medium,Available
11781,12.966275,77.566673,Recycling,High,Available
11782,13.072349,77.6409,Bin,High,Full
11783,12.918164,77.57543,Recycling,Medium,Available
11784,13.090544,77.525963,Bin,Medium,Available
11785,12.876497,77.539998,Bin,High,Available
11786,13.048526,77.694742,Bin,High,Available
11787,12.937612,77.697407,Bin,Low,Full
11788,12.933004,77.682954,Recycling,High,Available
11789,12.880732,77.709258,Bin,Medium,Available
11790,12.989981,77.677427,Recycling,Low,Available
11791,12.934171,77.561557,Bin,Medium,Full
11792,13.040314,77.534978,Recycling,Low,Available
11793,13.063733,77.567015,Bin,Medium,Available
11794,13.004654,77.551526,Bin,Medium,Full
11795,12.962835,77.581704,Bin,Medium,Available
11796,13.098731,77.460664,Bin,Low,Full
11797,12.954327,77.728694,Bin,High,Available
11798,12.901836,77.695711,Bin,Medium,Available
11799,12.995255,77.776401,Recycling,Low,Available
11800,12.977643,77.575267,Bin,Medium,Full
11801,12.868053,77.735837,Bin,Medium,Available
11802,12.937252,77.754645,Recycling,Medium,Available
11803,12.989103,77.476923,Bin,High,Available
11804,12.926894,77.794954,Bin,Low,Full
11805,12.95375,77.654486,Bin,High,Available
11806,12.903342,77.504879,Bin,High,Available
11807,12.88558,77.593473,Recycling,Low,Available
11808,13.017342,77.732352,Recycling,Low,Available
11809,12.869687,77.666949,Bin,Low,Available
11810,13.084708,77.698499,Bin,Low,Available
11811,12.923578,77.689922,Recycling,High,Full
11812,12.941448,77.751909,Recycling,Medium,Full
11813,13.086935,77.764161,Bin,Low,Full
11814,12.949478,77.729105,Bin,High,Available
11815,12.957489,77.749983,Bin,Medium,Available
11816,12.88019,77.504511,Recycling,Low,Available
11817,13.079521,77.651025,Recycling,Medium,Available
11818,12.921686,77.488893,Recycling,Low,Available
11819,13.06048,77.730783,Recycling,Low,Available
11820,12.962178,77.657112,Bin,Low,Available
11821,13.017135,77.48139,Recycling,Low,Full
11822,13.080747,77.621524,Bin,Low,Available
11823,12.899147,77.667744,Bin,Low,Full
11824,13.061581,77.457185,Bin,Medium,Full
11825,12.916124,77.799458,Bin,Low,Available
11826,12.890264,77.761081,Bin,High,Full
11827,13.059914,77.592526,Bin,Medium,Full
11828,12.858706,77.583598,Recycling,Medium,Available
11829,13.007825,77.767544,Bin,High,Available
11830,13.053849,77.546543,Bin,High,Available
11831,12.947687,77.600459,Bin,Low,Available
11832,12.97086,77.462472,Bin,High,Available
11833,12.967326,77.647887,Bin,High,Available
11834,12.929102,77.552754,Bin,Medium,Available
11835,12.95248,77.686663,Bin,Medium,Available
11836,12.86792,77.585886,Recycling,Low,Available
11837,13.017373,77.62758,Recycling,High,Available
11838,12.989445,77.54722,Recycling,High,Available
11839,12.881971,77.696276,Bin,Low,Available
11840,13.089933,77.488117,Bin,Low,Full
11841,13.0241,77.687401,Bin,Medium,Available
11842,12.888637,77.723096,Bin,Low,Available
11843,12.902365,77.621072,Bin,High,Available
11844,12.960425,77.714208,Bin,Medium,Available
11845,13.080402,77.452774,Recycling,High,Available
11846,12.868861,77.537341,Bin,Medium,Available
11847,13.031333,77.76532,Bin,High,Available
11848,12.932196,77.491328,Bin,High,Full
11849,12.931612,77.531977,Bin,Low,Available
11850,12.883336,77.525069,Bin,Low,Available
11851,13.004831,77.780898,Bin,Medium,Available
11852,12.888063,77.692063,Bin,High,Available
11853,13.036816,77.691704,Recycling,Medium,Available
11854,12.981545,77.522131,Bin,Medium,Available
11855,13.072324,77.543893,Bin,Medium,Available
11856,12.949338,77.541939,Bin,Medium,Available
11857,13.049938,77.697173,Bin,Low,Full
11858,12.916051,77.548823,Recycling,Medium,Available
11859,12.87911,77.478521,Recycling,Low,Available
11860,13.034032,77.77312,Recycling,High,Available
11861,13.081793,77.689282,Recycling,Low,Available
11862,12.957412,77.739805,Bin,High,Available
11863,12.859836,77.71645,Bin,Medium,Available
11864,13.056044,77.563587,Recycling,Medium,Available
11865,12.898124,77.542467,Bin,Medium,Available
11866,12.970581,77.628975,Bin,Low,Available
11867,12.857588,77.575521,Bin,High,Available
11868,12.86649,77.591459,Bin,Low,Available
11869,12.989275,77.469954,Bin,Low,Available
11870,12.940822,77.738044,Recycling,High,Available
11871,12.983441,77.457067,Recycling,Medium,Available
11872,12.931164,77.550419,Recycling,Low,Available
11873,13.04848,77.708838,Recycling,Low,Available
11874,12.942396,77.461658,Recycling,Medium,Available
11875,12.951255,77.763395,Bin,Medium,Full
11876,12.866156,77.723214,Recycling,High,Available
11877,13.092611,77.460093,Bin,Low,Available
11878,13.09118,77.701884,Bin,Low,Available
11879,12.930013,77.545056,Bin,High,Available
11880,12.973325,77.678,Bin,High,Available
11881,12.985262,77.515646,Bin,Low,Available
11882,12.927788,77.558883,Recycling,Medium,Available
11883,13.009291,77.560661,Bin,High,Available
11884,12.892291,77.537191,Recycling,High,Available
11885,13.021038,77.770399,Bin,Low,Available
11886,13.092984,77.75869,Bin,Medium,Available
11887,13.047258,77.580415,Recycling,Low,Available
11888,12.949841,77.543879,Bin,Medium,Available
11889,13.012214,77.681461,Bin,Medium,Available
11890,12.868972,77.680696,Recycling,High,Available
11891,13.024354,77.728942,Bin,Medium,Available
11892,12.92756,77.625567,Bin,Medium,Available
11893,12.909562,77.619361,Recycling,Low,Available
11894,12.913548,77.499729,Recycling,Medium,Available
11895,13.008161,77.511721,Recycling,Low,Available
11896,12.899799,77.645402,Recycling,Low,Available
11897,12.988148,77.510316,Recycling,Medium,Available
11898,13.026413,77.533485,Recycling,Medium,Available
11899,12.91463,77.700189,Bin,Low,Available
11900,12.962805,77.602288,Bin,High,Available
11901,13.047763,77.606606,Bin,Low,Available
11902,12.93342,77.734522,Recycling,Low,Available
11903,12.928879,77.613489,Bin,High,Available
11904,13.091535,77.580634,Bin,Medium,Available
11905,13.035389,77.758386,Bin,Low,Available
11906,13.024237,77.648645,Bin,Low,Full
11907,13.045255,77.499224,Bin,Medium,Available
11908,12.949449,77.701591,Bin,Medium,Available
11909,12.871155,77.612711,Bin,Low,Available
11910,13.093427,77.689489,Bin,Medium,Available
11911,12.888409,77.506229,Bin,Medium,Available
11912,12.99768,77.792219,Bin,High,Available
11913,12.904658,77.780148,Bin,Medium,Available
11914,12.916969,77.792727,Bin,High,Available
11915,12.907855,77.514177,Bin,Low,Available
11916,12.909943,77.742389,Recycling,Low,Available
11917,13.064386,77.656546,Bin,Medium,Available
11918,12.923329,77.567062,Bin,Medium,Available
11919,12.930259,77.580718,Bin,Low,Available
11920,13.06627,77.567476,Bin,Low,Full
11921,12.981952,77.495777,Recycling,Low,Available
11922,12.913921,77.508832,Bin,Medium,Available
11923,12.977893,77.596652,Bin,Medium,Available
11924,13.020175,77.786746,Bin,Medium,Available
11925,13.072595,77.775192,Recycling,Low,Full
11926,12.855989,77.605601,Bin,High,Available
11927,13.049274,77.753765,Bin,High,Available
11928,12.961137,77.460546,Recycling,High,Available
11929,12.983157,77.563799,Bin,Medium,Available
11930,12.895193,77.652079,Bin,Medium,Available
11931,13.058052,77.660002,Recycling,Low,Available
11932,13.099167,77.601778,Bin,High,Available
11933,12.983693,77.52359,Bin,Low,Available
11934,12.954128,77.726221,Recycling,Medium,Available
11935,13.042464,77.626828,Bin,Low,Available
11936,12.975106,77.787331,Recycling,Medium,Available
11937,12.963348,77.477953,Bin,High,Full
11938,12.993742,77.583008,Bin,Medium,Full
11939,13.031623,77.701156,Recycling,Medium,Available
11940,12.963405,77.605377,Recycling,Medium,Available
11941,13.059434,77.719814,Bin,Low,Available
11942,13.061883,77.755641,Bin,Medium,Full
11943,12.912423,77.791601,Bin,High,Available
11944,12.93095,77.576844,Recycling,Medium,Available
11945,12.967461,77.779585,Bin,Medium,Available
11946,12.994535,77.591015,Bin,High,Available
11947,12.973408,77.59263,Bin,Low,Available
11948,12.933077,77.703562,Bin,Medium,Full
11949,12.949562,77.519041,Bin,High,Available
11950,13.093768,77.536738,Bin,Medium,Available
11951,12.98296,77.685424,Recycling,Medium,Available
11952,13.038024,77.517891,Bin,Low,Available
11953,13.028032,77.635661,Bin,High,Available
11954,12.95034,77.662381,Bin,High,Available
11955,13.014688,77.798448,Bin,Low,Available
11956,12.865094,77.718479,Bin,Low,Available
11957,12.927284,77.660164,Bin,Medium,Available
11958,12.928448,77.754698,Bin,Low,Available
11959,12.893211,77.710304,Bin,Low,Available
11960,12.904871,77.554878,Bin,High,Available
11961,12.930168,77.723626,Bin,Medium,Available
11962,13.000165,77.504622,Bin,Medium,Available
11963,12.993638,77.681839,Bin,Low,Available
11964,13.064679,77.687097,Recycling,High,Available
11965,13.023075,77.679515,Bin,High,Available
11966,12.905518,77.523439,Recycling,Low,Available
11967,12.957103,77.736073,Bin,High,Available
11968,13.064427,77.656115,Bin,Low,Available
11969,12.983195,77.453704,Bin,Low,Available
11970,13.067696,77.674181,Bin,Medium,Available
11971,12.925777,77.602025,Bin,Low,Available
11972,12.973688,77.584673,Recycling,High,Available
11973,12.962699,77.791806,Recycling,Low,Available
11974,12.87087,77.687238,Bin,Medium,Available
11975,13.059009,77.563878,Bin,High,Available
11976,13.0555,77.502417,Recycling,Medium,Available
11977,12.983767,77.754506,Bin,Low,Available
11978,13.058617,77.492474,Bin,Low,Available
11979,12.851826,77.600035,Bin,High,Available
11980,12.92405,77.707578,Bin,High,Available
11981,12.895037,77.672128,Bin,High,Available
11982,13.03908,77.687744,Bin,Medium,Available
11983,12.907339,77.687826,Recycling,Low,Available
11984,13.07079,77.451818,Bin,Medium,Available
11985,13.099266,77.579786,Recycling,Medium,Available
11986,12.891342,77.611143,Recycling,Medium,Available
11987,12.980678,77.603837,Bin,High,Available
11988,12.936793,77.798646,Bin,High,Available
11989,12.909877,77.624357,Bin,Medium,Available
11990,12.921714,77.681211,Recycling,Medium,Available
11991,12.976943,77.676652,Bin,Medium,Available
11992,12.934162,77.668238,Bin,High,Available
11993,12.982817,77.505126,Bin,Low,Available
11994,12.892812,77.671424,Bin,High,Available
11995,12.968714,77.506545,Recycling,Low,Available
11996,12.897081,77.719853,Bin,High,Available
11997,13.017204,77.691813,Bin,Medium,Available
11998,13.020349,77.524238,Bin,Low,Available
11999,12.858258,77.745957,Bin,Low,Available
12000,13.079233,77.762242,Bin,Low,Available
