Location_ID,Date,Waste_Level,Pickup_Status,Delay_Days
1,2024-01-01,Low,Not Picked,0
1,2024-01-02,High,Not Picked,1
1,2024-01-03,Low,Picked,0
1,2024-01-04,Medium,Not Picked,1
1,2024-01-05,High,Not Picked,2
1,2024-01-06,Medium,Picked,0
1,2024-01-07,Medium,Not Picked,0
1,2024-01-08,Low,Not Picked,0
1,2024-01-09,Low,Not Picked,0
1,2024-01-10,High,Not Picked,1
1,2024-01-11,Medium,Not Picked,2
1,2024-01-12,Medium,Picked,0
1,2024-01-13,High,Picked,0
1,2024-01-14,High,Not Picked,1
1,2024-01-15,Medium,Not Picked,1
1,2024-01-16,Medium,Picked,0
1,2024-01-17,Low,Picked,0
1,2024-01-18,Medium,Not Picked,1
1,2024-01-19,Medium,Picked,0
1,2024-01-20,Medium,Not Picked,1
1,2024-01-21,Medium,Not Picked,1
1,2024-01-22,Low,Not Picked,0
1,2024-01-23,Medium,Picked,0
1,2024-01-24,Medium,Not Picked,0
1,2024-01-25,Medium,Picked,0
1,2024-01-26,Medium,Not Picked,1
1,2024-01-27,Low,Picked,0
1,2024-01-28,Low,Not Picked,0
1,2024-01-29,High,Not Picked,1
1,2024-01-30,Low,Not Picked,0
1,2024-01-31,Medium,Not Picked,1
1,2024-02-01,Medium,Not Picked,2
1,2024-02-02,Low,Not Picked,2
1,2024-02-03,Low,Picked,0
1,2024-02-04,Low,Picked,0
1,2024-02-05,High,Picked,0
1,2024-02-06,Low,Not Picked,0
1,2024-02-07,High,Not Picked,2
1,2024-02-08,High,Picked,0
1,2024-02-09,Low,Not Picked,0
1,2024-02-10,High,Not Picked,1
1,2024-02-11,High,Not Picked,3
1,2024-02-12,Medium,Not Picked,3
1,2024-02-13,Low,Picked,0
1,2024-02-14,Low,Not Picked,0
1,2024-02-15,Medium,Not Picked,1
1,2024-02-16,Medium,Not Picked,1
1,2024-02-17,Low,Picked,0
1,2024-02-18,Medium,Picked,0
1,2024-02-19,Medium,Picked,0
1,2024-02-20,Medium,Not Picked,1
1,2024-02-21,Medium,Picked,0
1,2024-02-22,High,Picked,0
1,2024-02-23,Medium,Not Picked,1
1,2024-02-24,Low,Picked,0
1,2024-02-25,Low,Not Picked,0
1,2024-02-26,Low,Not Picked,0
1,2024-02-27,High,Not Picked,1
1,2024-02-28,Medium,Not Picked,1
1,2024-02-29,Medium,Not Picked,2
1,2024-03-01,Low,Picked,0
1,2024-03-02,Medium,Not Picked,0
1,2024-03-03,Medium,Not Picked,1
1,2024-03-04,Medium,Picked,0
1,2024-03-05,High,Picked,0
1,2024-03-06,Medium,Not Picked,0
1,2024-03-07,Low,Not Picked,0
1,2024-03-08,High,Picked,0
1,2024-03-09,Medium,Not Picked,1
1,2024-03-10,Medium,Not Picked,1
1,2024-03-11,Low,Not Picked,1
1,2024-03-12,Low,Not Picked,1
1,2024-03-13,Low,Picked,0
1,2024-03-14,Medium,Not Picked,0
1,2024-03-15,Medium,Not Picked,1
1,2024-03-16,High,Picked,0
1,2024-03-17,Low,Not Picked,0
1,2024-03-18,Medium,Not Picked,1
1,2024-03-19,Medium,Picked,0
1,2024-03-20,Low,Not Picked,0
1,2024-03-21,Medium,Not Picked,1
1,2024-03-22,High,Not Picked,3
1,2024-03-23,Low,Not Picked,3
1,2024-03-24,Low,Not Picked,3
1,2024-03-25,Medium,Not Picked,3
1,2024-03-26,Low,Not Picked,3
1,2024-03-27,Medium,Picked,0
1,2024-03-28,Medium,Not Picked,1
1,2024-03-29,Low,Not Picked,0
1,2024-03-30,Low,Not Picked,0
1,2024-03-31,Low,Picked,0
1,2024-04-01,Medium,Not Picked,1
1,2024-04-02,Low,Not Picked,1
1,2024-04-03,High,Picked,0
1,2024-04-04,High,Picked,0
1,2024-04-05,High,Not Picked,2
1,2024-04-06,Low,Picked,0
1,2024-04-07,Medium,Not Picked,0
1,2024-04-08,Medium,Not Picked,1
1,2024-04-09,Low,Not Picked,0
1,2024-04-10,Medium,Picked,0
1,2024-04-11,Low,Not Picked,0
1,2024-04-12,Low,Not Picked,0
1,2024-04-13,Medium,Picked,0
1,2024-04-14,Medium,Not Picked,0
1,2024-04-15,Low,Not Picked,0
1,2024-04-16,High,Not Picked,1
1,2024-04-17,Medium,Picked,0
1,2024-04-18,Medium,Not Picked,1
1,2024-04-19,Medium,Picked,0
1,2024-04-20,Medium,Not Picked,1
1,2024-04-21,Low,Picked,0
1,2024-04-22,Low,Not Picked,0
1,2024-04-23,Medium,Not Picked,0
1,2024-04-24,Low,Not Picked,0
1,2024-04-25,Medium,Not Picked,1
1,2024-04-26,High,Picked,0
1,2024-04-27,Low,Not Picked,0
1,2024-04-28,Medium,Not Picked,0
1,2024-04-29,Medium,Picked,0
2,2024-01-01,Medium,Not Picked,0
2,2024-01-02,Medium,Not Picked,0
2,2024-01-03,High,Not Picked,1
2,2024-01-04,Medium,Not Picked,2
2,2024-01-05,High,Picked,0
2,2024-01-06,High,Picked,0
2,2024-01-07,Medium,Not Picked,0
2,2024-01-08,High,Not Picked,2
2,2024-01-09,Medium,Picked,0
2,2024-01-10,Medium,Not Picked,1
2,2024-01-11,Medium,Not Picked,1
2,2024-01-12,High,Picked,0
2,2024-01-13,Medium,Picked,0
2,2024-01-14,High,Not Picked,2
2,2024-01-15,High,Not Picked,3
2,2024-01-16,High,Picked,0
2,2024-01-17,High,Not Picked,1
2,2024-01-18,Low,Not Picked,0
2,2024-01-19,Medium,Not Picked,0
2,2024-01-20,High,Not Picked,1
2,2024-01-21,High,Picked,0
2,2024-01-22,Medium,Not Picked,1
2,2024-01-23,Medium,Not Picked,2
2,2024-01-24,Medium,Not Picked,2
2,2024-01-25,High,Picked,0
2,2024-01-26,Medium,Not Picked,1
2,2024-01-27,High,Picked,0
2,2024-01-28,Medium,Not Picked,0
2,2024-01-29,Low,Not Picked,0
2,2024-01-30,High,Not Picked,1
2,2024-01-31,High,Picked,0
2,2024-02-01,Medium,Not Picked,0
2,2024-02-02,High,Not Picked,2
2,2024-02-03,High,Not Picked,3
2,2024-02-04,High,Picked,0
2,2024-02-05,High,Not Picked,2
2,2024-02-06,High,Picked,0
2,2024-02-07,High,Not Picked,1
2,2024-02-08,High,Not Picked,2
2,2024-02-09,High,Picked,0
2,2024-02-10,Medium,Not Picked,0
2,2024-02-11,Low,Not Picked,0
2,2024-02-12,Medium,Not Picked,1
2,2024-02-13,Medium,Picked,0
2,2024-02-14,Medium,Picked,0
2,2024-02-15,High,Not Picked,1
2,2024-02-16,High,Picked,0
2,2024-02-17,High,Picked,0
2,2024-02-18,High,Not Picked,2
2,2024-02-19,High,Not Picked,4
2,2024-02-20,Medium,Picked,0
2,2024-02-21,High,Picked,0
2,2024-02-22,Low,Not Picked,0
2,2024-02-23,Medium,Not Picked,0
2,2024-02-24,Medium,Not Picked,0
2,2024-02-25,Low,Not Picked,0
2,2024-02-26,High,Not Picked,2
2,2024-02-27,Medium,Picked,0
2,2024-02-28,Medium,Picked,0
2,2024-02-29,Medium,Not Picked,0
2,2024-03-01,Medium,Not Picked,0
2,2024-03-02,Medium,Not Picked,1
2,2024-03-03,Medium,Not Picked,1
2,2024-03-04,High,Not Picked,3
2,2024-03-05,Medium,Picked,0
2,2024-03-06,High,Not Picked,1
2,2024-03-07,Low,Not Picked,1
2,2024-03-08,Medium,Not Picked,2
2,2024-03-09,Medium,Picked,0
2,2024-03-10,Low,Not Picked,0
2,2024-03-11,High,Picked,0
2,2024-03-12,Medium,Not Picked,1
2,2024-03-13,Medium,Not Picked,1
2,2024-03-14,High,Picked,0
2,2024-03-15,High,Not Picked,1
2,2024-03-16,High,Picked,0
2,2024-03-17,Medium,Not Picked,0
2,2024-03-18,Medium,Picked,0
2,2024-03-19,Medium,Not Picked,1
2,2024-03-20,High,Not Picked,3
2,2024-03-21,Medium,Picked,0
2,2024-03-22,High,Picked,0
2,2024-03-23,High,Picked,0
2,2024-03-24,High,Picked,0
2,2024-03-25,High,Not Picked,2
2,2024-03-26,High,Not Picked,3
2,2024-03-27,High,Picked,0
2,2024-03-28,High,Not Picked,2
2,2024-03-29,High,Picked,0
2,2024-03-30,High,Picked,0
2,2024-03-31,Medium,Not Picked,1
2,2024-04-01,Medium,Not Picked,1
2,2024-04-02,High,Picked,0
2,2024-04-03,High,Picked,0
2,2024-04-04,High,Picked,0
2,2024-04-05,High,Not Picked,2
2,2024-04-06,High,Picked,0
2,2024-04-07,High,Not Picked,2
2,2024-04-08,High,Picked,0
2,2024-04-09,High,Not Picked,1
2,2024-04-10,High,Picked,0
2,2024-04-11,Medium,Not Picked,0
2,2024-04-12,High,Picked,0
2,2024-04-13,Medium,Picked,0
2,2024-04-14,High,Not Picked,1
2,2024-04-15,Medium,Not Picked,2
2,2024-04-16,Medium,Picked,0
2,2024-04-17,Medium,Not Picked,1
2,2024-04-18,High,Not Picked,3
2,2024-04-19,Medium,Picked,0
2,2024-04-20,Medium,Picked,0
2,2024-04-21,Medium,Not Picked,0
2,2024-04-22,Medium,Picked,0
2,2024-04-23,High,Picked,0
2,2024-04-24,High,Not Picked,2
2,2024-04-25,High,Picked,0
2,2024-04-26,High,Not Picked,2
2,2024-04-27,High,Not Picked,3
2,2024-04-28,Medium,Picked,0
2,2024-04-29,High,Picked,0
3,2024-01-01,Medium,Not Picked,0
3,2024-01-02,Low,Not Picked,0
3,2024-01-03,Low,Not Picked,0
3,2024-01-04,Low,Not Picked,0
3,2024-01-05,High,Not Picked,2
3,2024-01-06,Medium,Not Picked,3
3,2024-01-07,High,Picked,0
3,2024-01-08,High,Not Picked,2
3,2024-01-09,Medium,Not Picked,2
3,2024-01-10,Medium,Picked,0
3,2024-01-11,High,Not Picked,2
3,2024-01-12,Medium,Not Picked,2
3,2024-01-13,Low,Picked,0
3,2024-01-14,High,Not Picked,1
3,2024-01-15,Medium,Not Picked,2
3,2024-01-16,Medium,Not Picked,2
3,2024-01-17,High,Not Picked,3
3,2024-01-18,High,Picked,0
3,2024-01-19,High,Not Picked,2
3,2024-01-20,High,Picked,0
3,2024-01-21,Low,Not Picked,0
3,2024-01-22,High,Picked,0
3,2024-01-23,Low,Not Picked,0
3,2024-01-24,High,Not Picked,2
3,2024-01-25,Medium,Not Picked,2
3,2024-01-26,High,Picked,0
3,2024-01-27,High,Not Picked,1
3,2024-01-28,High,Not Picked,3
3,2024-01-29,Medium,Picked,0
3,2024-01-30,High,Not Picked,2
3,2024-01-31,Medium,Picked,0
3,2024-02-01,Low,Not Picked,0
3,2024-02-02,High,Picked,0
3,2024-02-03,Medium,Picked,0
3,2024-02-04,High,Not Picked,2
3,2024-02-05,High,Picked,0
3,2024-02-06,Medium,Not Picked,1
3,2024-02-07,High,Not Picked,3
3,2024-02-08,High,Not Picked,5
3,2024-02-09,High,Picked,0
3,2024-02-10,High,Picked,0
3,2024-02-11,Low,Picked,0
3,2024-02-12,Medium,Not Picked,1
3,2024-02-13,Medium,Picked,0
3,2024-02-14,Medium,Not Picked,1
3,2024-02-15,High,Picked,0
3,2024-02-16,High,Not Picked,1
3,2024-02-17,High,Not Picked,3
3,2024-02-18,Medium,Picked,0
3,2024-02-19,High,Not Picked,2
3,2024-02-20,High,Not Picked,3
3,2024-02-21,Medium,Picked,0
3,2024-02-22,Medium,Picked,0
3,2024-02-23,Medium,Not Picked,1
3,2024-02-24,High,Picked,0
3,2024-02-25,High,Not Picked,2
3,2024-02-26,Low,Picked,0
3,2024-02-27,High,Not Picked,2
3,2024-02-28,High,Picked,0
3,2024-02-29,Low,Not Picked,0
3,2024-03-01,High,Not Picked,1
3,2024-03-02,Medium,Picked,0
3,2024-03-03,Medium,Picked,0
3,2024-03-04,Medium,Not Picked,0
3,2024-03-05,Medium,Not Picked,0
3,2024-03-06,Medium,Not Picked,0
3,2024-03-07,Medium,Picked,0
3,2024-03-08,High,Not Picked,1
3,2024-03-09,High,Picked,0
3,2024-03-10,High,Not Picked,1
3,2024-03-11,High,Not Picked,3
3,2024-03-12,High,Picked,0
3,2024-03-13,High,Not Picked,1
3,2024-03-14,Low,Picked,0
3,2024-03-15,High,Picked,0
3,2024-03-16,High,Picked,0
3,2024-03-17,High,Picked,0
3,2024-03-18,High,Not Picked,1
3,2024-03-19,Low,Not Picked,0
3,2024-03-20,Medium,Not Picked,0
3,2024-03-21,Medium,Picked,0
3,2024-03-22,High,Not Picked,1
3,2024-03-23,High,Picked,0
3,2024-03-24,High,Not Picked,1
3,2024-03-25,Medium,Not Picked,1
3,2024-03-26,Medium,Not Picked,2
3,2024-03-27,High,Picked,0
3,2024-03-28,High,Not Picked,2
3,2024-03-29,High,Not Picked,3
3,2024-03-30,High,Picked,0
3,2024-03-31,High,Picked,0
3,2024-04-01,High,Not Picked,1
3,2024-04-02,Low,Not Picked,0
3,2024-04-03,High,Picked,0
3,2024-04-04,Medium,Picked,0
3,2024-04-05,High,Not Picked,2
3,2024-04-06,High,Picked,0
3,2024-04-07,Medium,Picked,0
3,2024-04-08,High,Not Picked,2
3,2024-04-09,High,Picked,0
3,2024-04-10,High,Not Picked,1
3,2024-04-11,High,Picked,0
3,2024-04-12,High,Not Picked,1
3,2024-04-13,High,Picked,0
3,2024-04-14,High,Picked,0
3,2024-04-15,High,Not Picked,2
3,2024-04-16,High,Not Picked,4
3,2024-04-17,Low,Picked,0
3,2024-04-18,Medium,Not Picked,0
3,2024-04-19,Medium,Not Picked,1
3,2024-04-20,Medium,Not Picked,2
3,2024-04-21,High,Picked,0
3,2024-04-22,Low,Not Picked,0
3,2024-04-23,High,Not Picked,2
3,2024-04-24,High,Picked,0
3,2024-04-25,Medium,Not Picked,1
3,2024-04-26,Low,Not Picked,1
3,2024-04-27,High,Picked,0
3,2024-04-28,High,Not Picked,2
3,2024-04-29,Low,Picked,0
4,2024-01-01,Low,Not Picked,0
4,2024-01-02,Medium,Not Picked,1
4,2024-01-03,Medium,Picked,0
4,2024-01-04,Low,Not Picked,0
4,2024-01-05,Low,Not Picked,0
4,2024-01-06,Low,Not Picked,0
4,2024-01-07,Low,Not Picked,0
4,2024-01-08,Medium,Not Picked,1
4,2024-01-09,Medium,Not Picked,2
4,2024-01-10,High,Picked,0
4,2024-01-11,Medium,Not Picked,1
4,2024-01-12,Low,Not Picked,0
4,2024-01-13,Low,Not Picked,0
4,2024-01-14,Medium,Picked,0
4,2024-01-15,Low,Not Picked,0
4,2024-01-16,Low,Not Picked,0
4,2024-01-17,High,Not Picked,2
4,2024-01-18,Low,Picked,0
4,2024-01-19,Low,Not Picked,0
4,2024-01-20,Low,Not Picked,0
4,2024-01-21,Low,Not Picked,0
4,2024-01-22,Low,Not Picked,0
4,2024-01-23,High,Not Picked,2
4,2024-01-24,Low,Not Picked,2
4,2024-01-25,Low,Picked,0
4,2024-01-26,Low,Not Picked,0
4,2024-01-27,Medium,Not Picked,1
4,2024-01-28,Low,Picked,0
4,2024-01-29,Medium,Picked,0
4,2024-01-30,High,Picked,0
4,2024-01-31,Low,Picked,0
4,2024-02-01,Low,Not Picked,0
4,2024-02-02,Low,Not Picked,0
4,2024-02-03,Medium,Not Picked,0
4,2024-02-04,Low,Not Picked,0
4,2024-02-05,Medium,Not Picked,1
4,2024-02-06,Medium,Not Picked,2
4,2024-02-07,Low,Not Picked,1
4,2024-02-08,Medium,Picked,0
4,2024-02-09,Medium,Not Picked,0
4,2024-02-10,Low,Not Picked,0
4,2024-02-11,Low,Not Picked,0
4,2024-02-12,Low,Picked,0
4,2024-02-13,Low,Picked,0
4,2024-02-14,Medium,Not Picked,0
4,2024-02-15,Low,Picked,0
4,2024-02-16,Medium,Picked,0
4,2024-02-17,Medium,Not Picked,0
4,2024-02-18,Low,Not Picked,0
4,2024-02-19,Low,Not Picked,0
4,2024-02-20,Low,Not Picked,0
4,2024-02-21,Low,Not Picked,0
4,2024-02-22,Low,Not Picked,0
4,2024-02-23,Medium,Picked,0
4,2024-02-24,Low,Not Picked,0
4,2024-02-25,Medium,Picked,0
4,2024-02-26,Medium,Not Picked,0
4,2024-02-27,Medium,Not Picked,1
4,2024-02-28,Medium,Picked,0
4,2024-02-29,Medium,Not Picked,1
4,2024-03-01,Medium,Picked,0
4,2024-03-02,Low,Not Picked,0
4,2024-03-03,Low,Not Picked,0
4,2024-03-04,Medium,Not Picked,0
4,2024-03-05,Medium,Not Picked,1
4,2024-03-06,Low,Not Picked,0
4,2024-03-07,Medium,Picked,0
4,2024-03-08,Medium,Not Picked,0
4,2024-03-09,Low,Not Picked,0
4,2024-03-10,Medium,Not Picked,0
4,2024-03-11,Low,Not Picked,0
4,2024-03-12,Low,Not Picked,0
4,2024-03-13,Medium,Not Picked,0
4,2024-03-14,High,Picked,0
4,2024-03-15,Low,Not Picked,0
4,2024-03-16,Low,Not Picked,0
4,2024-03-17,Medium,Not Picked,0
4,2024-03-18,Medium,Not Picked,0
4,2024-03-19,Medium,Not Picked,0
4,2024-03-20,Low,Not Picked,0
4,2024-03-21,Medium,Picked,0
4,2024-03-22,Low,Not Picked,0
4,2024-03-23,Low,Not Picked,0
4,2024-03-24,Medium,Picked,0
4,2024-03-25,Low,Not Picked,0
4,2024-03-26,Medium,Not Picked,0
4,2024-03-27,Medium,Not Picked,1
4,2024-03-28,Low,Not Picked,1
4,2024-03-29,High,Not Picked,3
4,2024-03-30,Low,Picked,0
4,2024-03-31,Low,Not Picked,0
4,2024-04-01,Medium,Picked,0
4,2024-04-02,High,Picked,0
4,2024-04-03,Low,Not Picked,0
4,2024-04-04,Low,Not Picked,0
4,2024-04-05,Medium,Not Picked,1
4,2024-04-06,Medium,Picked,0
4,2024-04-07,Low,Not Picked,0
4,2024-04-08,Low,Not Picked,0
4,2024-04-09,Low,Not Picked,0
4,2024-04-10,Low,Not Picked,0
4,2024-04-11,Low,Not Picked,0
4,2024-04-12,Low,Not Picked,0
4,2024-04-13,Low,Not Picked,0
4,2024-04-14,High,Picked,0
4,2024-04-15,Low,Not Picked,0
4,2024-04-16,Medium,Not Picked,1
4,2024-04-17,Low,Not Picked,0
4,2024-04-18,Medium,Not Picked,1
4,2024-04-19,Medium,Not Picked,2
4,2024-04-20,Low,Not Picked,1
4,2024-04-21,Low,Not Picked,0
4,2024-04-22,Low,Picked,0
4,2024-04-23,Low,Not Picked,0
4,2024-04-24,Medium,Picked,0
4,2024-04-25,Medium,Not Picked,1
4,2024-04-26,Low,Not Picked,1
4,2024-04-27,Low,Picked,0
4,2024-04-28,Low,Not Picked,0
4,2024-04-29,Medium,Not Picked,1
5,2024-01-01,High,Not Picked,1
5,2024-01-02,Medium,Picked,0
5,2024-01-03,Low,Not Picked,0
5,2024-01-04,Low,Not Picked,0
5,2024-01-05,Low,Not Picked,0
5,2024-01-06,Low,Not Picked,0
5,2024-01-07,High,Not Picked,1
5,2024-01-08,Low,Not Picked,0
5,2024-01-09,Medium,Not Picked,1
5,2024-01-10,Medium,Picked,0
5,2024-01-11,Medium,Picked,0
5,2024-01-12,Low,Not Picked,0
5,2024-01-13,Low,Not Picked,0
5,2024-01-14,Medium,Picked,0
5,2024-01-15,Low,Not Picked,0
5,2024-01-16,Low,Not Picked,0
5,2024-01-17,Medium,Not Picked,1
5,2024-01-18,High,Not Picked,2
5,2024-01-19,Medium,Picked,0
5,2024-01-20,Medium,Picked,0
5,2024-01-21,Medium,Not Picked,0
5,2024-01-22,Low,Not Picked,0
5,2024-01-23,Low,Not Picked,0
5,2024-01-24,Medium,Picked,0
5,2024-01-25,Medium,Not Picked,0
5,2024-01-26,Low,Not Picked,0
5,2024-01-27,Medium,Picked,0
5,2024-01-28,Low,Not Picked,0
5,2024-01-29,Low,Not Picked,0
5,2024-01-30,Medium,Picked,0
5,2024-01-31,Low,Not Picked,0
5,2024-02-01,High,Not Picked,1
5,2024-02-02,Low,Not Picked,0
5,2024-02-03,Medium,Not Picked,0
5,2024-02-04,Low,Picked,0
5,2024-02-05,High,Picked,0
5,2024-02-06,High,Not Picked,2
5,2024-02-07,Medium,Picked,0
5,2024-02-08,Low,Not Picked,0
5,2024-02-09,Medium,Picked,0
5,2024-02-10,Medium,Not Picked,1
5,2024-02-11,Low,Not Picked,0
5,2024-02-12,Low,Not Picked,0
5,2024-02-13,High,Picked,0
5,2024-02-14,Low,Not Picked,0
5,2024-02-15,Low,Not Picked,0
5,2024-02-16,Medium,Not Picked,0
5,2024-02-17,Low,Not Picked,0
5,2024-02-18,High,Picked,0
5,2024-02-19,Medium,Not Picked,1
5,2024-02-20,Low,Not Picked,1
5,2024-02-21,Medium,Not Picked,2
5,2024-02-22,High,Picked,0
5,2024-02-23,Medium,Not Picked,1
5,2024-02-24,High,Not Picked,2
5,2024-02-25,Low,Not Picked,2
5,2024-02-26,Low,Not Picked,1
5,2024-02-27,Low,Not Picked,0
5,2024-02-28,Medium,Not Picked,0
5,2024-02-29,Low,Not Picked,0
5,2024-03-01,High,Picked,0
5,2024-03-02,High,Picked,0
5,2024-03-03,Low,Not Picked,0
5,2024-03-04,Low,Not Picked,0
5,2024-03-05,Medium,Not Picked,1
5,2024-03-06,Low,Not Picked,1
5,2024-03-07,Low,Not Picked,1
5,2024-03-08,Medium,Picked,0
5,2024-03-09,Medium,Picked,0
5,2024-03-10,Medium,Picked,0
5,2024-03-11,Low,Not Picked,0
5,2024-03-12,Low,Not Picked,0
5,2024-03-13,Medium,Picked,0
5,2024-03-14,High,Not Picked,1
5,2024-03-15,Low,Not Picked,1
5,2024-03-16,Medium,Not Picked,1
5,2024-03-17,Medium,Not Picked,2
5,2024-03-18,High,Not Picked,4
5,2024-03-19,Low,Picked,0
5,2024-03-20,Low,Not Picked,0
5,2024-03-21,High,Picked,0
5,2024-03-22,Low,Picked,0
5,2024-03-23,Low,Not Picked,0
5,2024-03-24,Low,Not Picked,0
5,2024-03-25,Low,Not Picked,0
5,2024-03-26,Low,Not Picked,0
5,2024-03-27,Medium,Not Picked,1
5,2024-03-28,Medium,Picked,0
5,2024-03-29,Medium,Not Picked,1
5,2024-03-30,Low,Not Picked,1
5,2024-03-31,Medium,Not Picked,2
5,2024-04-01,Low,Picked,0
5,2024-04-02,Low,Not Picked,0
5,2024-04-03,Medium,Not Picked,0
5,2024-04-04,Medium,Picked,0
5,2024-04-05,Medium,Not Picked,0
5,2024-04-06,Medium,Not Picked,0
5,2024-04-07,Low,Not Picked,0
5,2024-04-08,Low,Not Picked,0
5,2024-04-09,Medium,Not Picked,0
5,2024-04-10,Low,Picked,0
5,2024-04-11,Medium,Not Picked,1
5,2024-04-12,Medium,Not Picked,2
5,2024-04-13,Medium,Picked,0
5,2024-04-14,Medium,Picked,0
5,2024-04-15,Medium,Picked,0
5,2024-04-16,Medium,Not Picked,0
5,2024-04-17,Medium,Not Picked,0
5,2024-04-18,Low,Not Picked,0
5,2024-04-19,Medium,Not Picked,0
5,2024-04-20,Low,Not Picked,0
5,2024-04-21,High,Not Picked,1
5,2024-04-22,Medium,Picked,0
5,2024-04-23,Low,Not Picked,0
5,2024-04-24,Low,Not Picked,0
5,2024-04-25,Medium,Picked,0
5,2024-04-26,Medium,Not Picked,1
5,2024-04-27,Medium,Not Picked,2
5,2024-04-28,Low,Not Picked,2
5,2024-04-29,Medium,Not Picked,2
6,2024-01-01,Low,Picked,0
6,2024-01-02,Medium,Not Picked,1
6,2024-01-03,Low,Not Picked,0
6,2024-01-04,Medium,Not Picked,0
6,2024-01-05,Medium,Picked,0
6,2024-01-06,Medium,Not Picked,1
6,2024-01-07,Low,Not Picked,1
6,2024-01-08,High,Not Picked,3
6,2024-01-09,High,Picked,0
6,2024-01-10,High,Not Picked,1
6,2024-01-11,Medium,Not Picked,2
6,2024-01-12,Low,Not Picked,1
6,2024-01-13,Low,Picked,0
6,2024-01-14,Low,Picked,0
6,2024-01-15,Low,Not Picked,0
6,2024-01-16,Low,Not Picked,0
6,2024-01-17,Medium,Not Picked,0
6,2024-01-18,Low,Not Picked,0
6,2024-01-19,Low,Not Picked,0
6,2024-01-20,Medium,Not Picked,0
6,2024-01-21,Medium,Picked,0
6,2024-01-22,Low,Not Picked,0
6,2024-01-23,Low,Not Picked,0
6,2024-01-24,Medium,Not Picked,0
6,2024-01-25,Low,Not Picked,0
6,2024-01-26,Low,Not Picked,0
6,2024-01-27,High,Not Picked,1
6,2024-01-28,High,Not Picked,2
6,2024-01-29,Low,Picked,0
6,2024-01-30,High,Not Picked,1
6,2024-01-31,Medium,Picked,0
6,2024-02-01,Medium,Not Picked,1
6,2024-02-02,Medium,Picked,0
6,2024-02-03,Low,Picked,0
6,2024-02-04,High,Not Picked,1
6,2024-02-05,Low,Not Picked,0
6,2024-02-06,Low,Not Picked,0
6,2024-02-07,Low,Not Picked,0
6,2024-02-08,Medium,Not Picked,0
6,2024-02-09,Medium,Not Picked,1
6,2024-02-10,Medium,Not Picked,2
6,2024-02-11,Medium,Picked,0
6,2024-02-12,Low,Picked,0
6,2024-02-13,Low,Not Picked,0
6,2024-02-14,High,Not Picked,1
6,2024-02-15,Medium,Picked,0
6,2024-02-16,Low,Not Picked,0
6,2024-02-17,Low,Not Picked,0
6,2024-02-18,Medium,Not Picked,1
6,2024-02-19,Low,Not Picked,0
6,2024-02-20,Low,Not Picked,0
6,2024-02-21,Low,Not Picked,0
6,2024-02-22,High,Not Picked,1
6,2024-02-23,Medium,Picked,0
6,2024-02-24,Medium,Not Picked,0
6,2024-02-25,Low,Picked,0
6,2024-02-26,Low,Not Picked,0
6,2024-02-27,Low,Not Picked,0
6,2024-02-28,Medium,Not Picked,0
6,2024-02-29,Medium,Not Picked,1
6,2024-03-01,High,Picked,0
6,2024-03-02,Medium,Picked,0
6,2024-03-03,High,Not Picked,1
6,2024-03-04,Medium,Not Picked,1
6,2024-03-05,Low,Not Picked,0
6,2024-03-06,Medium,Not Picked,0
6,2024-03-07,Low,Not Picked,0
6,2024-03-08,High,Not Picked,1
6,2024-03-09,Medium,Not Picked,2
6,2024-03-10,Medium,Picked,0
6,2024-03-11,Low,Picked,0
6,2024-03-12,Low,Not Picked,0
6,2024-03-13,High,Picked,0
6,2024-03-14,Medium,Picked,0
6,2024-03-15,Medium,Picked,0
6,2024-03-16,High,Picked,0
6,2024-03-17,High,Picked,0
6,2024-03-18,Medium,Not Picked,1
6,2024-03-19,High,Not Picked,2
6,2024-03-20,Low,Not Picked,1
6,2024-03-21,Low,Not Picked,1
6,2024-03-22,Low,Picked,0
6,2024-03-23,Low,Not Picked,0
6,2024-03-24,Medium,Not Picked,0
6,2024-03-25,Low,Not Picked,0
6,2024-03-26,Low,Not Picked,0
6,2024-03-27,Medium,Not Picked,0
6,2024-03-28,High,Picked,0
6,2024-03-29,Low,Not Picked,0
6,2024-03-30,Low,Not Picked,0
6,2024-03-31,Low,Not Picked,0
6,2024-04-01,Low,Not Picked,0
6,2024-04-02,Medium,Picked,0
6,2024-04-03,Low,Not Picked,0
6,2024-04-04,Low,Not Picked,0
6,2024-04-05,Medium,Picked,0
6,2024-04-06,Medium,Not Picked,0
6,2024-04-07,Medium,Not Picked,0
6,2024-04-08,Medium,Picked,0
6,2024-04-09,Low,Not Picked,0
6,2024-04-10,Low,Not Picked,0
6,2024-04-11,High,Not Picked,2
6,2024-04-12,Low,Picked,0
6,2024-04-13,Low,Not Picked,0
6,2024-04-14,Low,Not Picked,0
6,2024-04-15,High,Picked,0
6,2024-04-16,Medium,Not Picked,0
6,2024-04-17,Low,Not Picked,0
6,2024-04-18,Medium,Not Picked,0
6,2024-04-19,Medium,Not Picked,0
6,2024-04-20,Low,Not Picked,0
6,2024-04-21,Low,Not Picked,0
6,2024-04-22,High,Picked,0
6,2024-04-23,Medium,Not Picked,0
6,2024-04-24,Medium,Not Picked,0
6,2024-04-25,Medium,Picked,0
6,2024-04-26,Low,Not Picked,0
6,2024-04-27,Medium,Not Picked,1
6,2024-04-28,Low,Not Picked,0
6,2024-04-29,Medium,Not Picked,1
7,2024-01-01,Medium,Not Picked,1
7,2024-01-02,Low,Picked,0
7,2024-01-03,Low,Not Picked,0
7,2024-01-04,Medium,Picked,0
7,2024-01-05,Medium,Picked,0
7,2024-01-06,Low,Not Picked,0
7,2024-01-07,Medium,Not Picked,0
7,2024-01-08,High,Not Picked,1
7,2024-01-09,Medium,Not Picked,1
7,2024-01-10,Low,Not Picked,0
7,2024-01-11,Medium,Not Picked,0
7,2024-01-12,High,Picked,0
7,2024-01-13,High,Not Picked,1
7,2024-01-14,High,Picked,0
7,2024-01-15,Low,Not Picked,0
7,2024-01-16,Low,Picked,0
7,2024-01-17,High,Not Picked,1
7,2024-01-18,Medium,Not Picked,2
7,2024-01-19,Medium,Picked,0
7,2024-01-20,Medium,Not Picked,0
7,2024-01-21,High,Not Picked,2
7,2024-01-22,Low,Not Picked,2
7,2024-01-23,Medium,Not Picked,3
7,2024-01-24,High,Not Picked,5
7,2024-01-25,Medium,Picked,0
7,2024-01-26,Medium,Picked,0
7,2024-01-27,High,Picked,0
7,2024-01-28,Low,Not Picked,0
7,2024-01-29,Medium,Not Picked,0
7,2024-01-30,High,Picked,0
7,2024-01-31,Low,Not Picked,0
7,2024-02-01,Low,Not Picked,0
7,2024-02-02,Medium,Not Picked,1
7,2024-02-03,Medium,Not Picked,1
7,2024-02-04,Low,Not Picked,0
7,2024-02-05,Medium,Not Picked,1
7,2024-02-06,Low,Not Picked,1
7,2024-02-07,High,Not Picked,3
7,2024-02-08,High,Picked,0
7,2024-02-09,Medium,Not Picked,1
7,2024-02-10,Medium,Not Picked,1
7,2024-02-11,Low,Not Picked,0
7,2024-02-12,Medium,Picked,0
7,2024-02-13,Low,Not Picked,0
7,2024-02-14,Low,Not Picked,0
7,2024-02-15,Medium,Not Picked,1
7,2024-02-16,Low,Not Picked,1
7,2024-02-17,Medium,Not Picked,1
7,2024-02-18,Medium,Picked,0
7,2024-02-19,High,Not Picked,2
7,2024-02-20,High,Picked,0
7,2024-02-21,High,Not Picked,1
7,2024-02-22,Medium,Not Picked,2
7,2024-02-23,High,Picked,0
7,2024-02-24,Low,Not Picked,0
7,2024-02-25,Medium,Not Picked,0
7,2024-02-26,Medium,Not Picked,0
7,2024-02-27,Medium,Not Picked,1
7,2024-02-28,Low,Not Picked,0
7,2024-02-29,Medium,Picked,0
7,2024-03-01,High,Not Picked,2
7,2024-03-02,High,Not Picked,4
7,2024-03-03,Medium,Picked,0
7,2024-03-04,Medium,Not Picked,1
7,2024-03-05,Medium,Picked,0
7,2024-03-06,Low,Not Picked,0
7,2024-03-07,High,Not Picked,2
7,2024-03-08,High,Picked,0
7,2024-03-09,Low,Not Picked,0
7,2024-03-10,High,Not Picked,2
7,2024-03-11,Low,Not Picked,2
7,2024-03-12,Low,Picked,0
7,2024-03-13,High,Picked,0
7,2024-03-14,Low,Not Picked,0
7,2024-03-15,Low,Not Picked,0
7,2024-03-16,Medium,Not Picked,1
7,2024-03-17,Low,Not Picked,0
7,2024-03-18,High,Not Picked,1
7,2024-03-19,Medium,Not Picked,1
7,2024-03-20,High,Not Picked,3
7,2024-03-21,High,Picked,0
7,2024-03-22,Low,Picked,0
7,2024-03-23,Medium,Not Picked,1
7,2024-03-24,Low,Not Picked,1
7,2024-03-25,Low,Not Picked,0
7,2024-03-26,Low,Picked,0
7,2024-03-27,Medium,Not Picked,0
7,2024-03-28,Low,Not Picked,0
7,2024-03-29,Medium,Not Picked,0
7,2024-03-30,Low,Not Picked,0
7,2024-03-31,Medium,Not Picked,1
7,2024-04-01,Low,Picked,0
7,2024-04-02,Low,Picked,0
7,2024-04-03,Medium,Not Picked,1
7,2024-04-04,High,Not Picked,2
7,2024-04-05,Medium,Not Picked,3
7,2024-04-06,Low,Picked,0
7,2024-04-07,Low,Not Picked,0
7,2024-04-08,Medium,Not Picked,1
7,2024-04-09,Medium,Not Picked,1
7,2024-04-10,Low,Not Picked,0
7,2024-04-11,Low,Not Picked,0
7,2024-04-12,Low,Not Picked,0
7,2024-04-13,Medium,Not Picked,0
7,2024-04-14,High,Not Picked,2
7,2024-04-15,High,Not Picked,3
7,2024-04-16,Low,Picked,0
7,2024-04-17,Medium,Picked,0
7,2024-04-18,Low,Not Picked,0
7,2024-04-19,Medium,Not Picked,0
7,2024-04-20,High,Not Picked,2
7,2024-04-21,High,Not Picked,3
7,2024-04-22,High,Not Picked,4
7,2024-04-23,Medium,Picked,0
7,2024-04-24,Low,Not Picked,0
7,2024-04-25,Medium,Not Picked,1
7,2024-04-26,Low,Not Picked,1
7,2024-04-27,High,Picked,0
7,2024-04-28,Low,Not Picked,0
7,2024-04-29,Low,Not Picked,0
8,2024-01-01,High,Not Picked,2
8,2024-01-02,High,Picked,0
8,2024-01-03,High,Not Picked,1
8,2024-01-04,High,Picked,0
8,2024-01-05,High,Not Picked,2
8,2024-01-06,High,Not Picked,3
8,2024-01-07,High,Picked,0
8,2024-01-08,Medium,Picked,0
8,2024-01-09,Medium,Not Picked,1
8,2024-01-10,Medium,Picked,0
8,2024-01-11,Low,Not Picked,0
8,2024-01-12,High,Picked,0
8,2024-01-13,High,Not Picked,2
8,2024-01-14,High,Picked,0
8,2024-01-15,High,Not Picked,1
8,2024-01-16,High,Picked,0
8,2024-01-17,High,Picked,0
8,2024-01-18,Medium,Not Picked,0
8,2024-01-19,Medium,Not Picked,0
8,2024-01-20,High,Not Picked,1
8,2024-01-21,High,Not Picked,2
8,2024-01-22,High,Picked,0
8,2024-01-23,Medium,Not Picked,0
8,2024-01-24,Medium,Picked,0
8,2024-01-25,Medium,Not Picked,0
8,2024-01-26,Medium,Not Picked,0
8,2024-01-27,High,Not Picked,1
8,2024-01-28,High,Picked,0
8,2024-01-29,High,Not Picked,1
8,2024-01-30,High,Not Picked,3
8,2024-01-31,Medium,Picked,0
8,2024-02-01,Medium,Not Picked,1
8,2024-02-02,High,Picked,0
8,2024-02-03,Medium,Not Picked,0
8,2024-02-04,High,Picked,0
8,2024-02-05,High,Not Picked,2
8,2024-02-06,Low,Picked,0
8,2024-02-07,Medium,Picked,0
8,2024-02-08,High,Picked,0
8,2024-02-09,High,Not Picked,1
8,2024-02-10,Medium,Not Picked,2
8,2024-02-11,Medium,Not Picked,3
8,2024-02-12,Medium,Picked,0
8,2024-02-13,Medium,Not Picked,1
8,2024-02-14,Low,Not Picked,0
8,2024-02-15,Low,Not Picked,0
8,2024-02-16,Medium,Not Picked,0
8,2024-02-17,High,Picked,0
8,2024-02-18,High,Picked,0
8,2024-02-19,Low,Not Picked,0
8,2024-02-20,Medium,Not Picked,0
8,2024-02-21,Medium,Not Picked,0
8,2024-02-22,High,Not Picked,1
8,2024-02-23,Medium,Not Picked,2
8,2024-02-24,Medium,Not Picked,3
8,2024-02-25,Medium,Not Picked,4
8,2024-02-26,Medium,Picked,0
8,2024-02-27,High,Picked,0
8,2024-02-28,Medium,Not Picked,0
8,2024-02-29,Medium,Not Picked,0
8,2024-03-01,High,Not Picked,2
8,2024-03-02,High,Not Picked,3
8,2024-03-03,High,Picked,0
8,2024-03-04,High,Not Picked,1
8,2024-03-05,High,Picked,0
8,2024-03-06,High,Not Picked,1
8,2024-03-07,Medium,Not Picked,2
8,2024-03-08,High,Not Picked,3
8,2024-03-09,Medium,Picked,0
8,2024-03-10,High,Picked,0
8,2024-03-11,Medium,Not Picked,1
8,2024-03-12,High,Not Picked,3
8,2024-03-13,Medium,Not Picked,4
8,2024-03-14,Medium,Picked,0
8,2024-03-15,Medium,Not Picked,0
8,2024-03-16,High,Not Picked,1
8,2024-03-17,Medium,Not Picked,2
8,2024-03-18,Low,Not Picked,1
8,2024-03-19,High,Picked,0
8,2024-03-20,High,Picked,0
8,2024-03-21,High,Picked,0
8,2024-03-22,Low,Not Picked,0
8,2024-03-23,High,Not Picked,1
8,2024-03-24,Medium,Picked,0
8,2024-03-25,High,Not Picked,2
8,2024-03-26,High,Not Picked,3
8,2024-03-27,Medium,Not Picked,3
8,2024-03-28,Low,Picked,0
8,2024-03-29,High,Not Picked,2
8,2024-03-30,Medium,Picked,0
8,2024-03-31,High,Picked,0
8,2024-04-01,High,Not Picked,1
8,2024-04-02,High,Not Picked,3
8,2024-04-03,High,Picked,0
8,2024-04-04,Medium,Not Picked,0
8,2024-04-05,Medium,Not Picked,1
8,2024-04-06,High,Picked,0
8,2024-04-07,High,Picked,0
8,2024-04-08,High,Not Picked,2
8,2024-04-09,High,Picked,0
8,2024-04-10,High,Picked,0
8,2024-04-11,High,Not Picked,1
8,2024-04-12,Medium,Not Picked,2
8,2024-04-13,High,Picked,0
8,2024-04-14,High,Picked,0
8,2024-04-15,High,Not Picked,1
8,2024-04-16,Medium,Not Picked,2
8,2024-04-17,High,Picked,0
8,2024-04-18,High,Picked,0
8,2024-04-19,Low,Not Picked,0
8,2024-04-20,High,Picked,0
8,2024-04-21,Medium,Not Picked,0
8,2024-04-22,Medium,Not Picked,0
8,2024-04-23,Low,Not Picked,0
8,2024-04-24,High,Picked,0
8,2024-04-25,Low,Not Picked,0
8,2024-04-26,High,Not Picked,2
8,2024-04-27,Medium,Not Picked,2
8,2024-04-28,Low,Not Picked,1
8,2024-04-29,Low,Not Picked,0
9,2024-01-01,Medium,Not Picked,1
9,2024-01-02,High,Picked,0
9,2024-01-03,Low,Picked,0
9,2024-01-04,Medium,Picked,0
9,2024-01-05,Medium,Not Picked,0
9,2024-01-06,Medium,Not Picked,1
9,2024-01-07,High,Picked,0
9,2024-01-08,High,Not Picked,2
9,2024-01-09,Medium,Not Picked,3
9,2024-01-10,Low,Picked,0
9,2024-01-11,High,Not Picked,2
9,2024-01-12,Low,Not Picked,2
9,2024-01-13,Medium,Picked,0
9,2024-01-14,High,Picked,0
9,2024-01-15,High,Not Picked,1
9,2024-01-16,High,Picked,0
9,2024-01-17,Medium,Not Picked,1
9,2024-01-18,High,Not Picked,2
9,2024-01-19,High,Not Picked,3
9,2024-01-20,Medium,Not Picked,3
9,2024-01-21,Medium,Not Picked,3
9,2024-01-22,Medium,Picked,0
9,2024-01-23,Low,Not Picked,0
9,2024-01-24,High,Not Picked,2
9,2024-01-25,Low,Not Picked,1
9,2024-01-26,High,Not Picked,3
9,2024-01-27,Medium,Picked,0
9,2024-01-28,High,Picked,0
9,2024-01-29,High,Picked,0
9,2024-01-30,Low,Not Picked,0
9,2024-01-31,Medium,Not Picked,0
9,2024-02-01,Medium,Picked,0
9,2024-02-02,High,Picked,0
9,2024-02-03,High,Not Picked,1
9,2024-02-04,High,Not Picked,2
9,2024-02-05,High,Picked,0
9,2024-02-06,Medium,Not Picked,1
9,2024-02-07,Medium,Not Picked,2
9,2024-02-08,Low,Not Picked,2
9,2024-02-09,Low,Picked,0
9,2024-02-10,Medium,Not Picked,0
9,2024-02-11,High,Not Picked,2
9,2024-02-12,Low,Not Picked,1
9,2024-02-13,Low,Not Picked,1
9,2024-02-14,Medium,Not Picked,2
9,2024-02-15,High,Picked,0
9,2024-02-16,High,Not Picked,1
9,2024-02-17,High,Picked,0
9,2024-02-18,Low,Not Picked,0
9,2024-02-19,High,Not Picked,2
9,2024-02-20,Low,Picked,0
9,2024-02-21,Low,Not Picked,0
9,2024-02-22,Low,Not Picked,0
9,2024-02-23,High,Picked,0
9,2024-02-24,Low,Not Picked,0
9,2024-02-25,High,Not Picked,2
9,2024-02-26,Medium,Not Picked,3
9,2024-02-27,High,Not Picked,4
9,2024-02-28,High,Not Picked,5
9,2024-02-29,Medium,Picked,0
9,2024-03-01,High,Not Picked,2
9,2024-03-02,Medium,Picked,0
9,2024-03-03,Low,Not Picked,0
9,2024-03-04,Low,Not Picked,0
9,2024-03-05,Medium,Not Picked,0
9,2024-03-06,Medium,Not Picked,1
9,2024-03-07,High,Picked,0
9,2024-03-08,High,Picked,0
9,2024-03-09,High,Picked,0
9,2024-03-10,Medium,Not Picked,0
9,2024-03-11,Low,Not Picked,0
9,2024-03-12,Low,Not Picked,0
9,2024-03-13,Low,Not Picked,0
9,2024-03-14,Medium,Not Picked,0
9,2024-03-15,High,Not Picked,2
9,2024-03-16,Medium,Not Picked,2
9,2024-03-17,High,Picked,0
9,2024-03-18,Low,Not Picked,0
9,2024-03-19,High,Not Picked,1
9,2024-03-20,High,Not Picked,3
9,2024-03-21,High,Picked,0
9,2024-03-22,High,Picked,0
9,2024-03-23,High,Picked,0
9,2024-03-24,Medium,Not Picked,0
9,2024-03-25,Medium,Not Picked,1
9,2024-03-26,High,Picked,0
9,2024-03-27,Low,Not Picked,0
9,2024-03-28,Medium,Not Picked,0
9,2024-03-29,Medium,Picked,0
9,2024-03-30,High,Picked,0
9,2024-03-31,Medium,Not Picked,0
9,2024-04-01,Medium,Not Picked,1
9,2024-04-02,Medium,Picked,0
9,2024-04-03,High,Not Picked,2
9,2024-04-04,High,Picked,0
9,2024-04-05,Low,Not Picked,0
9,2024-04-06,High,Not Picked,2
9,2024-04-07,Medium,Picked,0
9,2024-04-08,High,Picked,0
9,2024-04-09,Low,Not Picked,0
9,2024-04-10,Low,Not Picked,0
9,2024-04-11,Low,Not Picked,0
9,2024-04-12,Low,Not Picked,0
9,2024-04-13,High,Not Picked,2
9,2024-04-14,High,Picked,0
9,2024-04-15,Medium,Not Picked,1
9,2024-04-16,High,Not Picked,3
9,2024-04-17,High,Picked,0
9,2024-04-18,Medium,Not Picked,1
9,2024-04-19,Medium,Not Picked,1
9,2024-04-20,High,Not Picked,2
9,2024-04-21,Medium,Picked,0
9,2024-04-22,Medium,Not Picked,1
9,2024-04-23,Medium,Picked,0
9,2024-04-24,Medium,Not Picked,0
9,2024-04-25,Medium,Not Picked,1
9,2024-04-26,High,Not Picked,3
9,2024-04-27,High,Picked,0
9,2024-04-28,Low,Not Picked,0
9,2024-04-29,High,Picked,0
10,2024-01-01,Medium,Not Picked,1
10,2024-01-02,Medium,Not Picked,2
10,2024-01-03,High,Not Picked,3
10,2024-01-04,High,Picked,0
10,2024-01-05,Medium,Picked,0
10,2024-01-06,High,Not Picked,2
10,2024-01-07,Low,Picked,0
10,2024-01-08,Medium,Not Picked,0
10,2024-01-09,Medium,Picked,0
10,2024-01-10,High,Not Picked,1
10,2024-01-11,Medium,Not Picked,2
10,2024-01-12,High,Picked,0
10,2024-01-13,High,Picked,0
10,2024-01-14,Medium,Not Picked,1
10,2024-01-15,Medium,Picked,0
10,2024-01-16,Low,Picked,0
10,2024-01-17,High,Not Picked,2
10,2024-01-18,High,Picked,0
10,2024-01-19,Medium,Not Picked,0
10,2024-01-20,Low,Not Picked,0
10,2024-01-21,Low,Picked,0
10,2024-01-22,Medium,Picked,0
10,2024-01-23,Medium,Not Picked,0
10,2024-01-24,High,Not Picked,1
10,2024-01-25,High,Not Picked,2
10,2024-01-26,High,Picked,0
10,2024-01-27,Medium,Picked,0
10,2024-01-28,High,Picked,0
10,2024-01-29,Medium,Picked,0
10,2024-01-30,High,Not Picked,2
10,2024-01-31,High,Picked,0
10,2024-02-01,High,Not Picked,2
10,2024-02-02,Low,Picked,0
10,2024-02-03,Low,Not Picked,0
10,2024-02-04,High,Not Picked,1
10,2024-02-05,High,Not Picked,2
10,2024-02-06,High,Not Picked,3
10,2024-02-07,High,Picked,0
10,2024-02-08,High,Picked,0
10,2024-02-09,High,Not Picked,1
10,2024-02-10,Low,Not Picked,0
10,2024-02-11,High,Not Picked,1
10,2024-02-12,High,Picked,0
10,2024-02-13,Medium,Not Picked,1
10,2024-02-14,Medium,Picked,0
10,2024-02-15,Low,Picked,0
10,2024-02-16,High,Picked,0
10,2024-02-17,Medium,Not Picked,1
10,2024-02-18,High,Not Picked,3
10,2024-02-19,High,Picked,0
10,2024-02-20,Medium,Not Picked,0
10,2024-02-21,Low,Not Picked,0
10,2024-02-22,High,Picked,0
10,2024-02-23,Medium,Not Picked,0
10,2024-02-24,Medium,Not Picked,0
10,2024-02-25,High,Picked,0
10,2024-02-26,High,Not Picked,1
10,2024-02-27,Medium,Picked,0
10,2024-02-28,Medium,Picked,0
10,2024-02-29,Medium,Picked,0
10,2024-03-01,High,Not Picked,2
10,2024-03-02,Medium,Not Picked,2
10,2024-03-03,Low,Not Picked,1
10,2024-03-04,High,Not Picked,3
10,2024-03-05,Medium,Not Picked,3
10,2024-03-06,High,Not Picked,4
10,2024-03-07,High,Picked,0
10,2024-03-08,High,Not Picked,1
10,2024-03-09,Medium,Not Picked,1
10,2024-03-10,High,Not Picked,3
10,2024-03-11,High,Picked,0
10,2024-03-12,Medium,Picked,0
10,2024-03-13,Medium,Not Picked,0
10,2024-03-14,High,Picked,0
10,2024-03-15,High,Not Picked,1
10,2024-03-16,Medium,Not Picked,1
10,2024-03-17,High,Not Picked,3
10,2024-03-18,Medium,Picked,0
10,2024-03-19,High,Not Picked,2
10,2024-03-20,High,Picked,0
10,2024-03-21,High,Not Picked,1
10,2024-03-22,Medium,Not Picked,2
10,2024-03-23,Medium,Not Picked,3
10,2024-03-24,High,Picked,0
10,2024-03-25,Medium,Not Picked,1
10,2024-03-26,Medium,Picked,0
10,2024-03-27,High,Picked,0
10,2024-03-28,Medium,Not Picked,0
10,2024-03-29,Low,Not Picked,0
10,2024-03-30,High,Not Picked,1
10,2024-03-31,Low,Not Picked,0
10,2024-04-01,Medium,Not Picked,0
10,2024-04-02,High,Not Picked,1
10,2024-04-03,High,Picked,0
10,2024-04-04,Medium,Picked,0
10,2024-04-05,High,Not Picked,1
10,2024-04-06,Medium,Picked,0
10,2024-04-07,Medium,Not Picked,1
10,2024-04-08,High,Not Picked,3
10,2024-04-09,High,Picked,0
10,2024-04-10,Medium,Not Picked,0
10,2024-04-11,Low,Not Picked,0
10,2024-04-12,Medium,Not Picked,0
10,2024-04-13,Low,Not Picked,0
10,2024-04-14,Medium,Not Picked,1
10,2024-04-15,Medium,Not Picked,2
10,2024-04-16,High,Picked,0
10,2024-04-17,Low,Not Picked,0
10,2024-04-18,Low,Not Picked,0
10,2024-04-19,Medium,Not Picked,1
10,2024-04-20,Medium,Not Picked,1
10,2024-04-21,High,Not Picked,3
10,2024-04-22,Medium,Picked,0
10,2024-04-23,High,Not Picked,2
10,2024-04-24,Low,Picked,0
10,2024-04-25,Medium,Not Picked,1
10,2024-04-26,High,Not Picked,3
10,2024-04-27,High,Picked,0
10,2024-04-28,High,Not Picked,1
10,2024-04-29,Medium,Not Picked,1
11,2024-01-01,Low,Not Picked,0
11,2024-01-02,Low,Not Picked,0
11,2024-01-03,Medium,Picked,0
11,2024-01-04,Low,Picked,0
11,2024-01-05,Medium,Not Picked,1
11,2024-01-06,Low,Not Picked,1
11,2024-01-07,Medium,Not Picked,1
11,2024-01-08,High,Picked,0
11,2024-01-09,Medium,Not Picked,1
11,2024-01-10,Medium,Picked,0
11,2024-01-11,Medium,Not Picked,0
11,2024-01-12,Low,Picked,0
11,2024-01-13,Low,Not Picked,0
11,2024-01-14,Low,Not Picked,0
11,2024-01-15,Low,Picked,0
11,2024-01-16,Low,Picked,0
11,2024-01-17,High,Not Picked,2
11,2024-01-18,Low,Not Picked,2
11,2024-01-19,Low,Not Picked,1
11,2024-01-20,Low,Not Picked,1
11,2024-01-21,High,Not Picked,3
11,2024-01-22,Low,Not Picked,2
11,2024-01-23,Low,Not Picked,1
11,2024-01-24,Medium,Not Picked,1
11,2024-01-25,Medium,Not Picked,2
11,2024-01-26,High,Picked,0
11,2024-01-27,High,Not Picked,1
11,2024-01-28,Low,Not Picked,1
11,2024-01-29,Low,Not Picked,0
11,2024-01-30,Low,Not Picked,0
11,2024-01-31,High,Not Picked,2
11,2024-02-01,Low,Not Picked,1
11,2024-02-02,High,Picked,0
11,2024-02-03,Low,Not Picked,0
11,2024-02-04,High,Picked,0
11,2024-02-05,High,Not Picked,1
11,2024-02-06,Low,Not Picked,0
11,2024-02-07,Low,Not Picked,0
11,2024-02-08,Low,Not Picked,0
11,2024-02-09,Low,Picked,0
11,2024-02-10,Medium,Not Picked,0
11,2024-02-11,High,Not Picked,1
11,2024-02-12,High,Not Picked,3
11,2024-02-13,High,Picked,0
11,2024-02-14,Low,Not Picked,0
11,2024-02-15,High,Not Picked,2
11,2024-02-16,Medium,Picked,0
11,2024-02-17,Low,Picked,0
11,2024-02-18,Medium,Not Picked,0
11,2024-02-19,Medium,Picked,0
11,2024-02-20,High,Not Picked,1
11,2024-02-21,Medium,Picked,0
11,2024-02-22,Low,Not Picked,0
11,2024-02-23,Low,Not Picked,0
11,2024-02-24,Low,Not Picked,0
11,2024-02-25,Medium,Not Picked,0
11,2024-02-26,Low,Not Picked,0
11,2024-02-27,High,Picked,0
11,2024-02-28,Low,Not Picked,0
11,2024-02-29,Medium,Not Picked,1
11,2024-03-01,Low,Picked,0
11,2024-03-02,Medium,Not Picked,0
11,2024-03-03,Low,Not Picked,0
11,2024-03-04,Medium,Not Picked,0
11,2024-03-05,Medium,Picked,0
11,2024-03-06,Low,Picked,0
11,2024-03-07,Low,Not Picked,0
11,2024-03-08,High,Picked,0
11,2024-03-09,Low,Not Picked,0
11,2024-03-10,Medium,Not Picked,0
11,2024-03-11,Low,Not Picked,0
11,2024-03-12,High,Not Picked,1
11,2024-03-13,Low,Not Picked,0
11,2024-03-14,High,Picked,0
11,2024-03-15,Low,Not Picked,0
11,2024-03-16,Medium,Not Picked,0
11,2024-03-17,High,Not Picked,2
11,2024-03-18,Low,Picked,0
11,2024-03-19,Medium,Not Picked,0
11,2024-03-20,Low,Not Picked,0
11,2024-03-21,Medium,Not Picked,0
11,2024-03-22,Medium,Not Picked,0
11,2024-03-23,Medium,Picked,0
11,2024-03-24,Medium,Not Picked,1
11,2024-03-25,Low,Not Picked,0
11,2024-03-26,High,Not Picked,1
11,2024-03-27,Medium,Not Picked,1
11,2024-03-28,Low,Not Picked,0
11,2024-03-29,Medium,Picked,0
11,2024-03-30,Low,Not Picked,0
11,2024-03-31,Low,Not Picked,0
11,2024-04-01,Medium,Not Picked,1
11,2024-04-02,Medium,Picked,0
11,2024-04-03,Low,Not Picked,0
11,2024-04-04,Low,Not Picked,0
11,2024-04-05,Medium,Not Picked,0
11,2024-04-06,Low,Not Picked,0
11,2024-04-07,Low,Not Picked,0
11,2024-04-08,Low,Not Picked,0
11,2024-04-09,Low,Not Picked,0
11,2024-04-10,Low,Not Picked,0
11,2024-04-11,Medium,Not Picked,1
11,2024-04-12,Medium,Not Picked,1
11,2024-04-13,Low,Not Picked,0
11,2024-04-14,Low,Not Picked,0
11,2024-04-15,Medium,Not Picked,0
11,2024-04-16,Medium,Picked,0
11,2024-04-17,High,Picked,0
11,2024-04-18,Low,Not Picked,0
11,2024-04-19,Low,Not Picked,0
11,2024-04-20,Low,Not Picked,0
11,2024-04-21,Medium,Not Picked,1
11,2024-04-22,Low,Picked,0
11,2024-04-23,Medium,Not Picked,0
11,2024-04-24,Low,Not Picked,0
11,2024-04-25,Low,Not Picked,0
11,2024-04-26,Medium,Not Picked,0
11,2024-04-27,Low,Not Picked,0
11,2024-04-28,Low,Not Picked,0
11,2024-04-29,Low,Not Picked,0
12,2024-01-01,Medium,Not Picked,0
12,2024-01-02,Medium,Not Picked,0
12,2024-01-03,Medium,Picked,0
12,2024-01-04,Medium,Not Picked,1
12,2024-01-05,High,Picked,0
12,2024-01-06,High,Not Picked,2
12,2024-01-07,High,Picked,0
12,2024-01-08,Medium,Not Picked,0
12,2024-01-09,Medium,Not Picked,1
12,2024-01-10,Medium,Picked,0
12,2024-01-11,Medium,Not Picked,1
12,2024-01-12,High,Picked,0
12,2024-01-13,High,Not Picked,2
12,2024-01-14,Medium,Not Picked,3
12,2024-01-15,High,Picked,0
12,2024-01-16,Low,Not Picked,0
12,2024-01-17,Medium,Not Picked,1
12,2024-01-18,Medium,Not Picked,2
12,2024-01-19,Low,Not Picked,2
12,2024-01-20,High,Picked,0
12,2024-01-21,High,Not Picked,1
12,2024-01-22,Low,Picked,0
12,2024-01-23,Low,Picked,0
12,2024-01-24,High,Picked,0
12,2024-01-25,Low,Not Picked,0
12,2024-01-26,High,Not Picked,2
12,2024-01-27,High,Not Picked,3
12,2024-01-28,Medium,Not Picked,4
12,2024-01-29,Medium,Picked,0
12,2024-01-30,High,Not Picked,2
12,2024-01-31,High,Picked,0
12,2024-02-01,Low,Not Picked,0
12,2024-02-02,Low,Not Picked,0
12,2024-02-03,Medium,Picked,0
12,2024-02-04,Medium,Not Picked,1
12,2024-02-05,High,Picked,0
12,2024-02-06,High,Not Picked,1
12,2024-02-07,Medium,Not Picked,1
12,2024-02-08,High,Not Picked,2
12,2024-02-09,Medium,Picked,0
12,2024-02-10,High,Not Picked,2
12,2024-02-11,Medium,Picked,0
12,2024-02-12,Medium,Picked,0
12,2024-02-13,High,Not Picked,1
12,2024-02-14,High,Picked,0
12,2024-02-15,High,Not Picked,1
12,2024-02-16,Medium,Picked,0
12,2024-02-17,High,Not Picked,2
12,2024-02-18,Medium,Not Picked,2
12,2024-02-19,High,Not Picked,3
12,2024-02-20,High,Picked,0
12,2024-02-21,High,Picked,0
12,2024-02-22,High,Not Picked,1
12,2024-02-23,High,Picked,0
12,2024-02-24,Medium,Picked,0
12,2024-02-25,Medium,Picked,0
12,2024-02-26,High,Not Picked,2
12,2024-02-27,Medium,Picked,0
12,2024-02-28,High,Picked,0
12,2024-02-29,High,Not Picked,1
12,2024-03-01,High,Picked,0
12,2024-03-02,Medium,Not Picked,0
12,2024-03-03,High,Not Picked,1
12,2024-03-04,Medium,Not Picked,1
12,2024-03-05,High,Picked,0
12,2024-03-06,Medium,Not Picked,0
12,2024-03-07,High,Not Picked,2
12,2024-03-08,Low,Picked,0
12,2024-03-09,Medium,Not Picked,0
12,2024-03-10,High,Picked,0
12,2024-03-11,High,Not Picked,1
12,2024-03-12,Low,Not Picked,1
12,2024-03-13,Medium,Picked,0
12,2024-03-14,High,Not Picked,2
12,2024-03-15,Medium,Not Picked,3
12,2024-03-16,Medium,Picked,0
12,2024-03-17,High,Picked,0
12,2024-03-18,Medium,Picked,0
12,2024-03-19,Low,Not Picked,0
12,2024-03-20,Low,Not Picked,0
12,2024-03-21,Medium,Not Picked,1
12,2024-03-22,Medium,Not Picked,1
12,2024-03-23,Low,Not Picked,1
12,2024-03-24,Medium,Not Picked,1
12,2024-03-25,Medium,Picked,0
12,2024-03-26,High,Not Picked,1
12,2024-03-27,Low,Not Picked,0
12,2024-03-28,High,Not Picked,2
12,2024-03-29,Low,Not Picked,2
12,2024-03-30,High,Picked,0
12,2024-03-31,Low,Not Picked,0
12,2024-04-01,High,Picked,0
12,2024-04-02,High,Not Picked,1
12,2024-04-03,Medium,Not Picked,1
12,2024-04-04,High,Not Picked,2
12,2024-04-05,High,Picked,0
12,2024-04-06,Medium,Not Picked,1
12,2024-04-07,Low,Picked,0
12,2024-04-08,High,Not Picked,1
12,2024-04-09,High,Picked,0
12,2024-04-10,Low,Picked,0
12,2024-04-11,High,Not Picked,1
12,2024-04-12,Low,Picked,0
12,2024-04-13,High,Not Picked,1
12,2024-04-14,High,Not Picked,2
12,2024-04-15,High,Picked,0
12,2024-04-16,Medium,Not Picked,0
12,2024-04-17,High,Not Picked,2
12,2024-04-18,Medium,Not Picked,3
12,2024-04-19,High,Picked,0
12,2024-04-20,Medium,Not Picked,0
12,2024-04-21,Medium,Not Picked,1
12,2024-04-22,Low,Picked,0
12,2024-04-23,Medium,Not Picked,1
12,2024-04-24,Medium,Not Picked,2
12,2024-04-25,High,Picked,0
12,2024-04-26,Medium,Not Picked,1
12,2024-04-27,High,Picked,0
12,2024-04-28,Low,Not Picked,0
12,2024-04-29,High,Picked,0
13,2024-01-01,Medium,Not Picked,1
13,2024-01-02,Medium,Not Picked,1
13,2024-01-03,High,Picked,0
13,2024-01-04,Medium,Not Picked,0
13,2024-01-05,Low,Not Picked,0
13,2024-01-06,High,Not Picked,1
13,2024-01-07,High,Picked,0
13,2024-01-08,High,Picked,0
13,2024-01-09,Medium,Not Picked,1
13,2024-01-10,High,Not Picked,2
13,2024-01-11,Medium,Not Picked,3
13,2024-01-12,Medium,Picked,0
13,2024-01-13,Low,Picked,0
13,2024-01-14,High,Not Picked,2
13,2024-01-15,High,Picked,0
13,2024-01-16,Medium,Picked,0
13,2024-01-17,High,Not Picked,1
13,2024-01-18,Medium,Not Picked,1
13,2024-01-19,High,Not Picked,2
13,2024-01-20,Low,Not Picked,2
13,2024-01-21,Medium,Picked,0
13,2024-01-22,Medium,Picked,0
13,2024-01-23,Medium,Not Picked,0
13,2024-01-24,Low,Not Picked,0
13,2024-01-25,Low,Not Picked,0
13,2024-01-26,High,Picked,0
13,2024-01-27,Medium,Picked,0
13,2024-01-28,High,Picked,0
13,2024-01-29,High,Not Picked,2
13,2024-01-30,High,Picked,0
13,2024-01-31,Low,Not Picked,0
13,2024-02-01,Medium,Picked,0
13,2024-02-02,High,Not Picked,2
13,2024-02-03,High,Picked,0
13,2024-02-04,Low,Not Picked,0
13,2024-02-05,Low,Not Picked,0
13,2024-02-06,High,Not Picked,1
13,2024-02-07,Low,Not Picked,1
13,2024-02-08,Medium,Not Picked,1
13,2024-02-09,High,Picked,0
13,2024-02-10,High,Not Picked,1
13,2024-02-11,High,Not Picked,3
13,2024-02-12,Low,Not Picked,3
13,2024-02-13,Medium,Picked,0
13,2024-02-14,High,Not Picked,1
13,2024-02-15,Medium,Not Picked,1
13,2024-02-16,High,Picked,0
13,2024-02-17,Low,Not Picked,0
13,2024-02-18,High,Not Picked,2
13,2024-02-19,Low,Picked,0
13,2024-02-20,Low,Not Picked,0
13,2024-02-21,Medium,Not Picked,0
13,2024-02-22,Medium,Not Picked,0
13,2024-02-23,High,Not Picked,1
13,2024-02-24,Low,Not Picked,0
13,2024-02-25,High,Picked,0
13,2024-02-26,High,Not Picked,1
13,2024-02-27,Medium,Not Picked,1
13,2024-02-28,Low,Not Picked,0
13,2024-02-29,High,Not Picked,1
13,2024-03-01,Low,Not Picked,1
13,2024-03-02,Medium,Not Picked,1
13,2024-03-03,Low,Picked,0
13,2024-03-04,High,Not Picked,2
13,2024-03-05,Low,Picked,0
13,2024-03-06,Low,Not Picked,0
13,2024-03-07,High,Not Picked,1
13,2024-03-08,High,Picked,0
13,2024-03-09,Low,Not Picked,0
13,2024-03-10,High,Picked,0
13,2024-03-11,High,Picked,0
13,2024-03-12,High,Not Picked,1
13,2024-03-13,High,Picked,0
13,2024-03-14,Low,Not Picked,0
13,2024-03-15,High,Not Picked,1
13,2024-03-16,Low,Picked,0
13,2024-03-17,Medium,Not Picked,1
13,2024-03-18,High,Picked,0
13,2024-03-19,Low,Not Picked,0
13,2024-03-20,High,Not Picked,2
13,2024-03-21,Medium,Picked,0
13,2024-03-22,Low,Not Picked,0
13,2024-03-23,High,Picked,0
13,2024-03-24,High,Not Picked,1
13,2024-03-25,Low,Picked,0
13,2024-03-26,Medium,Not Picked,0
13,2024-03-27,Medium,Picked,0
13,2024-03-28,Medium,Picked,0
13,2024-03-29,Low,Picked,0
13,2024-03-30,High,Not Picked,1
13,2024-03-31,High,Not Picked,3
13,2024-04-01,High,Picked,0
13,2024-04-02,High,Picked,0
13,2024-04-03,High,Not Picked,1
13,2024-04-04,Low,Picked,0
13,2024-04-05,Low,Not Picked,0
13,2024-04-06,High,Not Picked,2
13,2024-04-07,High,Not Picked,3
13,2024-04-08,High,Picked,0
13,2024-04-09,High,Picked,0
13,2024-04-10,High,Not Picked,2
13,2024-04-11,Medium,Not Picked,2
13,2024-04-12,High,Picked,0
13,2024-04-13,Medium,Not Picked,0
13,2024-04-14,Medium,Not Picked,0
13,2024-04-15,High,Not Picked,1
13,2024-04-16,High,Not Picked,2
13,2024-04-17,Medium,Not Picked,2
13,2024-04-18,Low,Not Picked,1
13,2024-04-19,High,Picked,0
13,2024-04-20,High,Picked,0
13,2024-04-21,Medium,Not Picked,0
13,2024-04-22,Medium,Not Picked,1
13,2024-04-23,High,Picked,0
13,2024-04-24,Medium,Picked,0
13,2024-04-25,High,Not Picked,2
13,2024-04-26,Low,Not Picked,2
13,2024-04-27,Medium,Picked,0
13,2024-04-28,High,Not Picked,2
13,2024-04-29,Low,Not Picked,1
14,2024-01-01,Medium,Not Picked,0
14,2024-01-02,High,Not Picked,1
14,2024-01-03,Medium,Not Picked,1
14,2024-01-04,Medium,Picked,0
14,2024-01-05,High,Not Picked,1
14,2024-01-06,Low,Not Picked,1
14,2024-01-07,Low,Not Picked,0
14,2024-01-08,Medium,Picked,0
14,2024-01-09,Low,Not Picked,0
14,2024-01-10,High,Not Picked,1
14,2024-01-11,Low,Not Picked,0
14,2024-01-12,Medium,Not Picked,0
14,2024-01-13,Medium,Not Picked,0
14,2024-01-14,Medium,Not Picked,1
14,2024-01-15,Low,Not Picked,1
14,2024-01-16,Low,Not Picked,0
14,2024-01-17,Low,Not Picked,0
14,2024-01-18,Low,Not Picked,0
14,2024-01-19,Medium,Not Picked,1
14,2024-01-20,Low,Not Picked,1
14,2024-01-21,Low,Not Picked,0
14,2024-01-22,Medium,Picked,0
14,2024-01-23,Medium,Not Picked,1
14,2024-01-24,Medium,Not Picked,1
14,2024-01-25,Low,Not Picked,0
14,2024-01-26,Medium,Not Picked,0
14,2024-01-27,Low,Not Picked,0
14,2024-01-28,Low,Not Picked,0
14,2024-01-29,Low,Not Picked,0
14,2024-01-30,High,Not Picked,1
14,2024-01-31,Low,Not Picked,0
14,2024-02-01,High,Not Picked,2
14,2024-02-02,Medium,Not Picked,2
14,2024-02-03,High,Not Picked,3
14,2024-02-04,Medium,Not Picked,3
14,2024-02-05,Medium,Picked,0
14,2024-02-06,Medium,Not Picked,1
14,2024-02-07,Low,Not Picked,0
14,2024-02-08,Low,Not Picked,0
14,2024-02-09,Medium,Not Picked,1
14,2024-02-10,Low,Picked,0
14,2024-02-11,Medium,Not Picked,1
14,2024-02-12,Low,Picked,0
14,2024-02-13,Low,Not Picked,0
14,2024-02-14,Medium,Not Picked,0
14,2024-02-15,Medium,Not Picked,1
14,2024-02-16,Low,Picked,0
14,2024-02-17,High,Not Picked,1
14,2024-02-18,High,Not Picked,2
14,2024-02-19,High,Picked,0
14,2024-02-20,Low,Not Picked,0
14,2024-02-21,Medium,Not Picked,0
14,2024-02-22,Medium,Not Picked,0
14,2024-02-23,Medium,Picked,0
14,2024-02-24,Medium,Not Picked,0
14,2024-02-25,Low,Not Picked,0
14,2024-02-26,High,Not Picked,1
14,2024-02-27,High,Picked,0
14,2024-02-28,Medium,Not Picked,0
14,2024-02-29,Low,Not Picked,0
14,2024-03-01,Medium,Not Picked,1
14,2024-03-02,Low,Not Picked,1
14,2024-03-03,Low,Picked,0
14,2024-03-04,Low,Not Picked,0
14,2024-03-05,Low,Not Picked,0
14,2024-03-06,Medium,Picked,0
14,2024-03-07,Medium,Picked,0
14,2024-03-08,Medium,Not Picked,1
14,2024-03-09,Medium,Not Picked,2
14,2024-03-10,High,Not Picked,4
14,2024-03-11,Low,Picked,0
14,2024-03-12,Medium,Not Picked,1
14,2024-03-13,High,Picked,0
14,2024-03-14,Low,Not Picked,0
14,2024-03-15,Medium,Not Picked,0
14,2024-03-16,High,Picked,0
14,2024-03-17,Low,Not Picked,0
14,2024-03-18,Low,Not Picked,0
14,2024-03-19,Low,Not Picked,0
14,2024-03-20,Low,Picked,0
14,2024-03-21,Low,Not Picked,0
14,2024-03-22,Low,Not Picked,0
14,2024-03-23,Medium,Not Picked,0
14,2024-03-24,High,Not Picked,2
14,2024-03-25,Low,Not Picked,1
14,2024-03-26,Low,Not Picked,1
14,2024-03-27,High,Not Picked,3
14,2024-03-28,Low,Picked,0
14,2024-03-29,Low,Not Picked,0
14,2024-03-30,High,Picked,0
14,2024-03-31,Medium,Not Picked,1
14,2024-04-01,Low,Not Picked,1
14,2024-04-02,Low,Not Picked,1
14,2024-04-03,Medium,Not Picked,2
14,2024-04-04,Medium,Not Picked,3
14,2024-04-05,Low,Not Picked,2
14,2024-04-06,Medium,Picked,0
14,2024-04-07,Low,Not Picked,0
14,2024-04-08,Medium,Not Picked,0
14,2024-04-09,Low,Not Picked,0
14,2024-04-10,Low,Not Picked,0
14,2024-04-11,High,Not Picked,2
14,2024-04-12,Medium,Not Picked,2
14,2024-04-13,Medium,Picked,0
14,2024-04-14,Low,Not Picked,0
14,2024-04-15,High,Picked,0
14,2024-04-16,High,Picked,0
14,2024-04-17,Low,Not Picked,0
14,2024-04-18,Medium,Picked,0
14,2024-04-19,Low,Picked,0
14,2024-04-20,High,Picked,0
14,2024-04-21,Low,Not Picked,0
14,2024-04-22,Low,Not Picked,0
14,2024-04-23,Medium,Not Picked,1
14,2024-04-24,Low,Picked,0
14,2024-04-25,Low,Not Picked,0
14,2024-04-26,Medium,Not Picked,1
14,2024-04-27,High,Not Picked,2
14,2024-04-28,Low,Not Picked,2
14,2024-04-29,High,Not Picked,4
15,2024-01-01,High,Not Picked,1
15,2024-01-02,Low,Not Picked,1
15,2024-01-03,High,Picked,0
15,2024-01-04,High,Not Picked,1
15,2024-01-05,Medium,Picked,0
15,2024-01-06,High,Not Picked,2
15,2024-01-07,Low,Picked,0
15,2024-01-08,Medium,Picked,0
15,2024-01-09,High,Not Picked,2
15,2024-01-10,High,Picked,0
15,2024-01-11,Medium,Not Picked,1
15,2024-01-12,Medium,Not Picked,2
15,2024-01-13,Low,Picked,0
15,2024-01-14,Medium,Not Picked,1
15,2024-01-15,Low,Not Picked,1
15,2024-01-16,Medium,Picked,0
15,2024-01-17,Low,Not Picked,0
15,2024-01-18,Medium,Picked,0
15,2024-01-19,Low,Not Picked,0
15,2024-01-20,Medium,Not Picked,0
15,2024-01-21,Low,Not Picked,0
15,2024-01-22,Medium,Not Picked,0
15,2024-01-23,Medium,Picked,0
15,2024-01-24,Medium,Not Picked,1
15,2024-01-25,Medium,Picked,0
15,2024-01-26,Low,Not Picked,0
15,2024-01-27,Medium,Not Picked,0
15,2024-01-28,Low,Not Picked,0
15,2024-01-29,Medium,Not Picked,1
15,2024-01-30,Low,Not Picked,1
15,2024-01-31,Low,Not Picked,0
15,2024-02-01,Low,Not Picked,0
15,2024-02-02,Low,Not Picked,0
15,2024-02-03,Medium,Picked,0
15,2024-02-04,Medium,Not Picked,0
15,2024-02-05,Medium,Not Picked,0
15,2024-02-06,High,Picked,0
15,2024-02-07,High,Not Picked,1
15,2024-02-08,Low,Not Picked,0
15,2024-02-09,Medium,Picked,0
15,2024-02-10,Medium,Not Picked,1
15,2024-02-11,Medium,Picked,0
15,2024-02-12,High,Not Picked,1
15,2024-02-13,Medium,Not Picked,1
15,2024-02-14,Medium,Not Picked,1
15,2024-02-15,High,Picked,0
15,2024-02-16,Low,Picked,0
15,2024-02-17,Low,Not Picked,0
15,2024-02-18,High,Not Picked,1
15,2024-02-19,Medium,Not Picked,1
15,2024-02-20,Low,Not Picked,0
15,2024-02-21,Medium,Not Picked,0
15,2024-02-22,Medium,Picked,0
15,2024-02-23,Low,Not Picked,0
15,2024-02-24,High,Picked,0
15,2024-02-25,Medium,Picked,0
15,2024-02-26,Low,Not Picked,0
15,2024-02-27,Medium,Not Picked,0
15,2024-02-28,Low,Not Picked,0
15,2024-02-29,Low,Not Picked,0
15,2024-03-01,Medium,Not Picked,0
15,2024-03-02,High,Not Picked,1
15,2024-03-03,Medium,Not Picked,2
15,2024-03-04,High,Picked,0
15,2024-03-05,Medium,Not Picked,0
15,2024-03-06,High,Picked,0
15,2024-03-07,Medium,Picked,0
15,2024-03-08,Medium,Not Picked,1
15,2024-03-09,Medium,Picked,0
15,2024-03-10,High,Not Picked,1
15,2024-03-11,Medium,Not Picked,1
15,2024-03-12,Medium,Not Picked,1
15,2024-03-13,Medium,Not Picked,2
15,2024-03-14,Medium,Picked,0
15,2024-03-15,Low,Not Picked,0
15,2024-03-16,High,Picked,0
15,2024-03-17,Low,Not Picked,0
15,2024-03-18,High,Not Picked,1
15,2024-03-19,Low,Picked,0
15,2024-03-20,Medium,Not Picked,1
15,2024-03-21,Medium,Not Picked,1
15,2024-03-22,Medium,Not Picked,2
15,2024-03-23,High,Not Picked,3
15,2024-03-24,Low,Picked,0
15,2024-03-25,High,Picked,0
15,2024-03-26,Medium,Not Picked,0
15,2024-03-27,High,Not Picked,2
15,2024-03-28,Low,Picked,0
15,2024-03-29,Medium,Not Picked,0
15,2024-03-30,Medium,Not Picked,0
15,2024-03-31,High,Picked,0
15,2024-04-01,Medium,Not Picked,1
15,2024-04-02,Low,Not Picked,0
15,2024-04-03,Medium,Not Picked,0
15,2024-04-04,High,Not Picked,1
15,2024-04-05,High,Not Picked,2
15,2024-04-06,Low,Not Picked,1
15,2024-04-07,Low,Picked,0
15,2024-04-08,Low,Not Picked,0
15,2024-04-09,Low,Not Picked,0
15,2024-04-10,High,Picked,0
15,2024-04-11,Medium,Not Picked,0
15,2024-04-12,Low,Not Picked,0
15,2024-04-13,Medium,Not Picked,0
15,2024-04-14,Low,Not Picked,0
15,2024-04-15,Medium,Not Picked,1
15,2024-04-16,Low,Picked,0
15,2024-04-17,High,Not Picked,1
15,2024-04-18,Medium,Picked,0
15,2024-04-19,Low,Picked,0
15,2024-04-20,Low,Not Picked,0
15,2024-04-21,Medium,Picked,0
15,2024-04-22,Low,Not Picked,0
15,2024-04-23,Low,Not Picked,0
15,2024-04-24,Low,Picked,0
15,2024-04-25,Medium,Not Picked,1
15,2024-04-26,Medium,Picked,0
15,2024-04-27,High,Picked,0
15,2024-04-28,Low,Not Picked,0
15,2024-04-29,Low,Not Picked,0
16,2024-01-01,Medium,Not Picked,0
16,2024-01-02,Low,Not Picked,0
16,2024-01-03,Medium,Not Picked,0
16,2024-01-04,Medium,Picked,0
16,2024-01-05,Medium,Not Picked,0
16,2024-01-06,High,Not Picked,2
16,2024-01-07,Low,Not Picked,1
16,2024-01-08,High,Picked,0
16,2024-01-09,Medium,Not Picked,1
16,2024-01-10,High,Not Picked,2
16,2024-01-11,Low,Not Picked,2
16,2024-01-12,Low,Not Picked,1
16,2024-01-13,Medium,Picked,0
16,2024-01-14,High,Not Picked,1
16,2024-01-15,Medium,Not Picked,1
16,2024-01-16,Medium,Not Picked,2
16,2024-01-17,Low,Not Picked,2
16,2024-01-18,Medium,Picked,0
16,2024-01-19,Medium,Not Picked,1
16,2024-01-20,Low,Not Picked,1
16,2024-01-21,Medium,Not Picked,1
16,2024-01-22,Medium,Not Picked,2
16,2024-01-23,Low,Not Picked,2
16,2024-01-24,High,Picked,0
16,2024-01-25,Medium,Not Picked,0
16,2024-01-26,Medium,Not Picked,1
16,2024-01-27,Low,Not Picked,1
16,2024-01-28,Low,Picked,0
16,2024-01-29,Medium,Picked,0
16,2024-01-30,Low,Not Picked,0
16,2024-01-31,Low,Not Picked,0
16,2024-02-01,Low,Not Picked,0
16,2024-02-02,Low,Not Picked,0
16,2024-02-03,Low,Not Picked,0
16,2024-02-04,Medium,Picked,0
16,2024-02-05,High,Not Picked,2
16,2024-02-06,Low,Not Picked,2
16,2024-02-07,High,Picked,0
16,2024-02-08,Medium,Not Picked,1
16,2024-02-09,Low,Not Picked,0
16,2024-02-10,Low,Picked,0
16,2024-02-11,Low,Picked,0
16,2024-02-12,Low,Not Picked,0
16,2024-02-13,Low,Not Picked,0
16,2024-02-14,Medium,Not Picked,0
16,2024-02-15,Low,Picked,0
16,2024-02-16,Medium,Not Picked,1
16,2024-02-17,High,Picked,0
16,2024-02-18,Low,Not Picked,0
16,2024-02-19,Low,Not Picked,0
16,2024-02-20,Medium,Not Picked,1
16,2024-02-21,Low,Picked,0
16,2024-02-22,Medium,Not Picked,1
16,2024-02-23,Medium,Picked,0
16,2024-02-24,Medium,Not Picked,1
16,2024-02-25,Medium,Not Picked,1
16,2024-02-26,Medium,Not Picked,2
16,2024-02-27,Low,Not Picked,2
16,2024-02-28,Low,Not Picked,2
16,2024-02-29,Low,Not Picked,1
16,2024-03-01,Low,Not Picked,0
16,2024-03-02,Medium,Not Picked,0
16,2024-03-03,Low,Picked,0
16,2024-03-04,Low,Not Picked,0
16,2024-03-05,Medium,Not Picked,0
16,2024-03-06,Low,Not Picked,0
16,2024-03-07,Low,Not Picked,0
16,2024-03-08,Medium,Not Picked,0
16,2024-03-09,Medium,Picked,0
16,2024-03-10,Medium,Picked,0
16,2024-03-11,Low,Not Picked,0
16,2024-03-12,Low,Picked,0
16,2024-03-13,Low,Not Picked,0
16,2024-03-14,High,Not Picked,2
16,2024-03-15,Low,Not Picked,1
16,2024-03-16,Medium,Picked,0
16,2024-03-17,High,Picked,0
16,2024-03-18,Low,Not Picked,0
16,2024-03-19,High,Picked,0
16,2024-03-20,Medium,Not Picked,0
16,2024-03-21,Medium,Not Picked,0
16,2024-03-22,Medium,Picked,0
16,2024-03-23,High,Not Picked,2
16,2024-03-24,High,Picked,0
16,2024-03-25,Medium,Not Picked,0
16,2024-03-26,Medium,Not Picked,0
16,2024-03-27,High,Not Picked,2
16,2024-03-28,Low,Not Picked,1
16,2024-03-29,Low,Not Picked,1
16,2024-03-30,Low,Not Picked,1
16,2024-03-31,Medium,Picked,0
16,2024-04-01,Medium,Not Picked,1
16,2024-04-02,High,Picked,0
16,2024-04-03,Medium,Not Picked,0
16,2024-04-04,Medium,Picked,0
16,2024-04-05,Medium,Not Picked,1
16,2024-04-06,Medium,Not Picked,1
16,2024-04-07,Low,Picked,0
16,2024-04-08,Medium,Not Picked,1
16,2024-04-09,Low,Not Picked,0
16,2024-04-10,Low,Not Picked,0
16,2024-04-11,Low,Picked,0
16,2024-04-12,Low,Picked,0
16,2024-04-13,Low,Not Picked,0
16,2024-04-14,Low,Not Picked,0
16,2024-04-15,Low,Not Picked,0
16,2024-04-16,High,Not Picked,1
16,2024-04-17,Medium,Picked,0
16,2024-04-18,Medium,Not Picked,0
16,2024-04-19,Low,Not Picked,0
16,2024-04-20,Low,Not Picked,0
16,2024-04-21,Low,Not Picked,0
16,2024-04-22,Medium,Picked,0
16,2024-04-23,Low,Not Picked,0
16,2024-04-24,Low,Not Picked,0
16,2024-04-25,Low,Not Picked,0
16,2024-04-26,Low,Not Picked,0
16,2024-04-27,Medium,Not Picked,1
16,2024-04-28,Low,Not Picked,0
16,2024-04-29,Medium,Not Picked,1
17,2024-01-01,Medium,Not Picked,0
17,2024-01-02,Low,Not Picked,0
17,2024-01-03,Low,Not Picked,0
17,2024-01-04,Medium,Not Picked,0
17,2024-01-05,Medium,Not Picked,0
17,2024-01-06,Low,Not Picked,0
17,2024-01-07,Low,Not Picked,0
17,2024-01-08,Low,Picked,0
17,2024-01-09,Low,Not Picked,0
17,2024-01-10,Medium,Not Picked,1
17,2024-01-11,Low,Not Picked,0
17,2024-01-12,Medium,Picked,0
17,2024-01-13,Low,Not Picked,0
17,2024-01-14,Low,Not Picked,0
17,2024-01-15,Medium,Picked,0
17,2024-01-16,Medium,Not Picked,0
17,2024-01-17,Medium,Not Picked,1
17,2024-01-18,Low,Not Picked,0
17,2024-01-19,Medium,Not Picked,0
17,2024-01-20,Low,Not Picked,0
17,2024-01-21,Low,Picked,0
17,2024-01-22,Medium,Not Picked,1
17,2024-01-23,Medium,Not Picked,1
17,2024-01-24,Medium,Not Picked,1
17,2024-01-25,Medium,Picked,0
17,2024-01-26,Medium,Not Picked,1
17,2024-01-27,Medium,Not Picked,2
17,2024-01-28,Medium,Not Picked,2
17,2024-01-29,High,Picked,0
17,2024-01-30,Medium,Not Picked,1
17,2024-01-31,Medium,Not Picked,2
17,2024-02-01,Low,Picked,0
17,2024-02-02,High,Not Picked,2
17,2024-02-03,High,Picked,0
17,2024-02-04,High,Not Picked,2
17,2024-02-05,Low,Picked,0
17,2024-02-06,Low,Not Picked,0
17,2024-02-07,Medium,Not Picked,1
17,2024-02-08,Medium,Picked,0
17,2024-02-09,Low,Not Picked,0
17,2024-02-10,Medium,Not Picked,1
17,2024-02-11,Medium,Picked,0
17,2024-02-12,Low,Not Picked,0
17,2024-02-13,High,Picked,0
17,2024-02-14,High,Not Picked,1
17,2024-02-15,Medium,Not Picked,2
17,2024-02-16,Medium,Not Picked,3
17,2024-02-17,Low,Picked,0
17,2024-02-18,Low,Not Picked,0
17,2024-02-19,Medium,Not Picked,1
17,2024-02-20,Low,Not Picked,1
17,2024-02-21,Low,Not Picked,1
17,2024-02-22,Medium,Not Picked,1
17,2024-02-23,Low,Picked,0
17,2024-02-24,Low,Not Picked,0
17,2024-02-25,Medium,Not Picked,1
17,2024-02-26,Low,Picked,0
17,2024-02-27,Low,Not Picked,0
17,2024-02-28,Medium,Not Picked,1
17,2024-02-29,Medium,Picked,0
17,2024-03-01,Medium,Not Picked,1
17,2024-03-02,Low,Not Picked,1
17,2024-03-03,High,Picked,0
17,2024-03-04,Low,Not Picked,0
17,2024-03-05,High,Not Picked,2
17,2024-03-06,High,Not Picked,3
17,2024-03-07,High,Picked,0
17,2024-03-08,High,Not Picked,1
17,2024-03-09,Low,Not Picked,1
17,2024-03-10,Low,Not Picked,1
17,2024-03-11,Low,Not Picked,0
17,2024-03-12,Low,Not Picked,0
17,2024-03-13,Medium,Not Picked,1
17,2024-03-14,Medium,Not Picked,1
17,2024-03-15,Medium,Not Picked,2
17,2024-03-16,Low,Picked,0
17,2024-03-17,Low,Picked,0
17,2024-03-18,Medium,Not Picked,1
17,2024-03-19,Medium,Picked,0
17,2024-03-20,Low,Not Picked,0
17,2024-03-21,Medium,Not Picked,0
17,2024-03-22,Medium,Not Picked,0
17,2024-03-23,Medium,Not Picked,1
17,2024-03-24,Low,Not Picked,0
17,2024-03-25,Low,Not Picked,0
17,2024-03-26,Low,Not Picked,0
17,2024-03-27,Medium,Picked,0
17,2024-03-28,Medium,Not Picked,0
17,2024-03-29,Low,Not Picked,0
17,2024-03-30,Low,Not Picked,0
17,2024-03-31,Medium,Not Picked,0
17,2024-04-01,High,Not Picked,2
17,2024-04-02,Medium,Not Picked,2
17,2024-04-03,High,Not Picked,4
17,2024-04-04,Low,Picked,0
17,2024-04-05,Low,Picked,0
17,2024-04-06,High,Not Picked,1
17,2024-04-07,Medium,Picked,0
17,2024-04-08,Low,Not Picked,0
17,2024-04-09,Low,Not Picked,0
17,2024-04-10,Medium,Not Picked,0
17,2024-04-11,High,Not Picked,2
17,2024-04-12,Medium,Picked,0
17,2024-04-13,Medium,Picked,0
17,2024-04-14,Low,Not Picked,0
17,2024-04-15,Low,Not Picked,0
17,2024-04-16,Low,Not Picked,0
17,2024-04-17,Low,Not Picked,0
17,2024-04-18,High,Picked,0
17,2024-04-19,Low,Not Picked,0
17,2024-04-20,High,Picked,0
17,2024-04-21,High,Picked,0
17,2024-04-22,Medium,Picked,0
17,2024-04-23,Low,Not Picked,0
17,2024-04-24,Medium,Not Picked,1
17,2024-04-25,High,Not Picked,2
17,2024-04-26,High,Picked,0
17,2024-04-27,High,Picked,0
17,2024-04-28,Low,Picked,0
17,2024-04-29,Low,Picked,0
18,2024-01-01,Low,Picked,0
18,2024-01-02,High,Not Picked,2
18,2024-01-03,Low,Picked,0
18,2024-01-04,Medium,Picked,0
18,2024-01-05,Low,Not Picked,0
18,2024-01-06,High,Not Picked,1
18,2024-01-07,Medium,Not Picked,2
18,2024-01-08,Low,Not Picked,1
18,2024-01-09,Medium,Not Picked,1
18,2024-01-10,Low,Not Picked,1
18,2024-01-11,Low,Picked,0
18,2024-01-12,Low,Not Picked,0
18,2024-01-13,Low,Picked,0
18,2024-01-14,Low,Not Picked,0
18,2024-01-15,Low,Picked,0
18,2024-01-16,Low,Not Picked,0
18,2024-01-17,Medium,Not Picked,0
18,2024-01-18,High,Picked,0
18,2024-01-19,High,Not Picked,1
18,2024-01-20,Medium,Not Picked,2
18,2024-01-21,Medium,Picked,0
18,2024-01-22,Medium,Not Picked,1
18,2024-01-23,High,Picked,0
18,2024-01-24,Medium,Not Picked,0
18,2024-01-25,High,Not Picked,2
18,2024-01-26,Low,Picked,0
18,2024-01-27,Low,Not Picked,0
18,2024-01-28,Medium,Not Picked,0
18,2024-01-29,Low,Not Picked,0
18,2024-01-30,Medium,Not Picked,0
18,2024-01-31,Low,Not Picked,0
18,2024-02-01,Medium,Picked,0
18,2024-02-02,Medium,Not Picked,0
18,2024-02-03,Medium,Not Picked,0
18,2024-02-04,Low,Not Picked,0
18,2024-02-05,High,Not Picked,2
18,2024-02-06,Medium,Picked,0
18,2024-02-07,Low,Not Picked,0
18,2024-02-08,Low,Not Picked,0
18,2024-02-09,High,Picked,0
18,2024-02-10,Low,Not Picked,0
18,2024-02-11,Medium,Picked,0
18,2024-02-12,Medium,Not Picked,1
18,2024-02-13,Low,Not Picked,1
18,2024-02-14,Low,Picked,0
18,2024-02-15,Medium,Picked,0
18,2024-02-16,Medium,Picked,0
18,2024-02-17,High,Picked,0
18,2024-02-18,Medium,Not Picked,1
18,2024-02-19,High,Picked,0
18,2024-02-20,High,Not Picked,2
18,2024-02-21,Medium,Not Picked,2
18,2024-02-22,Low,Picked,0
18,2024-02-23,Low,Not Picked,0
18,2024-02-24,Medium,Picked,0
18,2024-02-25,Low,Picked,0
18,2024-02-26,Low,Not Picked,0
18,2024-02-27,Medium,Not Picked,0
18,2024-02-28,Medium,Not Picked,1
18,2024-02-29,Low,Not Picked,0
18,2024-03-01,Medium,Not Picked,0
18,2024-03-02,Medium,Not Picked,0
18,2024-03-03,Medium,Not Picked,0
18,2024-03-04,High,Not Picked,1
18,2024-03-05,Medium,Picked,0
18,2024-03-06,Low,Not Picked,0
18,2024-03-07,Low,Picked,0
18,2024-03-08,High,Picked,0
18,2024-03-09,Low,Not Picked,0
18,2024-03-10,Low,Picked,0
18,2024-03-11,Medium,Not Picked,0
18,2024-03-12,High,Picked,0
18,2024-03-13,Medium,Picked,0
18,2024-03-14,Low,Not Picked,0
18,2024-03-15,Low,Not Picked,0
18,2024-03-16,Low,Not Picked,0
18,2024-03-17,Low,Not Picked,0
18,2024-03-18,Low,Not Picked,0
18,2024-03-19,Low,Not Picked,0
18,2024-03-20,Low,Not Picked,0
18,2024-03-21,High,Picked,0
18,2024-03-22,Low,Not Picked,0
18,2024-03-23,Medium,Not Picked,1
18,2024-03-24,High,Not Picked,2
18,2024-03-25,Medium,Not Picked,3
18,2024-03-26,Low,Not Picked,2
18,2024-03-27,Low,Not Picked,2
18,2024-03-28,Low,Not Picked,2
18,2024-03-29,High,Not Picked,3
18,2024-03-30,Low,Not Picked,3
18,2024-03-31,Low,Not Picked,3
18,2024-04-01,Medium,Picked,0
18,2024-04-02,High,Picked,0
18,2024-04-03,Medium,Not Picked,0
18,2024-04-04,Low,Not Picked,0
18,2024-04-05,High,Not Picked,1
18,2024-04-06,Low,Not Picked,0
18,2024-04-07,Low,Not Picked,0
18,2024-04-08,Low,Not Picked,0
18,2024-04-09,High,Not Picked,1
18,2024-04-10,Low,Picked,0
18,2024-04-11,Low,Not Picked,0
18,2024-04-12,Low,Not Picked,0
18,2024-04-13,Low,Not Picked,0
18,2024-04-14,Low,Picked,0
18,2024-04-15,Low,Not Picked,0
18,2024-04-16,Medium,Not Picked,0
18,2024-04-17,Medium,Picked,0
18,2024-04-18,High,Not Picked,2
18,2024-04-19,High,Not Picked,3
18,2024-04-20,High,Not Picked,4
18,2024-04-21,Medium,Picked,0
18,2024-04-22,Medium,Not Picked,1
18,2024-04-23,Low,Not Picked,0
18,2024-04-24,Medium,Picked,0
18,2024-04-25,Medium,Picked,0
18,2024-04-26,High,Picked,0
18,2024-04-27,Medium,Not Picked,1
18,2024-04-28,Medium,Not Picked,1
18,2024-04-29,Medium,Not Picked,1
19,2024-01-01,High,Picked,0
19,2024-01-02,Low,Not Picked,0
19,2024-01-03,Low,Not Picked,0
19,2024-01-04,Medium,Not Picked,0
19,2024-01-05,Medium,Not Picked,0
19,2024-01-06,Medium,Not Picked,0
19,2024-01-07,High,Not Picked,1
19,2024-01-08,Medium,Not Picked,2
19,2024-01-09,High,Picked,0
19,2024-01-10,Low,Not Picked,0
19,2024-01-11,High,Not Picked,1
19,2024-01-12,Medium,Not Picked,2
19,2024-01-13,Low,Picked,0
19,2024-01-14,Medium,Not Picked,1
19,2024-01-15,High,Picked,0
19,2024-01-16,High,Picked,0
19,2024-01-17,Medium,Not Picked,0
19,2024-01-18,Low,Not Picked,0
19,2024-01-19,Low,Not Picked,0
19,2024-01-20,Medium,Picked,0
19,2024-01-21,Low,Picked,0
19,2024-01-22,Low,Picked,0
19,2024-01-23,High,Not Picked,1
19,2024-01-24,Low,Not Picked,0
19,2024-01-25,Low,Not Picked,0
19,2024-01-26,High,Not Picked,1
19,2024-01-27,High,Picked,0
19,2024-01-28,Low,Not Picked,0
19,2024-01-29,Medium,Not Picked,0
19,2024-01-30,Medium,Not Picked,0
19,2024-01-31,Low,Not Picked,0
19,2024-02-01,Low,Not Picked,0
19,2024-02-02,Low,Not Picked,0
19,2024-02-03,Medium,Not Picked,0
19,2024-02-04,High,Not Picked,1
19,2024-02-05,High,Not Picked,3
19,2024-02-06,Low,Picked,0
19,2024-02-07,Low,Not Picked,0
19,2024-02-08,Low,Picked,0
19,2024-02-09,Low,Not Picked,0
19,2024-02-10,Low,Not Picked,0
19,2024-02-11,Medium,Not Picked,1
19,2024-02-12,Low,Not Picked,1
19,2024-02-13,Low,Not Picked,0
19,2024-02-14,High,Not Picked,1
19,2024-02-15,Medium,Picked,0
19,2024-02-16,Low,Not Picked,0
19,2024-02-17,Low,Not Picked,0
19,2024-02-18,Low,Not Picked,0
19,2024-02-19,Medium,Not Picked,0
19,2024-02-20,Medium,Not Picked,0
19,2024-02-21,Low,Not Picked,0
19,2024-02-22,Low,Not Picked,0
19,2024-02-23,Low,Not Picked,0
19,2024-02-24,Medium,Not Picked,1
19,2024-02-25,Low,Not Picked,1
19,2024-02-26,Medium,Not Picked,2
19,2024-02-27,Medium,Not Picked,2
19,2024-02-28,Low,Picked,0
19,2024-02-29,Medium,Not Picked,1
19,2024-03-01,High,Picked,0
19,2024-03-02,Medium,Not Picked,0
19,2024-03-03,Low,Not Picked,0
19,2024-03-04,Low,Not Picked,0
19,2024-03-05,Low,Not Picked,0
19,2024-03-06,Medium,Not Picked,0
19,2024-03-07,Low,Not Picked,0
19,2024-03-08,Medium,Not Picked,1
19,2024-03-09,Medium,Picked,0
19,2024-03-10,Low,Not Picked,0
19,2024-03-11,Low,Not Picked,0
19,2024-03-12,Medium,Not Picked,1
19,2024-03-13,Medium,Picked,0
19,2024-03-14,Low,Not Picked,0
19,2024-03-15,Medium,Not Picked,0
19,2024-03-16,Low,Not Picked,0
19,2024-03-17,Low,Not Picked,0
19,2024-03-18,Low,Not Picked,0
19,2024-03-19,Medium,Not Picked,0
19,2024-03-20,High,Not Picked,1
19,2024-03-21,Low,Not Picked,1
19,2024-03-22,Medium,Picked,0
19,2024-03-23,Low,Not Picked,0
19,2024-03-24,High,Not Picked,2
19,2024-03-25,Medium,Not Picked,2
19,2024-03-26,High,Not Picked,4
19,2024-03-27,Low,Picked,0
19,2024-03-28,Medium,Not Picked,1
19,2024-03-29,Low,Picked,0
19,2024-03-30,Medium,Not Picked,0
19,2024-03-31,Medium,Picked,0
19,2024-04-01,Low,Not Picked,0
19,2024-04-02,Medium,Not Picked,1
19,2024-04-03,Low,Picked,0
19,2024-04-04,Medium,Picked,0
19,2024-04-05,High,Not Picked,2
19,2024-04-06,Low,Not Picked,1
19,2024-04-07,High,Not Picked,3
19,2024-04-08,Low,Not Picked,2
19,2024-04-09,Low,Picked,0
19,2024-04-10,Medium,Not Picked,1
19,2024-04-11,Low,Picked,0
19,2024-04-12,Medium,Not Picked,1
19,2024-04-13,Low,Not Picked,0
19,2024-04-14,Medium,Not Picked,1
19,2024-04-15,High,Not Picked,3
19,2024-04-16,High,Picked,0
19,2024-04-17,Medium,Picked,0
19,2024-04-18,Low,Not Picked,0
19,2024-04-19,High,Picked,0
19,2024-04-20,Low,Not Picked,0
19,2024-04-21,Low,Not Picked,0
19,2024-04-22,Low,Not Picked,0
19,2024-04-23,High,Not Picked,2
19,2024-04-24,Low,Not Picked,1
19,2024-04-25,Medium,Not Picked,1
19,2024-04-26,Medium,Picked,0
19,2024-04-27,Low,Picked,0
19,2024-04-28,High,Not Picked,2
19,2024-04-29,Low,Not Picked,1
20,2024-01-01,High,Not Picked,1
20,2024-01-02,High,Picked,0
20,2024-01-03,Medium,Not Picked,0
20,2024-01-04,High,Not Picked,2
20,2024-01-05,Low,Picked,0
20,2024-01-06,Low,Not Picked,0
20,2024-01-07,Low,Not Picked,0
20,2024-01-08,Medium,Not Picked,0
20,2024-01-09,Medium,Picked,0
20,2024-01-10,Medium,Not Picked,0
20,2024-01-11,Low,Not Picked,0
20,2024-01-12,Medium,Not Picked,1
20,2024-01-13,Low,Not Picked,0
20,2024-01-14,Medium,Not Picked,1
20,2024-01-15,High,Not Picked,3
20,2024-01-16,Low,Picked,0
20,2024-01-17,High,Not Picked,2
20,2024-01-18,High,Not Picked,4
20,2024-01-19,Medium,Picked,0
20,2024-01-20,Medium,Picked,0
20,2024-01-21,Low,Picked,0
20,2024-01-22,High,Picked,0
20,2024-01-23,Medium,Picked,0
20,2024-01-24,Low,Not Picked,0
20,2024-01-25,Medium,Not Picked,0
20,2024-01-26,Medium,Not Picked,1
20,2024-01-27,Low,Not Picked,1
20,2024-01-28,Low,Picked,0
20,2024-01-29,High,Not Picked,2
20,2024-01-30,Low,Not Picked,2
20,2024-01-31,Medium,Picked,0
20,2024-02-01,Low,Not Picked,0
20,2024-02-02,Medium,Not Picked,1
20,2024-02-03,Medium,Not Picked,2
20,2024-02-04,Medium,Picked,0
20,2024-02-05,Medium,Not Picked,1
20,2024-02-06,High,Not Picked,2
20,2024-02-07,Medium,Picked,0
20,2024-02-08,Low,Not Picked,0
20,2024-02-09,Low,Not Picked,0
20,2024-02-10,Low,Not Picked,0
20,2024-02-11,Medium,Not Picked,1
20,2024-02-12,Low,Not Picked,0
20,2024-02-13,Medium,Not Picked,0
20,2024-02-14,Medium,Not Picked,1
20,2024-02-15,High,Picked,0
20,2024-02-16,Medium,Not Picked,0
20,2024-02-17,Low,Not Picked,0
20,2024-02-18,Low,Picked,0
20,2024-02-19,High,Picked,0
20,2024-02-20,Medium,Picked,0
20,2024-02-21,Low,Not Picked,0
20,2024-02-22,Medium,Not Picked,1
20,2024-02-23,Medium,Picked,0
20,2024-02-24,Medium,Not Picked,0
20,2024-02-25,Medium,Not Picked,0
20,2024-02-26,Low,Picked,0
20,2024-02-27,Medium,Not Picked,1
20,2024-02-28,Low,Not Picked,0
20,2024-02-29,Low,Not Picked,0
20,2024-03-01,High,Not Picked,2
20,2024-03-02,Low,Not Picked,1
20,2024-03-03,Low,Not Picked,1
20,2024-03-04,High,Not Picked,3
20,2024-03-05,High,Not Picked,4
20,2024-03-06,Low,Not Picked,4
20,2024-03-07,Low,Picked,0
20,2024-03-08,Low,Not Picked,0
20,2024-03-09,Low,Not Picked,0
20,2024-03-10,Low,Not Picked,0
20,2024-03-11,Low,Not Picked,0
20,2024-03-12,Low,Picked,0
20,2024-03-13,Medium,Not Picked,0
20,2024-03-14,Low,Not Picked,0
20,2024-03-15,Medium,Not Picked,0
20,2024-03-16,High,Not Picked,1
20,2024-03-17,High,Not Picked,3
20,2024-03-18,Low,Not Picked,2
20,2024-03-19,Medium,Not Picked,3
20,2024-03-20,Low,Picked,0
20,2024-03-21,Low,Not Picked,0
20,2024-03-22,Low,Not Picked,0
20,2024-03-23,Low,Not Picked,0
20,2024-03-24,Low,Not Picked,0
20,2024-03-25,Medium,Picked,0
20,2024-03-26,Low,Not Picked,0
20,2024-03-27,High,Not Picked,1
20,2024-03-28,Low,Not Picked,1
20,2024-03-29,Low,Picked,0
20,2024-03-30,Low,Picked,0
20,2024-03-31,Medium,Not Picked,0
20,2024-04-01,Medium,Not Picked,0
20,2024-04-02,High,Picked,0
20,2024-04-03,High,Picked,0
20,2024-04-04,Medium,Not Picked,1
20,2024-04-05,Low,Not Picked,0
20,2024-04-06,Low,Not Picked,0
20,2024-04-07,High,Not Picked,1
20,2024-04-08,Medium,Picked,0
20,2024-04-09,Medium,Not Picked,1
20,2024-04-10,Medium,Not Picked,2
20,2024-04-11,Low,Picked,0
20,2024-04-12,Medium,Not Picked,1
20,2024-04-13,Medium,Not Picked,2
20,2024-04-14,Medium,Picked,0
20,2024-04-15,Medium,Not Picked,1
20,2024-04-16,Medium,Picked,0
20,2024-04-17,Medium,Not Picked,1
20,2024-04-18,Low,Not Picked,0
20,2024-04-19,High,Not Picked,1
20,2024-04-20,Medium,Not Picked,2
20,2024-04-21,Medium,Picked,0
20,2024-04-22,Medium,Not Picked,0
20,2024-04-23,High,Not Picked,1
20,2024-04-24,Low,Not Picked,0
20,2024-04-25,Medium,Not Picked,0
20,2024-04-26,Medium,Not Picked,0
20,2024-04-27,High,Not Picked,2
20,2024-04-28,Medium,Not Picked,3
20,2024-04-29,High,Picked,0
21,2024-01-01,High,Picked,0
21,2024-01-02,High,Picked,0
21,2024-01-03,Low,Not Picked,0
21,2024-01-04,Medium,Not Picked,0
21,2024-01-05,Low,Not Picked,0
21,2024-01-06,Medium,Not Picked,0
21,2024-01-07,High,Not Picked,2
21,2024-01-08,Medium,Not Picked,2
21,2024-01-09,Low,Picked,0
21,2024-01-10,Medium,Not Picked,0
21,2024-01-11,Medium,Not Picked,0
21,2024-01-12,Low,Not Picked,0
21,2024-01-13,High,Picked,0
21,2024-01-14,High,Not Picked,1
21,2024-01-15,Medium,Picked,0
21,2024-01-16,Low,Not Picked,0
21,2024-01-17,Medium,Not Picked,1
21,2024-01-18,High,Picked,0
21,2024-01-19,High,Not Picked,2
21,2024-01-20,High,Not Picked,3
21,2024-01-21,Medium,Picked,0
21,2024-01-22,Medium,Not Picked,0
21,2024-01-23,Low,Not Picked,0
21,2024-01-24,High,Not Picked,2
21,2024-01-25,High,Picked,0
21,2024-01-26,High,Picked,0
21,2024-01-27,High,Picked,0
21,2024-01-28,Medium,Not Picked,1
21,2024-01-29,High,Picked,0
21,2024-01-30,Medium,Not Picked,0
21,2024-01-31,Medium,Not Picked,0
21,2024-02-01,Medium,Not Picked,1
21,2024-02-02,High,Picked,0
21,2024-02-03,Medium,Not Picked,0
21,2024-02-04,High,Picked,0
21,2024-02-05,Medium,Not Picked,1
21,2024-02-06,High,Picked,0
21,2024-02-07,High,Not Picked,1
21,2024-02-08,High,Picked,0
21,2024-02-09,Medium,Picked,0
21,2024-02-10,High,Not Picked,1
21,2024-02-11,Medium,Not Picked,1
21,2024-02-12,Low,Not Picked,1
21,2024-02-13,High,Not Picked,3
21,2024-02-14,Low,Picked,0
21,2024-02-15,Low,Not Picked,0
21,2024-02-16,Low,Not Picked,0
21,2024-02-17,High,Picked,0
21,2024-02-18,High,Picked,0
21,2024-02-19,Medium,Not Picked,1
21,2024-02-20,High,Picked,0
21,2024-02-21,Medium,Not Picked,0
21,2024-02-22,High,Not Picked,1
21,2024-02-23,High,Not Picked,3
21,2024-02-24,Medium,Not Picked,3
21,2024-02-25,High,Picked,0
21,2024-02-26,High,Not Picked,2
21,2024-02-27,High,Not Picked,3
21,2024-02-28,High,Picked,0
21,2024-02-29,High,Not Picked,1
21,2024-03-01,High,Picked,0
21,2024-03-02,High,Not Picked,2
21,2024-03-03,High,Picked,0
21,2024-03-04,High,Not Picked,2
21,2024-03-05,High,Not Picked,3
21,2024-03-06,High,Picked,0
21,2024-03-07,High,Not Picked,1
21,2024-03-08,High,Not Picked,3
21,2024-03-09,Medium,Picked,0
21,2024-03-10,High,Picked,0
21,2024-03-11,Medium,Not Picked,1
21,2024-03-12,Medium,Not Picked,2
21,2024-03-13,High,Picked,0
21,2024-03-14,Medium,Not Picked,1
21,2024-03-15,High,Not Picked,2
21,2024-03-16,High,Picked,0
21,2024-03-17,High,Picked,0
21,2024-03-18,High,Not Picked,2
21,2024-03-19,Low,Picked,0
21,2024-03-20,Medium,Picked,0
21,2024-03-21,High,Not Picked,2
21,2024-03-22,Medium,Not Picked,2
21,2024-03-23,High,Picked,0
21,2024-03-24,High,Picked,0
21,2024-03-25,High,Picked,0
21,2024-03-26,Medium,Not Picked,0
21,2024-03-27,High,Not Picked,1
21,2024-03-28,High,Picked,0
21,2024-03-29,Low,Not Picked,0
21,2024-03-30,High,Picked,0
21,2024-03-31,High,Picked,0
21,2024-04-01,High,Picked,0
21,2024-04-02,High,Not Picked,1
21,2024-04-03,High,Picked,0
21,2024-04-04,High,Not Picked,1
21,2024-04-05,High,Picked,0
21,2024-04-06,Medium,Not Picked,1
21,2024-04-07,High,Picked,0
21,2024-04-08,Medium,Not Picked,0
21,2024-04-09,High,Not Picked,2
21,2024-04-10,High,Not Picked,3
21,2024-04-11,Medium,Not Picked,4
21,2024-04-12,Medium,Picked,0
21,2024-04-13,Medium,Not Picked,1
21,2024-04-14,Medium,Not Picked,2
21,2024-04-15,High,Not Picked,3
21,2024-04-16,High,Picked,0
21,2024-04-17,High,Picked,0
21,2024-04-18,High,Not Picked,2
21,2024-04-19,Low,Picked,0
21,2024-04-20,High,Not Picked,2
21,2024-04-21,High,Picked,0
21,2024-04-22,High,Not Picked,2
21,2024-04-23,Low,Picked,0
21,2024-04-24,High,Picked,0
21,2024-04-25,Medium,Not Picked,1
21,2024-04-26,Low,Picked,0
21,2024-04-27,High,Picked,0
21,2024-04-28,Low,Not Picked,0
21,2024-04-29,High,Picked,0
22,2024-01-01,Medium,Not Picked,1
22,2024-01-02,High,Not Picked,3
22,2024-01-03,Low,Not Picked,2
22,2024-01-04,Low,Not Picked,1
22,2024-01-05,Low,Not Picked,1
22,2024-01-06,Low,Not Picked,1
22,2024-01-07,Low,Not Picked,1
22,2024-01-08,Medium,Not Picked,1
22,2024-01-09,Low,Picked,0
22,2024-01-10,Low,Not Picked,0
22,2024-01-11,Low,Not Picked,0
22,2024-01-12,Low,Not Picked,0
22,2024-01-13,Medium,Not Picked,1
22,2024-01-14,High,Not Picked,3
22,2024-01-15,Low,Not Picked,2
22,2024-01-16,Medium,Picked,0
22,2024-01-17,Low,Not Picked,0
22,2024-01-18,Low,Not Picked,0
22,2024-01-19,Medium,Not Picked,0
22,2024-01-20,Low,Not Picked,0
22,2024-01-21,Medium,Picked,0
22,2024-01-22,Medium,Not Picked,0
22,2024-01-23,Medium,Picked,0
22,2024-01-24,Medium,Not Picked,1
22,2024-01-25,Low,Not Picked,0
22,2024-01-26,Medium,Not Picked,1
22,2024-01-27,Medium,Not Picked,1
22,2024-01-28,Medium,Not Picked,2
22,2024-01-29,Medium,Picked,0
22,2024-01-30,High,Not Picked,1
22,2024-01-31,Low,Not Picked,0
22,2024-02-01,Low,Picked,0
22,2024-02-02,Medium,Not Picked,0
22,2024-02-03,Low,Not Picked,0
22,2024-02-04,Low,Not Picked,0
22,2024-02-05,Low,Not Picked,0
22,2024-02-06,Low,Not Picked,0
22,2024-02-07,Low,Picked,0
22,2024-02-08,Medium,Not Picked,0
22,2024-02-09,Low,Picked,0
22,2024-02-10,Low,Not Picked,0
22,2024-02-11,Low,Not Picked,0
22,2024-02-12,Low,Not Picked,0
22,2024-02-13,Medium,Not Picked,0
22,2024-02-14,Low,Not Picked,0
22,2024-02-15,Low,Not Picked,0
22,2024-02-16,Low,Not Picked,0
22,2024-02-17,Low,Not Picked,0
22,2024-02-18,Medium,Not Picked,0
22,2024-02-19,Low,Not Picked,0
22,2024-02-20,High,Not Picked,2
22,2024-02-21,Medium,Picked,0
22,2024-02-22,Medium,Not Picked,0
22,2024-02-23,Low,Not Picked,0
22,2024-02-24,High,Picked,0
22,2024-02-25,Medium,Picked,0
22,2024-02-26,High,Not Picked,2
22,2024-02-27,Low,Not Picked,2
22,2024-02-28,Low,Picked,0
22,2024-02-29,High,Not Picked,1
22,2024-03-01,Low,Picked,0
22,2024-03-02,Low,Not Picked,0
22,2024-03-03,Low,Not Picked,0
22,2024-03-04,Medium,Not Picked,0
22,2024-03-05,High,Picked,0
22,2024-03-06,Medium,Not Picked,0
22,2024-03-07,Low,Not Picked,0
22,2024-03-08,Medium,Not Picked,1
22,2024-03-09,Low,Not Picked,1
22,2024-03-10,Low,Not Picked,0
22,2024-03-11,Low,Picked,0
22,2024-03-12,Low,Picked,0
22,2024-03-13,Low,Not Picked,0
22,2024-03-14,Medium,Not Picked,1
22,2024-03-15,Medium,Picked,0
22,2024-03-16,Medium,Not Picked,0
22,2024-03-17,Medium,Not Picked,1
22,2024-03-18,Low,Not Picked,0
22,2024-03-19,Medium,Not Picked,1
22,2024-03-20,Medium,Picked,0
22,2024-03-21,Low,Not Picked,0
22,2024-03-22,Low,Not Picked,0
22,2024-03-23,Low,Not Picked,0
22,2024-03-24,Low,Picked,0
22,2024-03-25,Low,Not Picked,0
22,2024-03-26,Low,Not Picked,0
22,2024-03-27,Medium,Not Picked,0
22,2024-03-28,Low,Not Picked,0
22,2024-03-29,Low,Not Picked,0
22,2024-03-30,Low,Not Picked,0
22,2024-03-31,Medium,Picked,0
22,2024-04-01,Medium,Picked,0
22,2024-04-02,Medium,Not Picked,0
22,2024-04-03,Low,Picked,0
22,2024-04-04,Medium,Not Picked,0
22,2024-04-05,Low,Not Picked,0
22,2024-04-06,Low,Not Picked,0
22,2024-04-07,Low,Not Picked,0
22,2024-04-08,Low,Not Picked,0
22,2024-04-09,Low,Not Picked,0
22,2024-04-10,Medium,Not Picked,0
22,2024-04-11,Low,Not Picked,0
22,2024-04-12,Low,Not Picked,0
22,2024-04-13,Medium,Not Picked,1
22,2024-04-14,Medium,Not Picked,1
22,2024-04-15,Medium,Not Picked,2
22,2024-04-16,Medium,Picked,0
22,2024-04-17,Medium,Not Picked,0
22,2024-04-18,Medium,Not Picked,0
22,2024-04-19,Medium,Not Picked,0
22,2024-04-20,Medium,Picked,0
22,2024-04-21,Low,Not Picked,0
22,2024-04-22,Low,Not Picked,0
22,2024-04-23,Low,Not Picked,0
22,2024-04-24,Medium,Not Picked,0
22,2024-04-25,Low,Not Picked,0
22,2024-04-26,Medium,Picked,0
22,2024-04-27,Medium,Not Picked,1
22,2024-04-28,Low,Not Picked,0
22,2024-04-29,Low,Not Picked,0
23,2024-01-01,High,Not Picked,2
23,2024-01-02,Medium,Not Picked,3
23,2024-01-03,Low,Picked,0
23,2024-01-04,Medium,Not Picked,1
23,2024-01-05,Low,Not Picked,0
23,2024-01-06,Low,Picked,0
23,2024-01-07,Low,Not Picked,0
23,2024-01-08,Low,Not Picked,0
23,2024-01-09,Medium,Not Picked,0
23,2024-01-10,High,Not Picked,2
23,2024-01-11,High,Picked,0
23,2024-01-12,Low,Not Picked,0
23,2024-01-13,Low,Not Picked,0
23,2024-01-14,Medium,Not Picked,0
23,2024-01-15,Medium,Picked,0
23,2024-01-16,Medium,Not Picked,1
23,2024-01-17,Medium,Not Picked,1
23,2024-01-18,Medium,Not Picked,2
23,2024-01-19,Medium,Picked,0
23,2024-01-20,Medium,Not Picked,0
23,2024-01-21,Medium,Not Picked,0
23,2024-01-22,Low,Not Picked,0
23,2024-01-23,Medium,Picked,0
23,2024-01-24,Low,Not Picked,0
23,2024-01-25,Low,Not Picked,0
23,2024-01-26,Medium,Picked,0
23,2024-01-27,Low,Not Picked,0
23,2024-01-28,Medium,Picked,0
23,2024-01-29,High,Not Picked,2
23,2024-01-30,Low,Not Picked,2
23,2024-01-31,Low,Not Picked,1
23,2024-02-01,Medium,Picked,0
23,2024-02-02,Low,Not Picked,0
23,2024-02-03,Medium,Not Picked,1
23,2024-02-04,Medium,Not Picked,2
23,2024-02-05,Low,Not Picked,1
23,2024-02-06,Medium,Not Picked,2
23,2024-02-07,Low,Picked,0
23,2024-02-08,Low,Not Picked,0
23,2024-02-09,Low,Not Picked,0
23,2024-02-10,Medium,Picked,0
23,2024-02-11,Medium,Picked,0
23,2024-02-12,Low,Not Picked,0
23,2024-02-13,Medium,Picked,0
23,2024-02-14,Medium,Not Picked,1
23,2024-02-15,Medium,Picked,0
23,2024-02-16,Medium,Not Picked,1
23,2024-02-17,Low,Not Picked,0
23,2024-02-18,Medium,Not Picked,0
23,2024-02-19,Low,Not Picked,0
23,2024-02-20,Medium,Not Picked,1
23,2024-02-21,High,Picked,0
23,2024-02-22,Medium,Not Picked,0
23,2024-02-23,Low,Not Picked,0
23,2024-02-24,Medium,Not Picked,0
23,2024-02-25,Low,Not Picked,0
23,2024-02-26,Low,Not Picked,0
23,2024-02-27,Low,Not Picked,0
23,2024-02-28,Low,Not Picked,0
23,2024-02-29,Medium,Picked,0
23,2024-03-01,Low,Not Picked,0
23,2024-03-02,Low,Not Picked,0
23,2024-03-03,Medium,Not Picked,1
23,2024-03-04,Low,Not Picked,1
23,2024-03-05,High,Picked,0
23,2024-03-06,Medium,Picked,0
23,2024-03-07,Low,Picked,0
23,2024-03-08,Medium,Not Picked,1
23,2024-03-09,Low,Picked,0
23,2024-03-10,Medium,Not Picked,1
23,2024-03-11,Medium,Not Picked,2
23,2024-03-12,Medium,Picked,0
23,2024-03-13,Medium,Not Picked,0
23,2024-03-14,Medium,Not Picked,0
23,2024-03-15,High,Not Picked,1
23,2024-03-16,Low,Picked,0
23,2024-03-17,Low,Not Picked,0
23,2024-03-18,Low,Not Picked,0
23,2024-03-19,Low,Not Picked,0
23,2024-03-20,Low,Not Picked,0
23,2024-03-21,Low,Not Picked,0
23,2024-03-22,Low,Not Picked,0
23,2024-03-23,Low,Not Picked,0
23,2024-03-24,High,Not Picked,2
23,2024-03-25,Low,Not Picked,1
23,2024-03-26,Low,Not Picked,1
23,2024-03-27,Medium,Picked,0
23,2024-03-28,Medium,Not Picked,0
23,2024-03-29,Medium,Not Picked,0
23,2024-03-30,Medium,Not Picked,1
23,2024-03-31,Medium,Not Picked,1
23,2024-04-01,Low,Not Picked,1
23,2024-04-02,Medium,Not Picked,1
23,2024-04-03,Medium,Not Picked,1
23,2024-04-04,Low,Not Picked,0
23,2024-04-05,Low,Not Picked,0
23,2024-04-06,Low,Not Picked,0
23,2024-04-07,Low,Picked,0
23,2024-04-08,Low,Not Picked,0
23,2024-04-09,Medium,Not Picked,1
23,2024-04-10,Medium,Picked,0
23,2024-04-11,Low,Not Picked,0
23,2024-04-12,Medium,Not Picked,1
23,2024-04-13,Low,Not Picked,0
23,2024-04-14,Medium,Not Picked,0
23,2024-04-15,Low,Picked,0
23,2024-04-16,High,Not Picked,1
23,2024-04-17,High,Picked,0
23,2024-04-18,Medium,Picked,0
23,2024-04-19,Low,Not Picked,0
23,2024-04-20,Medium,Not Picked,0
23,2024-04-21,Low,Picked,0
23,2024-04-22,Low,Picked,0
23,2024-04-23,Medium,Not Picked,1
23,2024-04-24,High,Not Picked,2
23,2024-04-25,Medium,Picked,0
23,2024-04-26,Medium,Not Picked,0
23,2024-04-27,Medium,Not Picked,1
23,2024-04-28,High,Picked,0
23,2024-04-29,Low,Picked,0
24,2024-01-01,Low,Not Picked,0
24,2024-01-02,Low,Not Picked,0
24,2024-01-03,Low,Not Picked,0
24,2024-01-04,Medium,Not Picked,0
24,2024-01-05,Low,Picked,0
24,2024-01-06,Low,Picked,0
24,2024-01-07,Medium,Not Picked,1
24,2024-01-08,Low,Picked,0
24,2024-01-09,Low,Not Picked,0
24,2024-01-10,High,Not Picked,2
24,2024-01-11,Low,Picked,0
24,2024-01-12,High,Picked,0
24,2024-01-13,Low,Picked,0
24,2024-01-14,Low,Not Picked,0
24,2024-01-15,Medium,Not Picked,0
24,2024-01-16,Medium,Not Picked,1
24,2024-01-17,Low,Not Picked,1
24,2024-01-18,Low,Not Picked,0
24,2024-01-19,Low,Not Picked,0
24,2024-01-20,High,Picked,0
24,2024-01-21,Medium,Not Picked,1
24,2024-01-22,High,Picked,0
24,2024-01-23,Low,Not Picked,0
24,2024-01-24,Medium,Not Picked,0
24,2024-01-25,Low,Not Picked,0
24,2024-01-26,Medium,Not Picked,1
24,2024-01-27,Medium,Not Picked,2
24,2024-01-28,Medium,Picked,0
24,2024-01-29,Low,Not Picked,0
24,2024-01-30,Low,Not Picked,0
24,2024-01-31,Medium,Picked,0
24,2024-02-01,Low,Not Picked,0
24,2024-02-02,Low,Not Picked,0
24,2024-02-03,High,Not Picked,2
24,2024-02-04,Medium,Picked,0
24,2024-02-05,Medium,Not Picked,1
24,2024-02-06,Low,Not Picked,0
24,2024-02-07,High,Not Picked,1
24,2024-02-08,Medium,Not Picked,1
24,2024-02-09,Low,Not Picked,0
24,2024-02-10,Low,Not Picked,0
24,2024-02-11,Medium,Not Picked,1
24,2024-02-12,Medium,Not Picked,2
24,2024-02-13,Low,Not Picked,1
24,2024-02-14,Medium,Picked,0
24,2024-02-15,Medium,Not Picked,1
24,2024-02-16,Low,Not Picked,1
24,2024-02-17,Medium,Not Picked,1
24,2024-02-18,High,Picked,0
24,2024-02-19,Medium,Picked,0
24,2024-02-20,High,Not Picked,1
24,2024-02-21,Low,Not Picked,1
24,2024-02-22,Low,Not Picked,1
24,2024-02-23,Medium,Not Picked,2
24,2024-02-24,Low,Not Picked,1
24,2024-02-25,Medium,Not Picked,2
24,2024-02-26,Low,Not Picked,1
24,2024-02-27,Medium,Not Picked,2
24,2024-02-28,Low,Not Picked,2
24,2024-02-29,Medium,Not Picked,2
24,2024-03-01,Low,Picked,0
24,2024-03-02,Low,Picked,0
24,2024-03-03,Medium,Picked,0
24,2024-03-04,Medium,Picked,0
24,2024-03-05,Medium,Not Picked,0
24,2024-03-06,Low,Picked,0
24,2024-03-07,Medium,Not Picked,1
24,2024-03-08,Medium,Not Picked,2
24,2024-03-09,Low,Not Picked,2
24,2024-03-10,Low,Not Picked,1
24,2024-03-11,Low,Not Picked,1
24,2024-03-12,High,Not Picked,2
24,2024-03-13,Low,Not Picked,1
24,2024-03-14,Low,Not Picked,0
24,2024-03-15,Medium,Picked,0
24,2024-03-16,High,Picked,0
24,2024-03-17,Low,Not Picked,0
24,2024-03-18,Low,Picked,0
24,2024-03-19,Low,Not Picked,0
24,2024-03-20,Low,Not Picked,0
24,2024-03-21,Low,Not Picked,0
24,2024-03-22,Low,Not Picked,0
24,2024-03-23,Medium,Picked,0
24,2024-03-24,Medium,Picked,0
24,2024-03-25,Low,Not Picked,0
24,2024-03-26,High,Picked,0
24,2024-03-27,Medium,Not Picked,1
24,2024-03-28,Medium,Not Picked,1
24,2024-03-29,Medium,Picked,0
24,2024-03-30,Low,Not Picked,0
24,2024-03-31,Medium,Not Picked,1
24,2024-04-01,High,Picked,0
24,2024-04-02,Low,Not Picked,0
24,2024-04-03,Low,Not Picked,0
24,2024-04-04,Low,Not Picked,0
24,2024-04-05,Medium,Not Picked,0
24,2024-04-06,Low,Not Picked,0
24,2024-04-07,High,Picked,0
24,2024-04-08,Medium,Not Picked,0
24,2024-04-09,Medium,Not Picked,0
24,2024-04-10,Low,Not Picked,0
24,2024-04-11,Low,Not Picked,0
24,2024-04-12,Low,Not Picked,0
24,2024-04-13,Medium,Not Picked,0
24,2024-04-14,Medium,Not Picked,1
24,2024-04-15,Low,Not Picked,1
24,2024-04-16,High,Picked,0
24,2024-04-17,Medium,Not Picked,0
24,2024-04-18,High,Not Picked,2
24,2024-04-19,Low,Not Picked,1
24,2024-04-20,Low,Not Picked,0
24,2024-04-21,High,Not Picked,1
24,2024-04-22,High,Not Picked,2
24,2024-04-23,Medium,Not Picked,3
24,2024-04-24,High,Not Picked,5
24,2024-04-25,Low,Picked,0
24,2024-04-26,Medium,Not Picked,0
24,2024-04-27,Low,Not Picked,0
24,2024-04-28,Low,Not Picked,0
24,2024-04-29,High,Not Picked,1
25,2024-01-01,Low,Not Picked,0
25,2024-01-02,Low,Picked,0
25,2024-01-03,Medium,Not Picked,0
25,2024-01-04,Low,Not Picked,0
25,2024-01-05,Low,Not Picked,0
25,2024-01-06,Low,Not Picked,0
25,2024-01-07,Low,Not Picked,0
25,2024-01-08,Low,Picked,0
25,2024-01-09,Low,Not Picked,0
25,2024-01-10,Low,Not Picked,0
25,2024-01-11,Low,Not Picked,0
25,2024-01-12,Low,Not Picked,0
25,2024-01-13,Medium,Not Picked,0
25,2024-01-14,Low,Not Picked,0
25,2024-01-15,Medium,Not Picked,0
25,2024-01-16,Medium,Not Picked,1
25,2024-01-17,Low,Picked,0
25,2024-01-18,Medium,Not Picked,0
25,2024-01-19,Medium,Not Picked,1
25,2024-01-20,Low,Not Picked,0
25,2024-01-21,Low,Not Picked,0
25,2024-01-22,Medium,Picked,0
25,2024-01-23,Low,Not Picked,0
25,2024-01-24,Low,Not Picked,0
25,2024-01-25,Low,Not Picked,0
25,2024-01-26,Low,Not Picked,0
25,2024-01-27,Low,Picked,0
25,2024-01-28,Low,Not Picked,0
25,2024-01-29,Low,Not Picked,0
25,2024-01-30,Medium,Not Picked,0
25,2024-01-31,High,Not Picked,2
25,2024-02-01,Low,Not Picked,2
25,2024-02-02,Low,Not Picked,2
25,2024-02-03,Low,Not Picked,2
25,2024-02-04,Medium,Picked,0
25,2024-02-05,Medium,Picked,0
25,2024-02-06,Low,Not Picked,0
25,2024-02-07,Low,Not Picked,0
25,2024-02-08,Medium,Not Picked,0
25,2024-02-09,Medium,Not Picked,0
25,2024-02-10,Low,Picked,0
25,2024-02-11,Low,Not Picked,0
25,2024-02-12,Low,Not Picked,0
25,2024-02-13,High,Picked,0
25,2024-02-14,Low,Not Picked,0
25,2024-02-15,Medium,Not Picked,0
25,2024-02-16,Low,Not Picked,0
25,2024-02-17,Low,Not Picked,0
25,2024-02-18,High,Not Picked,2
25,2024-02-19,Medium,Not Picked,2
25,2024-02-20,Low,Not Picked,2
25,2024-02-21,Medium,Picked,0
25,2024-02-22,Low,Not Picked,0
25,2024-02-23,Low,Not Picked,0
25,2024-02-24,Low,Picked,0
25,2024-02-25,Low,Not Picked,0
25,2024-02-26,Low,Picked,0
25,2024-02-27,Medium,Not Picked,0
25,2024-02-28,Medium,Not Picked,0
25,2024-02-29,High,Not Picked,1
25,2024-03-01,Low,Picked,0
25,2024-03-02,Low,Not Picked,0
25,2024-03-03,Low,Not Picked,0
25,2024-03-04,Medium,Picked,0
25,2024-03-05,Medium,Picked,0
25,2024-03-06,Low,Not Picked,0
25,2024-03-07,Low,Not Picked,0
25,2024-03-08,High,Not Picked,2
25,2024-03-09,High,Picked,0
25,2024-03-10,Low,Not Picked,0
25,2024-03-11,Medium,Not Picked,0
25,2024-03-12,Medium,Not Picked,0
25,2024-03-13,Medium,Picked,0
25,2024-03-14,Low,Not Picked,0
25,2024-03-15,Low,Not Picked,0
25,2024-03-16,Medium,Picked,0
25,2024-03-17,Medium,Not Picked,0
25,2024-03-18,Medium,Not Picked,1
25,2024-03-19,Medium,Not Picked,2
25,2024-03-20,Low,Not Picked,2
25,2024-03-21,Low,Picked,0
25,2024-03-22,High,Not Picked,2
25,2024-03-23,Medium,Picked,0
25,2024-03-24,Medium,Picked,0
25,2024-03-25,Low,Not Picked,0
25,2024-03-26,Medium,Not Picked,0
25,2024-03-27,Medium,Not Picked,1
25,2024-03-28,Low,Not Picked,1
25,2024-03-29,Low,Not Picked,0
25,2024-03-30,High,Not Picked,2
25,2024-03-31,Low,Picked,0
25,2024-04-01,Medium,Not Picked,1
25,2024-04-02,Medium,Picked,0
25,2024-04-03,Low,Not Picked,0
25,2024-04-04,Medium,Not Picked,1
25,2024-04-05,Low,Not Picked,1
25,2024-04-06,High,Picked,0
25,2024-04-07,Medium,Not Picked,1
25,2024-04-08,Low,Not Picked,0
25,2024-04-09,Low,Not Picked,0
25,2024-04-10,Low,Not Picked,0
25,2024-04-11,Medium,Not Picked,1
25,2024-04-12,Low,Not Picked,0
25,2024-04-13,High,Not Picked,2
25,2024-04-14,Medium,Picked,0
25,2024-04-15,High,Not Picked,2
25,2024-04-16,Medium,Picked,0
25,2024-04-17,Low,Not Picked,0
25,2024-04-18,Medium,Not Picked,1
25,2024-04-19,Low,Picked,0
25,2024-04-20,Low,Not Picked,0
25,2024-04-21,Medium,Not Picked,0
25,2024-04-22,Low,Not Picked,0
25,2024-04-23,Medium,Not Picked,1
25,2024-04-24,High,Picked,0
25,2024-04-25,High,Not Picked,2
25,2024-04-26,Medium,Not Picked,2
25,2024-04-27,Low,Not Picked,2
25,2024-04-28,Medium,Not Picked,3
25,2024-04-29,High,Picked,0
26,2024-01-01,Low,Not Picked,0
26,2024-01-02,High,Not Picked,1
26,2024-01-03,High,Picked,0
26,2024-01-04,Medium,Not Picked,0
26,2024-01-05,High,Not Picked,1
26,2024-01-06,Medium,Not Picked,2
26,2024-01-07,High,Picked,0
26,2024-01-08,Low,Not Picked,0
26,2024-01-09,High,Not Picked,2
26,2024-01-10,Low,Picked,0
26,2024-01-11,High,Picked,0
26,2024-01-12,High,Picked,0
26,2024-01-13,Medium,Not Picked,0
26,2024-01-14,Medium,Not Picked,1
26,2024-01-15,High,Not Picked,3
26,2024-01-16,High,Picked,0
26,2024-01-17,Medium,Not Picked,1
26,2024-01-18,High,Picked,0
26,2024-01-19,High,Picked,0
26,2024-01-20,High,Not Picked,1
26,2024-01-21,High,Not Picked,3
26,2024-01-22,High,Picked,0
26,2024-01-23,High,Not Picked,2
26,2024-01-24,Medium,Picked,0
26,2024-01-25,Medium,Not Picked,1
26,2024-01-26,Medium,Picked,0
26,2024-01-27,Medium,Not Picked,1
26,2024-01-28,High,Not Picked,2
26,2024-01-29,High,Picked,0
26,2024-01-30,Medium,Not Picked,1
26,2024-01-31,Low,Not Picked,0
26,2024-02-01,High,Picked,0
26,2024-02-02,Medium,Not Picked,0
26,2024-02-03,Low,Not Picked,0
26,2024-02-04,Medium,Not Picked,1
26,2024-02-05,High,Picked,0
26,2024-02-06,High,Not Picked,1
26,2024-02-07,Medium,Not Picked,2
26,2024-02-08,Low,Picked,0
26,2024-02-09,High,Picked,0
26,2024-02-10,Medium,Picked,0
26,2024-02-11,Medium,Not Picked,1
26,2024-02-12,Medium,Not Picked,2
26,2024-02-13,Medium,Picked,0
26,2024-02-14,Medium,Not Picked,1
26,2024-02-15,Low,Picked,0
26,2024-02-16,High,Not Picked,2
26,2024-02-17,Low,Not Picked,2
26,2024-02-18,Medium,Not Picked,3
26,2024-02-19,Low,Not Picked,3
26,2024-02-20,Medium,Picked,0
26,2024-02-21,Medium,Not Picked,1
26,2024-02-22,High,Picked,0
26,2024-02-23,Medium,Not Picked,1
26,2024-02-24,High,Not Picked,2
26,2024-02-25,Medium,Picked,0
26,2024-02-26,Medium,Not Picked,1
26,2024-02-27,Low,Picked,0
26,2024-02-28,High,Not Picked,1
26,2024-02-29,Low,Picked,0
26,2024-03-01,Medium,Not Picked,0
26,2024-03-02,High,Picked,0
26,2024-03-03,Medium,Not Picked,1
26,2024-03-04,Medium,Picked,0
26,2024-03-05,High,Not Picked,1
26,2024-03-06,Medium,Not Picked,2
26,2024-03-07,High,Picked,0
26,2024-03-08,Medium,Picked,0
26,2024-03-09,High,Picked,0
26,2024-03-10,Medium,Not Picked,0
26,2024-03-11,High,Picked,0
26,2024-03-12,Medium,Not Picked,1
26,2024-03-13,High,Not Picked,3
26,2024-03-14,Medium,Picked,0
26,2024-03-15,High,Picked,0
26,2024-03-16,High,Picked,0
26,2024-03-17,High,Picked,0
26,2024-03-18,Low,Not Picked,0
26,2024-03-19,Medium,Picked,0
26,2024-03-20,High,Not Picked,2
26,2024-03-21,High,Picked,0
26,2024-03-22,Medium,Not Picked,0
26,2024-03-23,Medium,Picked,0
26,2024-03-24,High,Not Picked,2
26,2024-03-25,High,Picked,0
26,2024-03-26,Medium,Not Picked,0
26,2024-03-27,Medium,Not Picked,0
26,2024-03-28,Low,Not Picked,0
26,2024-03-29,Low,Not Picked,0
26,2024-03-30,Low,Not Picked,0
26,2024-03-31,Medium,Not Picked,0
26,2024-04-01,Medium,Picked,0
26,2024-04-02,High,Not Picked,2
26,2024-04-03,High,Picked,0
26,2024-04-04,High,Not Picked,1
26,2024-04-05,High,Picked,0
26,2024-04-06,High,Picked,0
26,2024-04-07,High,Not Picked,1
26,2024-04-08,Medium,Not Picked,1
26,2024-04-09,Low,Not Picked,1
26,2024-04-10,High,Not Picked,3
26,2024-04-11,High,Picked,0
26,2024-04-12,High,Picked,0
26,2024-04-13,Medium,Picked,0
26,2024-04-14,Medium,Not Picked,0
26,2024-04-15,Medium,Not Picked,1
26,2024-04-16,High,Not Picked,2
26,2024-04-17,High,Picked,0
26,2024-04-18,High,Not Picked,2
26,2024-04-19,Medium,Not Picked,2
26,2024-04-20,Low,Picked,0
26,2024-04-21,High,Picked,0
26,2024-04-22,High,Picked,0
26,2024-04-23,Low,Not Picked,0
26,2024-04-24,High,Not Picked,2
26,2024-04-25,Medium,Picked,0
26,2024-04-26,High,Picked,0
26,2024-04-27,High,Not Picked,1
26,2024-04-28,Medium,Picked,0
26,2024-04-29,High,Not Picked,1
27,2024-01-01,Low,Not Picked,0
27,2024-01-02,Medium,Not Picked,0
27,2024-01-03,High,Picked,0
27,2024-01-04,Low,Not Picked,0
27,2024-01-05,Low,Not Picked,0
27,2024-01-06,High,Picked,0
27,2024-01-07,High,Picked,0
27,2024-01-08,Medium,Not Picked,0
27,2024-01-09,Low,Not Picked,0
27,2024-01-10,Low,Not Picked,0
27,2024-01-11,High,Picked,0
27,2024-01-12,Low,Not Picked,0
27,2024-01-13,Low,Not Picked,0
27,2024-01-14,Low,Picked,0
27,2024-01-15,Medium,Picked,0
27,2024-01-16,Medium,Not Picked,1
27,2024-01-17,Low,Not Picked,0
27,2024-01-18,Low,Not Picked,0
27,2024-01-19,High,Not Picked,2
27,2024-01-20,Medium,Picked,0
27,2024-01-21,Low,Not Picked,0
27,2024-01-22,Low,Picked,0
27,2024-01-23,Low,Not Picked,0
27,2024-01-24,Medium,Not Picked,1
27,2024-01-25,Low,Picked,0
27,2024-01-26,Low,Not Picked,0
27,2024-01-27,High,Not Picked,2
27,2024-01-28,Low,Picked,0
27,2024-01-29,Medium,Not Picked,1
27,2024-01-30,Low,Not Picked,0
27,2024-01-31,Low,Picked,0
27,2024-02-01,Low,Picked,0
27,2024-02-02,Low,Not Picked,0
27,2024-02-03,Low,Not Picked,0
27,2024-02-04,Medium,Not Picked,1
27,2024-02-05,Low,Not Picked,0
27,2024-02-06,Low,Not Picked,0
27,2024-02-07,Medium,Not Picked,0
27,2024-02-08,Low,Not Picked,0
27,2024-02-09,Medium,Not Picked,0
27,2024-02-10,Medium,Not Picked,0
27,2024-02-11,High,Not Picked,2
27,2024-02-12,Low,Not Picked,2
27,2024-02-13,Low,Not Picked,1
27,2024-02-14,High,Picked,0
27,2024-02-15,High,Not Picked,2
27,2024-02-16,Low,Not Picked,1
27,2024-02-17,Medium,Not Picked,2
27,2024-02-18,Medium,Not Picked,2
27,2024-02-19,Medium,Picked,0
27,2024-02-20,Medium,Not Picked,0
27,2024-02-21,Low,Picked,0
27,2024-02-22,Medium,Not Picked,0
27,2024-02-23,High,Not Picked,1
27,2024-02-24,High,Picked,0
27,2024-02-25,Low,Not Picked,0
27,2024-02-26,Low,Not Picked,0
27,2024-02-27,Low,Not Picked,0
27,2024-02-28,Medium,Not Picked,0
27,2024-02-29,High,Not Picked,2
27,2024-03-01,High,Not Picked,4
27,2024-03-02,Medium,Not Picked,4
27,2024-03-03,Medium,Picked,0
27,2024-03-04,Low,Not Picked,0
27,2024-03-05,Low,Not Picked,0
27,2024-03-06,Medium,Not Picked,1
27,2024-03-07,Low,Not Picked,1
27,2024-03-08,Low,Not Picked,0
27,2024-03-09,Medium,Not Picked,1
27,2024-03-10,Low,Not Picked,0
27,2024-03-11,Medium,Not Picked,1
27,2024-03-12,High,Picked,0
27,2024-03-13,Medium,Not Picked,0
27,2024-03-14,High,Picked,0
27,2024-03-15,Medium,Not Picked,1
27,2024-03-16,Low,Picked,0
27,2024-03-17,Low,Not Picked,0
27,2024-03-18,Medium,Picked,0
27,2024-03-19,Medium,Not Picked,0
27,2024-03-20,Medium,Not Picked,0
27,2024-03-21,Low,Not Picked,0
27,2024-03-22,Medium,Not Picked,1
27,2024-03-23,Medium,Not Picked,2
27,2024-03-24,Low,Picked,0
27,2024-03-25,High,Picked,0
27,2024-03-26,Medium,Not Picked,0
27,2024-03-27,Low,Not Picked,0
27,2024-03-28,Low,Not Picked,0
27,2024-03-29,High,Not Picked,2
27,2024-03-30,Medium,Picked,0
27,2024-03-31,Low,Not Picked,0
27,2024-04-01,High,Picked,0
27,2024-04-02,High,Picked,0
27,2024-04-03,High,Not Picked,1
27,2024-04-04,Low,Not Picked,1
27,2024-04-05,Low,Not Picked,1
27,2024-04-06,Low,Picked,0
27,2024-04-07,Medium,Picked,0
27,2024-04-08,Low,Not Picked,0
27,2024-04-09,Medium,Not Picked,0
27,2024-04-10,Medium,Not Picked,1
27,2024-04-11,Medium,Picked,0
27,2024-04-12,Medium,Not Picked,0
27,2024-04-13,Low,Picked,0
27,2024-04-14,High,Picked,0
27,2024-04-15,High,Not Picked,1
27,2024-04-16,Medium,Not Picked,2
27,2024-04-17,Low,Picked,0
27,2024-04-18,Low,Not Picked,0
27,2024-04-19,Low,Not Picked,0
27,2024-04-20,Low,Picked,0
27,2024-04-21,Medium,Not Picked,0
27,2024-04-22,High,Not Picked,1
27,2024-04-23,Low,Not Picked,0
27,2024-04-24,Medium,Picked,0
27,2024-04-25,Medium,Not Picked,1
27,2024-04-26,Medium,Not Picked,1
27,2024-04-27,Low,Not Picked,0
27,2024-04-28,High,Not Picked,2
27,2024-04-29,Low,Not Picked,1
28,2024-01-01,Low,Not Picked,0
28,2024-01-02,Low,Not Picked,0
28,2024-01-03,Medium,Not Picked,1
28,2024-01-04,High,Not Picked,3
28,2024-01-05,Medium,Picked,0
28,2024-01-06,Medium,Not Picked,0
28,2024-01-07,Medium,Not Picked,1
28,2024-01-08,Low,Not Picked,0
28,2024-01-09,Low,Picked,0
28,2024-01-10,Low,Not Picked,0
28,2024-01-11,Low,Picked,0
28,2024-01-12,Low,Not Picked,0
28,2024-01-13,Medium,Not Picked,0
28,2024-01-14,High,Picked,0
28,2024-01-15,Medium,Not Picked,1
28,2024-01-16,Low,Not Picked,0
28,2024-01-17,Medium,Not Picked,0
28,2024-01-18,Medium,Picked,0
28,2024-01-19,High,Picked,0
28,2024-01-20,Medium,Picked,0
28,2024-01-21,Low,Not Picked,0
28,2024-01-22,Low,Not Picked,0
28,2024-01-23,Medium,Not Picked,1
28,2024-01-24,Medium,Picked,0
28,2024-01-25,Medium,Not Picked,0
28,2024-01-26,High,Not Picked,2
28,2024-01-27,Medium,Picked,0
28,2024-01-28,Medium,Not Picked,1
28,2024-01-29,Low,Picked,0
28,2024-01-30,Low,Not Picked,0
28,2024-01-31,Medium,Not Picked,1
28,2024-02-01,Low,Not Picked,0
28,2024-02-02,Medium,Not Picked,0
28,2024-02-03,Medium,Not Picked,0
28,2024-02-04,Medium,Picked,0
28,2024-02-05,Low,Picked,0
28,2024-02-06,Low,Not Picked,0
28,2024-02-07,Low,Not Picked,0
28,2024-02-08,High,Not Picked,1
28,2024-02-09,Low,Picked,0
28,2024-02-10,Medium,Not Picked,0
28,2024-02-11,Medium,Not Picked,0
28,2024-02-12,Medium,Not Picked,1
28,2024-02-13,Medium,Not Picked,1
28,2024-02-14,High,Picked,0
28,2024-02-15,High,Not Picked,1
28,2024-02-16,Low,Not Picked,0
28,2024-02-17,Medium,Not Picked,0
28,2024-02-18,Low,Picked,0
28,2024-02-19,Medium,Not Picked,1
28,2024-02-20,Medium,Not Picked,1
28,2024-02-21,High,Picked,0
28,2024-02-22,High,Picked,0
28,2024-02-23,Low,Not Picked,0
28,2024-02-24,Low,Not Picked,0
28,2024-02-25,High,Picked,0
28,2024-02-26,Low,Not Picked,0
28,2024-02-27,High,Not Picked,1
28,2024-02-28,Medium,Not Picked,2
28,2024-02-29,Medium,Not Picked,3
28,2024-03-01,Medium,Picked,0
28,2024-03-02,Medium,Not Picked,0
28,2024-03-03,Low,Picked,0
28,2024-03-04,Medium,Not Picked,0
28,2024-03-05,Medium,Not Picked,1
28,2024-03-06,Low,Not Picked,0
28,2024-03-07,Medium,Not Picked,0
28,2024-03-08,Low,Not Picked,0
28,2024-03-09,Medium,Not Picked,1
28,2024-03-10,Low,Not Picked,0
28,2024-03-11,Low,Not Picked,0
28,2024-03-12,Low,Picked,0
28,2024-03-13,High,Picked,0
28,2024-03-14,High,Not Picked,1
28,2024-03-15,High,Picked,0
28,2024-03-16,Low,Not Picked,0
28,2024-03-17,Medium,Not Picked,0
28,2024-03-18,High,Picked,0
28,2024-03-19,Low,Not Picked,0
28,2024-03-20,Medium,Picked,0
28,2024-03-21,Low,Not Picked,0
28,2024-03-22,High,Picked,0
28,2024-03-23,Low,Not Picked,0
28,2024-03-24,High,Picked,0
28,2024-03-25,High,Not Picked,2
28,2024-03-26,Low,Not Picked,1
28,2024-03-27,Medium,Not Picked,2
28,2024-03-28,Medium,Not Picked,3
28,2024-03-29,Low,Picked,0
28,2024-03-30,Medium,Not Picked,0
28,2024-03-31,Low,Not Picked,0
28,2024-04-01,Medium,Not Picked,0
28,2024-04-02,High,Picked,0
28,2024-04-03,Medium,Not Picked,1
28,2024-04-04,Low,Picked,0
28,2024-04-05,Low,Not Picked,0
28,2024-04-06,Medium,Picked,0
28,2024-04-07,Low,Not Picked,0
28,2024-04-08,Low,Not Picked,0
28,2024-04-09,High,Not Picked,1
28,2024-04-10,Medium,Not Picked,1
28,2024-04-11,Medium,Not Picked,1
28,2024-04-12,Medium,Not Picked,2
28,2024-04-13,Low,Not Picked,1
28,2024-04-14,High,Not Picked,2
28,2024-04-15,Medium,Picked,0
28,2024-04-16,Medium,Not Picked,1
28,2024-04-17,Low,Not Picked,0
28,2024-04-18,Medium,Picked,0
28,2024-04-19,Low,Not Picked,0
28,2024-04-20,Medium,Not Picked,0
28,2024-04-21,Medium,Not Picked,1
28,2024-04-22,Medium,Not Picked,1
28,2024-04-23,Medium,Not Picked,1
28,2024-04-24,Medium,Not Picked,2
28,2024-04-25,Medium,Picked,0
28,2024-04-26,Low,Not Picked,0
28,2024-04-27,Low,Not Picked,0
28,2024-04-28,Low,Not Picked,0
28,2024-04-29,Low,Picked,0
29,2024-01-01,Medium,Picked,0
29,2024-01-02,Low,Not Picked,0
29,2024-01-03,Medium,Not Picked,0
29,2024-01-04,Low,Not Picked,0
29,2024-01-05,Medium,Not Picked,1
29,2024-01-06,Low,Not Picked,0
29,2024-01-07,High,Picked,0
29,2024-01-08,Low,Not Picked,0
29,2024-01-09,High,Not Picked,1
29,2024-01-10,Low,Not Picked,0
29,2024-01-11,Low,Picked,0
29,2024-01-12,Low,Not Picked,0
29,2024-01-13,Medium,Picked,0
29,2024-01-14,Medium,Not Picked,1
29,2024-01-15,Medium,Not Picked,2
29,2024-01-16,Medium,Not Picked,3
29,2024-01-17,High,Not Picked,5
29,2024-01-18,Low,Not Picked,4
29,2024-01-19,Low,Not Picked,3
29,2024-01-20,Medium,Picked,0
29,2024-01-21,High,Not Picked,2
29,2024-01-22,Medium,Not Picked,2
29,2024-01-23,Medium,Not Picked,2
29,2024-01-24,Low,Not Picked,1
29,2024-01-25,Medium,Not Picked,1
29,2024-01-26,Medium,Not Picked,2
29,2024-01-27,Medium,Picked,0
29,2024-01-28,Low,Not Picked,0
29,2024-01-29,Low,Not Picked,0
29,2024-01-30,Medium,Not Picked,1
29,2024-01-31,Medium,Not Picked,1
29,2024-02-01,Low,Picked,0
29,2024-02-02,Low,Not Picked,0
29,2024-02-03,Low,Picked,0
29,2024-02-04,Medium,Picked,0
29,2024-02-05,Medium,Not Picked,1
29,2024-02-06,Low,Not Picked,1
29,2024-02-07,Medium,Picked,0
29,2024-02-08,Low,Not Picked,0
29,2024-02-09,Low,Not Picked,0
29,2024-02-10,High,Not Picked,1
29,2024-02-11,Low,Picked,0
29,2024-02-12,Low,Not Picked,0
29,2024-02-13,Medium,Picked,0
29,2024-02-14,Low,Picked,0
29,2024-02-15,Medium,Not Picked,1
29,2024-02-16,Low,Not Picked,1
29,2024-02-17,Low,Not Picked,1
29,2024-02-18,Low,Not Picked,0
29,2024-02-19,Low,Picked,0
29,2024-02-20,Low,Not Picked,0
29,2024-02-21,Medium,Not Picked,0
29,2024-02-22,Medium,Not Picked,0
29,2024-02-23,Low,Not Picked,0
29,2024-02-24,Low,Not Picked,0
29,2024-02-25,Medium,Not Picked,1
29,2024-02-26,Low,Not Picked,0
29,2024-02-27,Medium,Not Picked,0
29,2024-02-28,Low,Not Picked,0
29,2024-02-29,Low,Not Picked,0
29,2024-03-01,Medium,Not Picked,1
29,2024-03-02,Low,Not Picked,1
29,2024-03-03,Low,Picked,0
29,2024-03-04,Low,Not Picked,0
29,2024-03-05,Medium,Not Picked,1
29,2024-03-06,Low,Not Picked,1
29,2024-03-07,Medium,Not Picked,2
29,2024-03-08,Low,Not Picked,2
29,2024-03-09,High,Not Picked,4
29,2024-03-10,Medium,Picked,0
29,2024-03-11,Low,Not Picked,0
29,2024-03-12,Medium,Not Picked,0
29,2024-03-13,Low,Not Picked,0
29,2024-03-14,Low,Not Picked,0
29,2024-03-15,Medium,Not Picked,0
29,2024-03-16,Medium,Not Picked,0
29,2024-03-17,Low,Not Picked,0
29,2024-03-18,High,Picked,0
29,2024-03-19,Medium,Picked,0
29,2024-03-20,Low,Not Picked,0
29,2024-03-21,Low,Picked,0
29,2024-03-22,Medium,Not Picked,0
29,2024-03-23,Medium,Not Picked,0
29,2024-03-24,Medium,Not Picked,1
29,2024-03-25,Low,Not Picked,0
29,2024-03-26,Low,Not Picked,0
29,2024-03-27,High,Not Picked,1
29,2024-03-28,Low,Not Picked,0
29,2024-03-29,Medium,Not Picked,0
29,2024-03-30,Medium,Not Picked,1
29,2024-03-31,Medium,Picked,0
29,2024-04-01,Medium,Not Picked,1
29,2024-04-02,Medium,Not Picked,1
29,2024-04-03,High,Not Picked,2
29,2024-04-04,Low,Not Picked,1
29,2024-04-05,Low,Not Picked,0
29,2024-04-06,Low,Picked,0
29,2024-04-07,Low,Picked,0
29,2024-04-08,Low,Not Picked,0
29,2024-04-09,Medium,Not Picked,0
29,2024-04-10,Low,Not Picked,0
29,2024-04-11,Medium,Not Picked,0
29,2024-04-12,Low,Picked,0
29,2024-04-13,Low,Not Picked,0
29,2024-04-14,Medium,Not Picked,0
29,2024-04-15,Medium,Not Picked,0
29,2024-04-16,Medium,Picked,0
29,2024-04-17,Medium,Not Picked,1
29,2024-04-18,High,Not Picked,2
29,2024-04-19,Low,Not Picked,2
29,2024-04-20,Medium,Picked,0
29,2024-04-21,Low,Not Picked,0
29,2024-04-22,Low,Not Picked,0
29,2024-04-23,Medium,Not Picked,1
29,2024-04-24,Low,Not Picked,0
29,2024-04-25,Low,Picked,0
29,2024-04-26,Medium,Not Picked,1
29,2024-04-27,Low,Not Picked,0
29,2024-04-28,Low,Not Picked,0
29,2024-04-29,Medium,Not Picked,0
30,2024-01-01,Low,Picked,0
30,2024-01-02,Low,Not Picked,0
30,2024-01-03,Low,Not Picked,0
30,2024-01-04,Low,Picked,0
30,2024-01-05,Low,Not Picked,0
30,2024-01-06,Medium,Not Picked,0
30,2024-01-07,Medium,Picked,0
30,2024-01-08,Low,Not Picked,0
30,2024-01-09,Low,Picked,0
30,2024-01-10,Medium,Not Picked,0
30,2024-01-11,Medium,Not Picked,0
30,2024-01-12,High,Picked,0
30,2024-01-13,Low,Not Picked,0
30,2024-01-14,Low,Not Picked,0
30,2024-01-15,Medium,Not Picked,0
30,2024-01-16,Medium,Not Picked,0
30,2024-01-17,Low,Not Picked,0
30,2024-01-18,High,Not Picked,1
30,2024-01-19,Medium,Picked,0
30,2024-01-20,Low,Not Picked,0
30,2024-01-21,High,Picked,0
30,2024-01-22,Medium,Picked,0
30,2024-01-23,Medium,Not Picked,1
30,2024-01-24,Low,Picked,0
30,2024-01-25,Low,Not Picked,0
30,2024-01-26,Low,Not Picked,0
30,2024-01-27,Low,Not Picked,0
30,2024-01-28,Low,Not Picked,0
30,2024-01-29,Low,Not Picked,0
30,2024-01-30,Low,Not Picked,0
30,2024-01-31,Low,Not Picked,0
30,2024-02-01,Low,Not Picked,0
30,2024-02-02,Medium,Not Picked,1
30,2024-02-03,Low,Not Picked,1
30,2024-02-04,Medium,Picked,0
30,2024-02-05,Medium,Not Picked,1
30,2024-02-06,Low,Not Picked,0
30,2024-02-07,Low,Not Picked,0
30,2024-02-08,High,Not Picked,2
30,2024-02-09,Low,Picked,0
30,2024-02-10,Medium,Not Picked,0
30,2024-02-11,Medium,Not Picked,0
30,2024-02-12,Medium,Picked,0
30,2024-02-13,Medium,Not Picked,1
30,2024-02-14,Low,Not Picked,1
30,2024-02-15,Low,Not Picked,0
30,2024-02-16,Low,Not Picked,0
30,2024-02-17,High,Not Picked,2
30,2024-02-18,High,Picked,0
30,2024-02-19,Medium,Not Picked,1
30,2024-02-20,Medium,Not Picked,1
30,2024-02-21,Low,Picked,0
30,2024-02-22,Low,Not Picked,0
30,2024-02-23,Medium,Not Picked,0
30,2024-02-24,High,Picked,0
30,2024-02-25,Low,Not Picked,0
30,2024-02-26,High,Not Picked,1
30,2024-02-27,Low,Not Picked,1
30,2024-02-28,Medium,Not Picked,1
30,2024-02-29,High,Picked,0
30,2024-03-01,Medium,Not Picked,1
30,2024-03-02,Medium,Picked,0
30,2024-03-03,Medium,Not Picked,0
30,2024-03-04,Medium,Not Picked,0
30,2024-03-05,Low,Not Picked,0
30,2024-03-06,Medium,Not Picked,0
30,2024-03-07,Low,Picked,0
30,2024-03-08,Low,Not Picked,0
30,2024-03-09,Medium,Not Picked,1
30,2024-03-10,Low,Picked,0
30,2024-03-11,Low,Not Picked,0
30,2024-03-12,Medium,Not Picked,1
30,2024-03-13,High,Picked,0
30,2024-03-14,Medium,Not Picked,1
30,2024-03-15,Low,Picked,0
30,2024-03-16,Low,Not Picked,0
30,2024-03-17,Low,Picked,0
30,2024-03-18,Medium,Not Picked,1
30,2024-03-19,Medium,Not Picked,1
30,2024-03-20,Low,Not Picked,1
30,2024-03-21,Low,Picked,0
30,2024-03-22,Medium,Not Picked,1
30,2024-03-23,Medium,Not Picked,2
30,2024-03-24,Medium,Not Picked,3
30,2024-03-25,Low,Not Picked,3
30,2024-03-26,Medium,Picked,0
30,2024-03-27,Medium,Not Picked,1
30,2024-03-28,Medium,Not Picked,2
30,2024-03-29,Low,Not Picked,2
30,2024-03-30,Low,Not Picked,1
30,2024-03-31,Medium,Not Picked,1
30,2024-04-01,Low,Not Picked,0
30,2024-04-02,Medium,Not Picked,0
30,2024-04-03,High,Picked,0
30,2024-04-04,Low,Not Picked,0
30,2024-04-05,Medium,Not Picked,0
30,2024-04-06,Medium,Not Picked,1
30,2024-04-07,Medium,Not Picked,1
30,2024-04-08,Low,Not Picked,0
30,2024-04-09,Low,Not Picked,0
30,2024-04-10,Medium,Not Picked,1
30,2024-04-11,Low,Not Picked,1
30,2024-04-12,Medium,Not Picked,1
30,2024-04-13,Medium,Picked,0
30,2024-04-14,Medium,Not Picked,1
30,2024-04-15,Low,Not Picked,0
30,2024-04-16,Low,Not Picked,0
30,2024-04-17,Medium,Picked,0
30,2024-04-18,Medium,Picked,0
30,2024-04-19,Low,Not Picked,0
30,2024-04-20,Medium,Not Picked,1
30,2024-04-21,Low,Not Picked,0
30,2024-04-22,Low,Not Picked,0
30,2024-04-23,Medium,Not Picked,1
30,2024-04-24,Low,Not Picked,0
30,2024-04-25,Medium,Not Picked,1
30,2024-04-26,Low,Not Picked,0
30,2024-04-27,Low,Not Picked,0
30,2024-04-28,Low,Not Picked,0
30,2024-04-29,Medium,Not Picked,0
31,2024-01-01,Medium,Not Picked,0
31,2024-01-02,Medium,Not Picked,0
31,2024-01-03,Medium,Not Picked,0
31,2024-01-04,High,Not Picked,1
31,2024-01-05,High,Picked,0
31,2024-01-06,High,Picked,0
31,2024-01-07,High,Picked,0
31,2024-01-08,High,Not Picked,2
31,2024-01-09,High,Picked,0
31,2024-01-10,High,Picked,0
31,2024-01-11,High,Not Picked,1
31,2024-01-12,High,Not Picked,3
31,2024-01-13,Medium,Not Picked,4
31,2024-01-14,Medium,Picked,0
31,2024-01-15,High,Picked,0
31,2024-01-16,High,Picked,0
31,2024-01-17,High,Not Picked,1
31,2024-01-18,High,Not Picked,3
31,2024-01-19,Medium,Picked,0
31,2024-01-20,High,Not Picked,1
31,2024-01-21,Medium,Picked,0
31,2024-01-22,High,Not Picked,1
31,2024-01-23,High,Picked,0
31,2024-01-24,Medium,Not Picked,0
31,2024-01-25,Medium,Not Picked,0
31,2024-01-26,High,Picked,0
31,2024-01-27,Low,Not Picked,0
31,2024-01-28,Medium,Not Picked,0
31,2024-01-29,High,Not Picked,2
31,2024-01-30,Medium,Picked,0
31,2024-01-31,Medium,Not Picked,0
31,2024-02-01,High,Picked,0
31,2024-02-02,Medium,Not Picked,0
31,2024-02-03,High,Not Picked,2
31,2024-02-04,Low,Picked,0
31,2024-02-05,High,Picked,0
31,2024-02-06,Medium,Not Picked,0
31,2024-02-07,High,Not Picked,1
31,2024-02-08,High,Picked,0
31,2024-02-09,High,Not Picked,2
31,2024-02-10,High,Not Picked,3
31,2024-02-11,High,Not Picked,5
31,2024-02-12,Medium,Picked,0
31,2024-02-13,Medium,Not Picked,1
31,2024-02-14,High,Not Picked,2
31,2024-02-15,High,Picked,0
31,2024-02-16,Low,Not Picked,0
31,2024-02-17,Medium,Not Picked,1
31,2024-02-18,Medium,Not Picked,2
31,2024-02-19,Medium,Not Picked,3
31,2024-02-20,High,Not Picked,4
31,2024-02-21,Medium,Picked,0
31,2024-02-22,Low,Not Picked,0
31,2024-02-23,High,Not Picked,2
31,2024-02-24,High,Picked,0
31,2024-02-25,Medium,Not Picked,0
31,2024-02-26,High,Not Picked,2
31,2024-02-27,Medium,Picked,0
31,2024-02-28,Medium,Not Picked,1
31,2024-02-29,High,Not Picked,2
31,2024-03-01,High,Picked,0
31,2024-03-02,High,Picked,0
31,2024-03-03,Low,Not Picked,0
31,2024-03-04,Medium,Picked,0
31,2024-03-05,High,Not Picked,1
31,2024-03-06,High,Not Picked,3
31,2024-03-07,Low,Picked,0
31,2024-03-08,Medium,Not Picked,1
31,2024-03-09,Medium,Not Picked,1
31,2024-03-10,High,Not Picked,2
31,2024-03-11,High,Picked,0
31,2024-03-12,Medium,Not Picked,0
31,2024-03-13,Low,Picked,0
31,2024-03-14,High,Picked,0
31,2024-03-15,Medium,Picked,0
31,2024-03-16,Medium,Not Picked,0
31,2024-03-17,High,Picked,0
31,2024-03-18,Medium,Not Picked,1
31,2024-03-19,Medium,Picked,0
31,2024-03-20,High,Not Picked,1
31,2024-03-21,Medium,Not Picked,1
31,2024-03-22,Medium,Not Picked,2
31,2024-03-23,Medium,Picked,0
31,2024-03-24,Medium,Not Picked,1
31,2024-03-25,Medium,Picked,0
31,2024-03-26,High,Picked,0
31,2024-03-27,Medium,Not Picked,1
31,2024-03-28,High,Picked,0
31,2024-03-29,Low,Not Picked,0
31,2024-03-30,Medium,Picked,0
31,2024-03-31,High,Not Picked,2
31,2024-04-01,High,Not Picked,3
31,2024-04-02,High,Not Picked,4
31,2024-04-03,Medium,Picked,0
31,2024-04-04,High,Picked,0
31,2024-04-05,High,Not Picked,1
31,2024-04-06,High,Not Picked,2
31,2024-04-07,Medium,Not Picked,2
31,2024-04-08,High,Not Picked,4
31,2024-04-09,High,Picked,0
31,2024-04-10,High,Picked,0
31,2024-04-11,Medium,Picked,0
31,2024-04-12,High,Not Picked,2
31,2024-04-13,Low,Picked,0
31,2024-04-14,High,Picked,0
31,2024-04-15,High,Not Picked,2
31,2024-04-16,Medium,Not Picked,3
31,2024-04-17,High,Picked,0
31,2024-04-18,High,Not Picked,1
31,2024-04-19,High,Picked,0
31,2024-04-20,High,Picked,0
31,2024-04-21,Medium,Not Picked,1
31,2024-04-22,Low,Not Picked,0
31,2024-04-23,High,Picked,0
31,2024-04-24,High,Picked,0
31,2024-04-25,Medium,Not Picked,0
31,2024-04-26,High,Not Picked,1
31,2024-04-27,Medium,Not Picked,1
31,2024-04-28,High,Picked,0
31,2024-04-29,Medium,Not Picked,0
32,2024-01-01,Low,Not Picked,0
32,2024-01-02,High,Not Picked,1
32,2024-01-03,Low,Not Picked,1
32,2024-01-04,Medium,Not Picked,1
32,2024-01-05,Medium,Not Picked,2
32,2024-01-06,Low,Picked,0
32,2024-01-07,Medium,Not Picked,0
32,2024-01-08,Low,Picked,0
32,2024-01-09,High,Picked,0
32,2024-01-10,Low,Not Picked,0
32,2024-01-11,Medium,Not Picked,0
32,2024-01-12,High,Picked,0
32,2024-01-13,High,Picked,0
32,2024-01-14,Low,Not Picked,0
32,2024-01-15,Medium,Not Picked,1
32,2024-01-16,High,Picked,0
32,2024-01-17,High,Not Picked,2
32,2024-01-18,Medium,Not Picked,3
32,2024-01-19,High,Picked,0
32,2024-01-20,High,Not Picked,1
32,2024-01-21,Medium,Not Picked,2
32,2024-01-22,Medium,Not Picked,2
32,2024-01-23,Low,Not Picked,2
32,2024-01-24,Medium,Picked,0
32,2024-01-25,Medium,Not Picked,1
32,2024-01-26,Low,Not Picked,0
32,2024-01-27,Low,Not Picked,0
32,2024-01-28,Medium,Not Picked,0
32,2024-01-29,Medium,Not Picked,1
32,2024-01-30,Low,Picked,0
32,2024-01-31,Medium,Not Picked,1
32,2024-02-01,Low,Not Picked,0
32,2024-02-02,Low,Picked,0
32,2024-02-03,Medium,Picked,0
32,2024-02-04,High,Picked,0
32,2024-02-05,Medium,Not Picked,1
32,2024-02-06,Medium,Not Picked,2
32,2024-02-07,Low,Not Picked,1
32,2024-02-08,Low,Not Picked,1
32,2024-02-09,Medium,Not Picked,1
32,2024-02-10,Medium,Not Picked,1
32,2024-02-11,High,Not Picked,3
32,2024-02-12,Medium,Picked,0
32,2024-02-13,Low,Not Picked,0
32,2024-02-14,Medium,Not Picked,0
32,2024-02-15,Low,Not Picked,0
32,2024-02-16,Medium,Not Picked,0
32,2024-02-17,Low,Not Picked,0
32,2024-02-18,Medium,Picked,0
32,2024-02-19,Low,Not Picked,0
32,2024-02-20,Low,Not Picked,0
32,2024-02-21,Low,Not Picked,0
32,2024-02-22,Medium,Not Picked,0
32,2024-02-23,Medium,Picked,0
32,2024-02-24,Low,Not Picked,0
32,2024-02-25,Medium,Not Picked,1
32,2024-02-26,Low,Not Picked,1
32,2024-02-27,High,Picked,0
32,2024-02-28,Low,Not Picked,0
32,2024-02-29,Low,Not Picked,0
32,2024-03-01,Low,Not Picked,0
32,2024-03-02,Low,Not Picked,0
32,2024-03-03,Low,Not Picked,0
32,2024-03-04,Medium,Not Picked,0
32,2024-03-05,Medium,Not Picked,1
32,2024-03-06,Medium,Picked,0
32,2024-03-07,Low,Not Picked,0
32,2024-03-08,Low,Not Picked,0
32,2024-03-09,High,Not Picked,1
32,2024-03-10,Medium,Not Picked,1
32,2024-03-11,Low,Not Picked,1
32,2024-03-12,High,Not Picked,2
32,2024-03-13,Low,Not Picked,1
32,2024-03-14,Medium,Not Picked,2
32,2024-03-15,Medium,Picked,0
32,2024-03-16,Medium,Picked,0
32,2024-03-17,Low,Not Picked,0
32,2024-03-18,High,Not Picked,1
32,2024-03-19,Medium,Not Picked,1
32,2024-03-20,Medium,Not Picked,1
32,2024-03-21,Low,Not Picked,0
32,2024-03-22,Low,Not Picked,0
32,2024-03-23,Medium,Not Picked,1
32,2024-03-24,Low,Not Picked,1
32,2024-03-25,Low,Picked,0
32,2024-03-26,Low,Not Picked,0
32,2024-03-27,Medium,Not Picked,0
32,2024-03-28,Medium,Picked,0
32,2024-03-29,Low,Not Picked,0
32,2024-03-30,Low,Not Picked,0
32,2024-03-31,Medium,Not Picked,1
32,2024-04-01,Medium,Not Picked,2
32,2024-04-02,Medium,Picked,0
32,2024-04-03,Low,Not Picked,0
32,2024-04-04,Low,Not Picked,0
32,2024-04-05,Low,Not Picked,0
32,2024-04-06,Low,Not Picked,0
32,2024-04-07,Low,Picked,0
32,2024-04-08,Low,Not Picked,0
32,2024-04-09,Medium,Not Picked,0
32,2024-04-10,Medium,Not Picked,0
32,2024-04-11,Low,Not Picked,0
32,2024-04-12,Low,Not Picked,0
32,2024-04-13,Medium,Not Picked,0
32,2024-04-14,Low,Not Picked,0
32,2024-04-15,Medium,Not Picked,0
32,2024-04-16,Low,Picked,0
32,2024-04-17,High,Picked,0
32,2024-04-18,Low,Not Picked,0
32,2024-04-19,High,Not Picked,2
32,2024-04-20,Low,Picked,0
32,2024-04-21,Medium,Not Picked,0
32,2024-04-22,Low,Not Picked,0
32,2024-04-23,Medium,Picked,0
32,2024-04-24,Medium,Not Picked,0
32,2024-04-25,Medium,Not Picked,0
32,2024-04-26,Low,Not Picked,0
32,2024-04-27,Medium,Not Picked,1
32,2024-04-28,Low,Not Picked,0
32,2024-04-29,Low,Not Picked,0
33,2024-01-01,Medium,Not Picked,0
33,2024-01-02,Low,Not Picked,0
33,2024-01-03,Medium,Not Picked,1
33,2024-01-04,Low,Picked,0
33,2024-01-05,Low,Picked,0
33,2024-01-06,Medium,Not Picked,1
33,2024-01-07,Low,Picked,0
33,2024-01-08,Medium,Not Picked,0
33,2024-01-09,Low,Picked,0
33,2024-01-10,Low,Picked,0
33,2024-01-11,Low,Not Picked,0
33,2024-01-12,Low,Picked,0
33,2024-01-13,Low,Not Picked,0
33,2024-01-14,Low,Not Picked,0
33,2024-01-15,Medium,Not Picked,1
33,2024-01-16,High,Not Picked,2
33,2024-01-17,Low,Picked,0
33,2024-01-18,Medium,Not Picked,1
33,2024-01-19,Medium,Picked,0
33,2024-01-20,Medium,Picked,0
33,2024-01-21,Low,Not Picked,0
33,2024-01-22,Low,Not Picked,0
33,2024-01-23,Low,Not Picked,0
33,2024-01-24,Low,Not Picked,0
33,2024-01-25,Medium,Not Picked,1
33,2024-01-26,Low,Picked,0
33,2024-01-27,Medium,Not Picked,1
33,2024-01-28,High,Picked,0
33,2024-01-29,Medium,Not Picked,1
33,2024-01-30,Low,Not Picked,1
33,2024-01-31,Low,Picked,0
33,2024-02-01,Low,Picked,0
33,2024-02-02,Low,Not Picked,0
33,2024-02-03,Medium,Not Picked,1
33,2024-02-04,Medium,Not Picked,2
33,2024-02-05,Medium,Not Picked,2
33,2024-02-06,High,Picked,0
33,2024-02-07,Low,Not Picked,0
33,2024-02-08,Low,Picked,0
33,2024-02-09,Medium,Not Picked,1
33,2024-02-10,Medium,Not Picked,1
33,2024-02-11,Medium,Picked,0
33,2024-02-12,Medium,Not Picked,1
33,2024-02-13,Medium,Not Picked,1
33,2024-02-14,Medium,Picked,0
33,2024-02-15,Medium,Not Picked,0
33,2024-02-16,Low,Not Picked,0
33,2024-02-17,Medium,Not Picked,0
33,2024-02-18,Low,Not Picked,0
33,2024-02-19,Low,Not Picked,0
33,2024-02-20,Low,Not Picked,0
33,2024-02-21,Low,Not Picked,0
33,2024-02-22,Low,Not Picked,0
33,2024-02-23,Low,Not Picked,0
33,2024-02-24,Low,Picked,0
33,2024-02-25,High,Picked,0
33,2024-02-26,Medium,Not Picked,0
33,2024-02-27,Low,Not Picked,0
33,2024-02-28,Low,Not Picked,0
33,2024-02-29,Low,Not Picked,0
33,2024-03-01,Low,Not Picked,0
33,2024-03-02,Medium,Picked,0
33,2024-03-03,Medium,Not Picked,1
33,2024-03-04,High,Picked,0
33,2024-03-05,High,Not Picked,1
33,2024-03-06,Medium,Not Picked,1
33,2024-03-07,Low,Picked,0
33,2024-03-08,High,Picked,0
33,2024-03-09,Medium,Picked,0
33,2024-03-10,Low,Not Picked,0
33,2024-03-11,Low,Picked,0
33,2024-03-12,Low,Not Picked,0
33,2024-03-13,Low,Not Picked,0
33,2024-03-14,High,Not Picked,1
33,2024-03-15,Low,Picked,0
33,2024-03-16,Medium,Picked,0
33,2024-03-17,Medium,Not Picked,0
33,2024-03-18,Medium,Not Picked,0
33,2024-03-19,Low,Picked,0
33,2024-03-20,Medium,Picked,0
33,2024-03-21,Medium,Not Picked,0
33,2024-03-22,Medium,Not Picked,1
33,2024-03-23,Medium,Not Picked,1
33,2024-03-24,Low,Not Picked,0
33,2024-03-25,Low,Not Picked,0
33,2024-03-26,Low,Not Picked,0
33,2024-03-27,Medium,Picked,0
33,2024-03-28,Low,Not Picked,0
33,2024-03-29,Medium,Picked,0
33,2024-03-30,Medium,Not Picked,1
33,2024-03-31,Medium,Not Picked,1
33,2024-04-01,Medium,Not Picked,2
33,2024-04-02,Low,Not Picked,2
33,2024-04-03,Low,Not Picked,1
33,2024-04-04,Low,Not Picked,1
33,2024-04-05,Low,Not Picked,0
33,2024-04-06,Medium,Not Picked,1
33,2024-04-07,Low,Not Picked,1
33,2024-04-08,Low,Not Picked,0
33,2024-04-09,Medium,Not Picked,0
33,2024-04-10,Medium,Not Picked,0
33,2024-04-11,Medium,Picked,0
33,2024-04-12,Medium,Not Picked,0
33,2024-04-13,Low,Picked,0
33,2024-04-14,Low,Not Picked,0
33,2024-04-15,Medium,Not Picked,0
33,2024-04-16,Low,Not Picked,0
33,2024-04-17,Low,Not Picked,0
33,2024-04-18,Low,Not Picked,0
33,2024-04-19,Low,Not Picked,0
33,2024-04-20,Medium,Picked,0
33,2024-04-21,Medium,Not Picked,0
33,2024-04-22,High,Not Picked,2
33,2024-04-23,Low,Not Picked,1
33,2024-04-24,Medium,Not Picked,2
33,2024-04-25,Low,Picked,0
33,2024-04-26,Medium,Not Picked,0
33,2024-04-27,Low,Picked,0
33,2024-04-28,Low,Not Picked,0
33,2024-04-29,Low,Not Picked,0
34,2024-01-01,Medium,Not Picked,1
34,2024-01-02,High,Picked,0
34,2024-01-03,Medium,Not Picked,1
34,2024-01-04,Medium,Picked,0
34,2024-01-05,Medium,Not Picked,0
34,2024-01-06,High,Not Picked,2
34,2024-01-07,Medium,Picked,0
34,2024-01-08,Medium,Not Picked,1
34,2024-01-09,Medium,Not Picked,2
34,2024-01-10,Low,Picked,0
34,2024-01-11,High,Picked,0
34,2024-01-12,High,Picked,0
34,2024-01-13,Medium,Not Picked,1
34,2024-01-14,High,Not Picked,3
34,2024-01-15,High,Picked,0
34,2024-01-16,High,Picked,0
34,2024-01-17,High,Picked,0
34,2024-01-18,Medium,Not Picked,0
34,2024-01-19,High,Not Picked,2
34,2024-01-20,High,Picked,0
34,2024-01-21,Low,Not Picked,0
34,2024-01-22,High,Not Picked,2
34,2024-01-23,High,Not Picked,4
34,2024-01-24,Medium,Not Picked,4
34,2024-01-25,Medium,Not Picked,4
34,2024-01-26,High,Picked,0
34,2024-01-27,Medium,Picked,0
34,2024-01-28,Medium,Not Picked,1
34,2024-01-29,Low,Not Picked,1
34,2024-01-30,Medium,Picked,0
34,2024-01-31,Medium,Not Picked,1
34,2024-02-01,Low,Not Picked,0
34,2024-02-02,Low,Not Picked,0
34,2024-02-03,High,Picked,0
34,2024-02-04,High,Not Picked,1
34,2024-02-05,High,Not Picked,3
34,2024-02-06,Low,Not Picked,3
34,2024-02-07,Low,Not Picked,2
34,2024-02-08,High,Picked,0
34,2024-02-09,High,Not Picked,2
34,2024-02-10,Medium,Not Picked,3
34,2024-02-11,Medium,Picked,0
34,2024-02-12,High,Not Picked,2
34,2024-02-13,Medium,Picked,0
34,2024-02-14,High,Not Picked,1
34,2024-02-15,High,Picked,0
34,2024-02-16,Low,Not Picked,0
34,2024-02-17,Low,Not Picked,0
34,2024-02-18,High,Not Picked,1
34,2024-02-19,Medium,Not Picked,2
34,2024-02-20,High,Picked,0
34,2024-02-21,Medium,Not Picked,0
34,2024-02-22,Medium,Picked,0
34,2024-02-23,Medium,Not Picked,1
34,2024-02-24,High,Picked,0
34,2024-02-25,Low,Picked,0
34,2024-02-26,Medium,Not Picked,0
34,2024-02-27,Medium,Picked,0
34,2024-02-28,High,Picked,0
34,2024-02-29,Medium,Not Picked,1
34,2024-03-01,Medium,Picked,0
34,2024-03-02,Medium,Not Picked,1
34,2024-03-03,High,Picked,0
34,2024-03-04,High,Picked,0
34,2024-03-05,High,Not Picked,2
34,2024-03-06,Low,Picked,0
34,2024-03-07,Low,Not Picked,0
34,2024-03-08,High,Not Picked,2
34,2024-03-09,Medium,Not Picked,3
34,2024-03-10,High,Picked,0
34,2024-03-11,Medium,Not Picked,0
34,2024-03-12,High,Not Picked,2
34,2024-03-13,Medium,Not Picked,2
34,2024-03-14,Medium,Picked,0
34,2024-03-15,Medium,Not Picked,1
34,2024-03-16,High,Picked,0
34,2024-03-17,High,Picked,0
34,2024-03-18,High,Picked,0
34,2024-03-19,High,Not Picked,1
34,2024-03-20,Medium,Picked,0
34,2024-03-21,Medium,Picked,0
34,2024-03-22,High,Picked,0
34,2024-03-23,Medium,Picked,0
34,2024-03-24,High,Not Picked,1
34,2024-03-25,Medium,Not Picked,1
34,2024-03-26,High,Picked,0
34,2024-03-27,High,Not Picked,1
34,2024-03-28,High,Not Picked,3
34,2024-03-29,High,Picked,0
34,2024-03-30,High,Not Picked,1
34,2024-03-31,Medium,Not Picked,1
34,2024-04-01,High,Not Picked,2
34,2024-04-02,High,Not Picked,3
34,2024-04-03,Medium,Not Picked,3
34,2024-04-04,Medium,Picked,0
34,2024-04-05,Medium,Not Picked,1
34,2024-04-06,High,Not Picked,2
34,2024-04-07,Low,Not Picked,2
34,2024-04-08,Medium,Picked,0
34,2024-04-09,High,Not Picked,2
34,2024-04-10,High,Picked,0
34,2024-04-11,High,Not Picked,2
34,2024-04-12,High,Picked,0
34,2024-04-13,High,Picked,0
34,2024-04-14,High,Picked,0
34,2024-04-15,High,Not Picked,2
34,2024-04-16,High,Not Picked,3
34,2024-04-17,Low,Not Picked,2
34,2024-04-18,Low,Not Picked,2
34,2024-04-19,Medium,Picked,0
34,2024-04-20,Medium,Picked,0
34,2024-04-21,Low,Picked,0
34,2024-04-22,High,Not Picked,2
34,2024-04-23,High,Picked,0
34,2024-04-24,High,Not Picked,1
34,2024-04-25,High,Not Picked,3
34,2024-04-26,High,Picked,0
34,2024-04-27,High,Picked,0
34,2024-04-28,High,Not Picked,2
34,2024-04-29,Low,Picked,0
35,2024-01-01,High,Not Picked,2
35,2024-01-02,High,Not Picked,4
35,2024-01-03,Medium,Not Picked,4
35,2024-01-04,Medium,Picked,0
35,2024-01-05,High,Not Picked,1
35,2024-01-06,High,Not Picked,2
35,2024-01-07,High,Picked,0
35,2024-01-08,Medium,Not Picked,0
35,2024-01-09,High,Not Picked,1
35,2024-01-10,High,Not Picked,3
35,2024-01-11,Low,Not Picked,3
35,2024-01-12,High,Picked,0
35,2024-01-13,Medium,Not Picked,0
35,2024-01-14,High,Not Picked,1
35,2024-01-15,High,Picked,0
35,2024-01-16,Medium,Not Picked,1
35,2024-01-17,High,Not Picked,2
35,2024-01-18,High,Not Picked,3
35,2024-01-19,High,Not Picked,4
35,2024-01-20,High,Picked,0
35,2024-01-21,Medium,Not Picked,0
35,2024-01-22,Medium,Not Picked,1
35,2024-01-23,High,Picked,0
35,2024-01-24,Medium,Picked,0
35,2024-01-25,Medium,Not Picked,1
35,2024-01-26,Medium,Picked,0
35,2024-01-27,High,Not Picked,1
35,2024-01-28,Low,Not Picked,1
35,2024-01-29,Medium,Picked,0
35,2024-01-30,Low,Not Picked,0
35,2024-01-31,High,Not Picked,2
35,2024-02-01,Medium,Not Picked,2
35,2024-02-02,High,Picked,0
35,2024-02-03,Medium,Not Picked,0
35,2024-02-04,High,Not Picked,1
35,2024-02-05,High,Not Picked,2
35,2024-02-06,Low,Picked,0
35,2024-02-07,High,Picked,0
35,2024-02-08,Medium,Picked,0
35,2024-02-09,High,Not Picked,1
35,2024-02-10,Medium,Picked,0
35,2024-02-11,Medium,Not Picked,1
35,2024-02-12,Medium,Picked,0
35,2024-02-13,High,Not Picked,2
35,2024-02-14,High,Not Picked,3
35,2024-02-15,High,Picked,0
35,2024-02-16,Medium,Not Picked,0
35,2024-02-17,Medium,Not Picked,0
35,2024-02-18,Low,Not Picked,0
35,2024-02-19,High,Not Picked,1
35,2024-02-20,Medium,Picked,0
35,2024-02-21,High,Not Picked,1
35,2024-02-22,High,Not Picked,3
35,2024-02-23,High,Not Picked,4
35,2024-02-24,High,Picked,0
35,2024-02-25,High,Not Picked,1
35,2024-02-26,High,Not Picked,2
35,2024-02-27,Medium,Not Picked,3
35,2024-02-28,Medium,Picked,0
35,2024-02-29,High,Not Picked,2
35,2024-03-01,High,Not Picked,4
35,2024-03-02,High,Picked,0
35,2024-03-03,High,Not Picked,1
35,2024-03-04,High,Not Picked,2
35,2024-03-05,High,Picked,0
35,2024-03-06,Medium,Not Picked,0
35,2024-03-07,Medium,Picked,0
35,2024-03-08,High,Not Picked,1
35,2024-03-09,Medium,Not Picked,2
35,2024-03-10,Low,Picked,0
35,2024-03-11,Medium,Not Picked,1
35,2024-03-12,High,Picked,0
35,2024-03-13,High,Not Picked,2
35,2024-03-14,Medium,Not Picked,2
35,2024-03-15,High,Not Picked,3
35,2024-03-16,Low,Not Picked,2
35,2024-03-17,Low,Picked,0
35,2024-03-18,High,Picked,0
35,2024-03-19,High,Not Picked,1
35,2024-03-20,Medium,Not Picked,2
35,2024-03-21,High,Picked,0
35,2024-03-22,High,Not Picked,1
35,2024-03-23,High,Not Picked,2
35,2024-03-24,High,Picked,0
35,2024-03-25,High,Picked,0
35,2024-03-26,High,Picked,0
35,2024-03-27,Medium,Not Picked,1
35,2024-03-28,Medium,Not Picked,1
35,2024-03-29,Medium,Not Picked,1
35,2024-03-30,Medium,Not Picked,1
35,2024-03-31,High,Picked,0
35,2024-04-01,High,Not Picked,1
35,2024-04-02,Medium,Not Picked,2
35,2024-04-03,Medium,Picked,0
35,2024-04-04,High,Picked,0
35,2024-04-05,Medium,Not Picked,0
35,2024-04-06,High,Picked,0
35,2024-04-07,High,Not Picked,2
35,2024-04-08,High,Picked,0
35,2024-04-09,Medium,Not Picked,0
35,2024-04-10,Medium,Picked,0
35,2024-04-11,Medium,Not Picked,0
35,2024-04-12,Low,Not Picked,0
35,2024-04-13,Medium,Not Picked,0
35,2024-04-14,High,Not Picked,2
35,2024-04-15,High,Picked,0
35,2024-04-16,High,Not Picked,2
35,2024-04-17,High,Picked,0
35,2024-04-18,Medium,Picked,0
35,2024-04-19,High,Not Picked,1
35,2024-04-20,High,Not Picked,3
35,2024-04-21,Medium,Not Picked,3
35,2024-04-22,Medium,Picked,0
35,2024-04-23,Medium,Not Picked,1
35,2024-04-24,High,Picked,0
35,2024-04-25,High,Picked,0
35,2024-04-26,High,Picked,0
35,2024-04-27,High,Picked,0
35,2024-04-28,High,Picked,0
35,2024-04-29,Low,Not Picked,0
36,2024-01-01,High,Not Picked,1
36,2024-01-02,Low,Not Picked,0
36,2024-01-03,Low,Not Picked,0
36,2024-01-04,Medium,Not Picked,0
36,2024-01-05,Medium,Not Picked,0
36,2024-01-06,Low,Not Picked,0
36,2024-01-07,High,Not Picked,1
36,2024-01-08,High,Not Picked,3
36,2024-01-09,Low,Picked,0
36,2024-01-10,Medium,Not Picked,1
36,2024-01-11,Medium,Not Picked,2
36,2024-01-12,Low,Not Picked,2
36,2024-01-13,High,Not Picked,3
36,2024-01-14,High,Picked,0
36,2024-01-15,Medium,Not Picked,0
36,2024-01-16,Medium,Not Picked,1
36,2024-01-17,High,Not Picked,2
36,2024-01-18,Low,Not Picked,1
36,2024-01-19,Low,Not Picked,1
36,2024-01-20,Medium,Picked,0
36,2024-01-21,Low,Not Picked,0
36,2024-01-22,Medium,Picked,0
36,2024-01-23,Low,Not Picked,0
36,2024-01-24,Low,Not Picked,0
36,2024-01-25,Medium,Picked,0
36,2024-01-26,Medium,Picked,0
36,2024-01-27,Low,Not Picked,0
36,2024-01-28,Medium,Not Picked,1
36,2024-01-29,Medium,Picked,0
36,2024-01-30,Medium,Not Picked,1
36,2024-01-31,Medium,Not Picked,1
36,2024-02-01,Medium,Not Picked,1
36,2024-02-02,Low,Not Picked,1
36,2024-02-03,High,Not Picked,3
36,2024-02-04,High,Picked,0
36,2024-02-05,Medium,Not Picked,0
36,2024-02-06,High,Picked,0
36,2024-02-07,Medium,Not Picked,0
36,2024-02-08,Low,Not Picked,0
36,2024-02-09,Low,Not Picked,0
36,2024-02-10,High,Picked,0
36,2024-02-11,Medium,Picked,0
36,2024-02-12,High,Not Picked,2
36,2024-02-13,Medium,Picked,0
36,2024-02-14,High,Picked,0
36,2024-02-15,Low,Picked,0
36,2024-02-16,High,Not Picked,1
36,2024-02-17,Low,Not Picked,1
36,2024-02-18,Low,Not Picked,0
36,2024-02-19,Medium,Not Picked,0
36,2024-02-20,High,Not Picked,1
36,2024-02-21,Low,Not Picked,1
36,2024-02-22,Medium,Not Picked,1
36,2024-02-23,Low,Not Picked,1
36,2024-02-24,Medium,Not Picked,1
36,2024-02-25,Low,Not Picked,0
36,2024-02-26,High,Picked,0
36,2024-02-27,Medium,Picked,0
36,2024-02-28,High,Not Picked,1
36,2024-02-29,Low,Picked,0
36,2024-03-01,Low,Not Picked,0
36,2024-03-02,Low,Not Picked,0
36,2024-03-03,High,Picked,0
36,2024-03-04,Low,Not Picked,0
36,2024-03-05,High,Not Picked,1
36,2024-03-06,Medium,Picked,0
36,2024-03-07,High,Picked,0
36,2024-03-08,High,Picked,0
36,2024-03-09,High,Picked,0
36,2024-03-10,Medium,Picked,0
36,2024-03-11,Medium,Not Picked,0
36,2024-03-12,Medium,Not Picked,0
36,2024-03-13,High,Picked,0
36,2024-03-14,Low,Not Picked,0
36,2024-03-15,High,Picked,0
36,2024-03-16,High,Not Picked,1
36,2024-03-17,High,Picked,0
36,2024-03-18,High,Picked,0
36,2024-03-19,Low,Not Picked,0
36,2024-03-20,High,Picked,0
36,2024-03-21,Low,Not Picked,0
36,2024-03-22,Medium,Not Picked,1
36,2024-03-23,Medium,Picked,0
36,2024-03-24,Medium,Not Picked,0
36,2024-03-25,Medium,Not Picked,1
36,2024-03-26,Medium,Not Picked,2
36,2024-03-27,Medium,Picked,0
36,2024-03-28,Low,Not Picked,0
36,2024-03-29,Medium,Not Picked,1
36,2024-03-30,Low,Picked,0
36,2024-03-31,High,Picked,0
36,2024-04-01,High,Not Picked,1
36,2024-04-02,Medium,Picked,0
36,2024-04-03,Medium,Not Picked,1
36,2024-04-04,Medium,Not Picked,1
36,2024-04-05,Medium,Picked,0
36,2024-04-06,Medium,Not Picked,0
36,2024-04-07,Medium,Not Picked,1
36,2024-04-08,High,Picked,0
36,2024-04-09,High,Picked,0
36,2024-04-10,Medium,Not Picked,0
36,2024-04-11,High,Not Picked,1
36,2024-04-12,High,Picked,0
36,2024-04-13,Medium,Not Picked,0
36,2024-04-14,High,Picked,0
36,2024-04-15,Medium,Not Picked,0
36,2024-04-16,Medium,Not Picked,1
36,2024-04-17,High,Not Picked,3
36,2024-04-18,High,Picked,0
36,2024-04-19,Medium,Picked,0
36,2024-04-20,Medium,Not Picked,0
36,2024-04-21,High,Picked,0
36,2024-04-22,Medium,Picked,0
36,2024-04-23,Medium,Not Picked,0
36,2024-04-24,Medium,Not Picked,0
36,2024-04-25,High,Not Picked,1
36,2024-04-26,Medium,Picked,0
36,2024-04-27,High,Picked,0
36,2024-04-28,Low,Not Picked,0
36,2024-04-29,Low,Not Picked,0
37,2024-01-01,High,Not Picked,2
37,2024-01-02,Low,Not Picked,2
37,2024-01-03,High,Picked,0
37,2024-01-04,High,Picked,0
37,2024-01-05,Medium,Picked,0
37,2024-01-06,Low,Not Picked,0
37,2024-01-07,Low,Not Picked,0
37,2024-01-08,Low,Not Picked,0
37,2024-01-09,Low,Not Picked,0
37,2024-01-10,Medium,Not Picked,1
37,2024-01-11,Low,Picked,0
37,2024-01-12,Low,Not Picked,0
37,2024-01-13,Medium,Not Picked,0
37,2024-01-14,Low,Not Picked,0
37,2024-01-15,Medium,Not Picked,1
37,2024-01-16,Low,Not Picked,0
37,2024-01-17,High,Not Picked,1
37,2024-01-18,Medium,Not Picked,2
37,2024-01-19,Low,Not Picked,2
37,2024-01-20,Low,Picked,0
37,2024-01-21,Medium,Picked,0
37,2024-01-22,Low,Not Picked,0
37,2024-01-23,Low,Not Picked,0
37,2024-01-24,Medium,Picked,0
37,2024-01-25,Medium,Not Picked,1
37,2024-01-26,Medium,Not Picked,1
37,2024-01-27,Medium,Picked,0
37,2024-01-28,Medium,Not Picked,0
37,2024-01-29,Medium,Not Picked,0
37,2024-01-30,Medium,Picked,0
37,2024-01-31,High,Picked,0
37,2024-02-01,High,Picked,0
37,2024-02-02,High,Not Picked,2
37,2024-02-03,Low,Not Picked,1
37,2024-02-04,Low,Not Picked,1
37,2024-02-05,Low,Not Picked,1
37,2024-02-06,Low,Picked,0
37,2024-02-07,High,Not Picked,2
37,2024-02-08,Low,Not Picked,2
37,2024-02-09,Low,Picked,0
37,2024-02-10,Low,Not Picked,0
37,2024-02-11,Medium,Picked,0
37,2024-02-12,Low,Picked,0
37,2024-02-13,Low,Not Picked,0
37,2024-02-14,Medium,Not Picked,0
37,2024-02-15,Medium,Not Picked,0
37,2024-02-16,Low,Not Picked,0
37,2024-02-17,Medium,Picked,0
37,2024-02-18,Low,Picked,0
37,2024-02-19,Low,Not Picked,0
37,2024-02-20,Low,Not Picked,0
37,2024-02-21,Low,Not Picked,0
37,2024-02-22,Medium,Not Picked,1
37,2024-02-23,Low,Not Picked,1
37,2024-02-24,Medium,Not Picked,2
37,2024-02-25,Medium,Not Picked,3
37,2024-02-26,Medium,Picked,0
37,2024-02-27,Medium,Not Picked,0
37,2024-02-28,Low,Not Picked,0
37,2024-02-29,High,Not Picked,2
37,2024-03-01,Low,Picked,0
37,2024-03-02,Medium,Not Picked,1
37,2024-03-03,Medium,Not Picked,2
37,2024-03-04,Low,Not Picked,2
37,2024-03-05,Medium,Not Picked,2
37,2024-03-06,Low,Not Picked,1
37,2024-03-07,Medium,Not Picked,2
37,2024-03-08,Low,Not Picked,2
37,2024-03-09,Medium,Not Picked,3
37,2024-03-10,Low,Not Picked,2
37,2024-03-11,Medium,Picked,0
37,2024-03-12,Medium,Not Picked,0
37,2024-03-13,Low,Picked,0
37,2024-03-14,High,Picked,0
37,2024-03-15,High,Not Picked,1
37,2024-03-16,Medium,Picked,0
37,2024-03-17,Low,Not Picked,0
37,2024-03-18,Low,Not Picked,0
37,2024-03-19,Medium,Not Picked,0
37,2024-03-20,Low,Not Picked,0
37,2024-03-21,Medium,Picked,0
37,2024-03-22,Low,Picked,0
37,2024-03-23,High,Not Picked,1
37,2024-03-24,Medium,Not Picked,2
37,2024-03-25,Medium,Not Picked,2
37,2024-03-26,Medium,Picked,0
37,2024-03-27,High,Picked,0
37,2024-03-28,Low,Not Picked,0
37,2024-03-29,Low,Picked,0
37,2024-03-30,Low,Not Picked,0
37,2024-03-31,Medium,Not Picked,1
37,2024-04-01,Low,Not Picked,0
37,2024-04-02,Medium,Not Picked,0
37,2024-04-03,Low,Not Picked,0
37,2024-04-04,Medium,Picked,0
37,2024-04-05,Low,Not Picked,0
37,2024-04-06,Low,Not Picked,0
37,2024-04-07,Medium,Not Picked,0
37,2024-04-08,Low,Not Picked,0
37,2024-04-09,Low,Not Picked,0
37,2024-04-10,Medium,Picked,0
37,2024-04-11,Medium,Picked,0
37,2024-04-12,Low,Not Picked,0
37,2024-04-13,Low,Not Picked,0
37,2024-04-14,Low,Not Picked,0
37,2024-04-15,Medium,Not Picked,1
37,2024-04-16,Medium,Not Picked,1
37,2024-04-17,Medium,Not Picked,1
37,2024-04-18,Low,Not Picked,0
37,2024-04-19,Medium,Not Picked,1
37,2024-04-20,Medium,Not Picked,2
37,2024-04-21,Low,Picked,0
37,2024-04-22,Medium,Not Picked,1
37,2024-04-23,Low,Picked,0
37,2024-04-24,High,Not Picked,1
37,2024-04-25,Low,Not Picked,1
37,2024-04-26,Low,Not Picked,1
37,2024-04-27,Low,Picked,0
37,2024-04-28,Medium,Not Picked,0
37,2024-04-29,Medium,Not Picked,0
38,2024-01-01,Medium,Not Picked,0
38,2024-01-02,Low,Not Picked,0
38,2024-01-03,Medium,Not Picked,1
38,2024-01-04,Low,Not Picked,1
38,2024-01-05,Medium,Not Picked,1
38,2024-01-06,Low,Not Picked,1
38,2024-01-07,Medium,Not Picked,1
38,2024-01-08,Medium,Not Picked,1
38,2024-01-09,Low,Not Picked,0
38,2024-01-10,Medium,Not Picked,1
38,2024-01-11,Low,Not Picked,1
38,2024-01-12,Low,Not Picked,1
38,2024-01-13,Low,Not Picked,0
38,2024-01-14,Low,Not Picked,0
38,2024-01-15,Medium,Picked,0
38,2024-01-16,Low,Not Picked,0
38,2024-01-17,Medium,Not Picked,1
38,2024-01-18,Medium,Not Picked,2
38,2024-01-19,Medium,Picked,0
38,2024-01-20,Low,Not Picked,0
38,2024-01-21,Low,Not Picked,0
38,2024-01-22,Low,Not Picked,0
38,2024-01-23,Low,Not Picked,0
38,2024-01-24,High,Not Picked,1
38,2024-01-25,Medium,Not Picked,1
38,2024-01-26,Medium,Picked,0
38,2024-01-27,Low,Not Picked,0
38,2024-01-28,Medium,Not Picked,1
38,2024-01-29,Medium,Picked,0
38,2024-01-30,Medium,Not Picked,1
38,2024-01-31,Low,Not Picked,1
38,2024-02-01,Medium,Not Picked,2
38,2024-02-02,Low,Not Picked,1
38,2024-02-03,High,Picked,0
38,2024-02-04,Low,Not Picked,0
38,2024-02-05,Medium,Not Picked,1
38,2024-02-06,Medium,Picked,0
38,2024-02-07,Low,Not Picked,0
38,2024-02-08,Medium,Not Picked,0
38,2024-02-09,High,Not Picked,2
38,2024-02-10,Low,Picked,0
38,2024-02-11,Medium,Not Picked,1
38,2024-02-12,Medium,Picked,0
38,2024-02-13,High,Not Picked,2
38,2024-02-14,High,Not Picked,3
38,2024-02-15,High,Picked,0
38,2024-02-16,Low,Not Picked,0
38,2024-02-17,Low,Not Picked,0
38,2024-02-18,Medium,Not Picked,0
38,2024-02-19,High,Not Picked,2
38,2024-02-20,Low,Not Picked,2
38,2024-02-21,Medium,Picked,0
38,2024-02-22,Low,Not Picked,0
38,2024-02-23,High,Not Picked,2
38,2024-02-24,Medium,Not Picked,3
38,2024-02-25,High,Picked,0
38,2024-02-26,Medium,Not Picked,0
38,2024-02-27,Low,Not Picked,0
38,2024-02-28,Medium,Not Picked,1
38,2024-02-29,Low,Picked,0
38,2024-03-01,Low,Not Picked,0
38,2024-03-02,Medium,Not Picked,1
38,2024-03-03,Low,Not Picked,0
38,2024-03-04,Low,Picked,0
38,2024-03-05,Low,Not Picked,0
38,2024-03-06,Medium,Not Picked,1
38,2024-03-07,Low,Not Picked,1
38,2024-03-08,Low,Picked,0
38,2024-03-09,High,Not Picked,1
38,2024-03-10,Low,Picked,0
38,2024-03-11,High,Not Picked,2
38,2024-03-12,High,Picked,0
38,2024-03-13,Low,Not Picked,0
38,2024-03-14,Low,Not Picked,0
38,2024-03-15,Low,Not Picked,0
38,2024-03-16,Low,Not Picked,0
38,2024-03-17,Medium,Picked,0
38,2024-03-18,Low,Not Picked,0
38,2024-03-19,Medium,Not Picked,1
38,2024-03-20,Medium,Not Picked,1
38,2024-03-21,Low,Not Picked,1
38,2024-03-22,Low,Not Picked,1
38,2024-03-23,Low,Not Picked,0
38,2024-03-24,High,Not Picked,1
38,2024-03-25,Medium,Picked,0
38,2024-03-26,Medium,Not Picked,0
38,2024-03-27,Low,Picked,0
38,2024-03-28,Low,Not Picked,0
38,2024-03-29,Medium,Not Picked,0
38,2024-03-30,Medium,Not Picked,1
38,2024-03-31,Medium,Not Picked,1
38,2024-04-01,High,Picked,0
38,2024-04-02,Low,Not Picked,0
38,2024-04-03,Medium,Not Picked,1
38,2024-04-04,High,Picked,0
38,2024-04-05,Medium,Not Picked,1
38,2024-04-06,Low,Not Picked,1
38,2024-04-07,Medium,Picked,0
38,2024-04-08,Medium,Picked,0
38,2024-04-09,Low,Not Picked,0
38,2024-04-10,High,Picked,0
38,2024-04-11,Medium,Not Picked,0
38,2024-04-12,Medium,Not Picked,1
38,2024-04-13,Medium,Not Picked,1
38,2024-04-14,Low,Picked,0
38,2024-04-15,Low,Not Picked,0
38,2024-04-16,High,Picked,0
38,2024-04-17,Low,Not Picked,0
38,2024-04-18,Medium,Not Picked,1
38,2024-04-19,Low,Not Picked,0
38,2024-04-20,Low,Picked,0
38,2024-04-21,High,Not Picked,1
38,2024-04-22,Low,Picked,0
38,2024-04-23,Medium,Not Picked,1
38,2024-04-24,Low,Picked,0
38,2024-04-25,High,Not Picked,2
38,2024-04-26,High,Picked,0
38,2024-04-27,Low,Not Picked,0
38,2024-04-28,Low,Not Picked,0
38,2024-04-29,Low,Not Picked,0
39,2024-01-01,High,Not Picked,2
39,2024-01-02,Low,Picked,0
39,2024-01-03,High,Picked,0
39,2024-01-04,High,Picked,0
39,2024-01-05,Medium,Not Picked,1
39,2024-01-06,High,Picked,0
39,2024-01-07,Low,Picked,0
39,2024-01-08,High,Not Picked,2
39,2024-01-09,Medium,Picked,0
39,2024-01-10,Medium,Not Picked,0
39,2024-01-11,Medium,Not Picked,0
39,2024-01-12,Medium,Not Picked,0
39,2024-01-13,High,Picked,0
39,2024-01-14,High,Picked,0
39,2024-01-15,High,Not Picked,2
39,2024-01-16,Low,Picked,0
39,2024-01-17,Low,Not Picked,0
39,2024-01-18,High,Picked,0
39,2024-01-19,High,Picked,0
39,2024-01-20,High,Not Picked,1
39,2024-01-21,Medium,Not Picked,2
39,2024-01-22,Medium,Picked,0
39,2024-01-23,Medium,Not Picked,0
39,2024-01-24,High,Picked,0
39,2024-01-25,High,Picked,0
39,2024-01-26,Medium,Picked,0
39,2024-01-27,High,Not Picked,2
39,2024-01-28,High,Picked,0
39,2024-01-29,High,Picked,0
39,2024-01-30,Medium,Not Picked,1
39,2024-01-31,High,Not Picked,2
39,2024-02-01,High,Picked,0
39,2024-02-02,Medium,Picked,0
39,2024-02-03,Medium,Not Picked,0
39,2024-02-04,Medium,Picked,0
39,2024-02-05,High,Not Picked,1
39,2024-02-06,High,Not Picked,2
39,2024-02-07,Medium,Picked,0
39,2024-02-08,High,Not Picked,2
39,2024-02-09,High,Picked,0
39,2024-02-10,Low,Not Picked,0
39,2024-02-11,Low,Not Picked,0
39,2024-02-12,High,Picked,0
39,2024-02-13,High,Not Picked,1
39,2024-02-14,High,Picked,0
39,2024-02-15,Low,Not Picked,0
39,2024-02-16,High,Picked,0
39,2024-02-17,Medium,Not Picked,0
39,2024-02-18,Medium,Not Picked,1
39,2024-02-19,Low,Not Picked,0
39,2024-02-20,Medium,Picked,0
39,2024-02-21,Medium,Picked,0
39,2024-02-22,Low,Not Picked,0
39,2024-02-23,High,Picked,0
39,2024-02-24,Low,Not Picked,0
39,2024-02-25,Medium,Picked,0
39,2024-02-26,High,Picked,0
39,2024-02-27,Low,Not Picked,0
39,2024-02-28,High,Not Picked,2
39,2024-02-29,High,Picked,0
39,2024-03-01,High,Picked,0
39,2024-03-02,Low,Not Picked,0
39,2024-03-03,Low,Not Picked,0
39,2024-03-04,Medium,Not Picked,0
39,2024-03-05,High,Not Picked,1
39,2024-03-06,High,Not Picked,2
39,2024-03-07,High,Picked,0
39,2024-03-08,Low,Not Picked,0
39,2024-03-09,High,Picked,0
39,2024-03-10,High,Picked,0
39,2024-03-11,Medium,Not Picked,1
39,2024-03-12,High,Not Picked,2
39,2024-03-13,Low,Not Picked,2
39,2024-03-14,Low,Not Picked,2
39,2024-03-15,High,Picked,0
39,2024-03-16,Low,Not Picked,0
39,2024-03-17,Medium,Not Picked,0
39,2024-03-18,Medium,Not Picked,1
39,2024-03-19,Medium,Not Picked,2
39,2024-03-20,High,Picked,0
39,2024-03-21,Medium,Not Picked,1
39,2024-03-22,Medium,Not Picked,1
39,2024-03-23,High,Not Picked,2
39,2024-03-24,Medium,Not Picked,3
39,2024-03-25,Medium,Picked,0
39,2024-03-26,Medium,Picked,0
39,2024-03-27,Medium,Not Picked,0
39,2024-03-28,Low,Not Picked,0
39,2024-03-29,Medium,Not Picked,0
39,2024-03-30,Medium,Picked,0
39,2024-03-31,Medium,Not Picked,0
39,2024-04-01,Medium,Picked,0
39,2024-04-02,High,Not Picked,2
39,2024-04-03,High,Not Picked,4
39,2024-04-04,Medium,Picked,0
39,2024-04-05,High,Not Picked,1
39,2024-04-06,Medium,Not Picked,2
39,2024-04-07,Low,Picked,0
39,2024-04-08,High,Not Picked,1
39,2024-04-09,Medium,Picked,0
39,2024-04-10,Medium,Not Picked,0
39,2024-04-11,Low,Not Picked,0
39,2024-04-12,High,Picked,0
39,2024-04-13,Medium,Not Picked,1
39,2024-04-14,Low,Picked,0
39,2024-04-15,High,Picked,0
39,2024-04-16,High,Picked,0
39,2024-04-17,Medium,Not Picked,0
39,2024-04-18,High,Not Picked,2
39,2024-04-19,Medium,Not Picked,3
39,2024-04-20,Low,Picked,0
39,2024-04-21,Medium,Not Picked,1
39,2024-04-22,Low,Not Picked,0
39,2024-04-23,High,Not Picked,1
39,2024-04-24,Medium,Not Picked,1
39,2024-04-25,High,Not Picked,2
39,2024-04-26,High,Picked,0
39,2024-04-27,Medium,Not Picked,0
39,2024-04-28,High,Not Picked,1
39,2024-04-29,Low,Not Picked,0
40,2024-01-01,Low,Not Picked,0
40,2024-01-02,High,Picked,0
40,2024-01-03,High,Not Picked,2
40,2024-01-04,High,Picked,0
40,2024-01-05,Medium,Not Picked,1
40,2024-01-06,Medium,Not Picked,2
40,2024-01-07,Medium,Picked,0
40,2024-01-08,Medium,Not Picked,0
40,2024-01-09,Low,Not Picked,0
40,2024-01-10,Medium,Not Picked,0
40,2024-01-11,Medium,Not Picked,0
40,2024-01-12,Low,Not Picked,0
40,2024-01-13,Low,Not Picked,0
40,2024-01-14,Medium,Not Picked,1
40,2024-01-15,Medium,Picked,0
40,2024-01-16,Low,Not Picked,0
40,2024-01-17,High,Not Picked,1
40,2024-01-18,Low,Not Picked,0
40,2024-01-19,High,Not Picked,1
40,2024-01-20,Medium,Not Picked,2
40,2024-01-21,High,Picked,0
40,2024-01-22,High,Picked,0
40,2024-01-23,Medium,Not Picked,0
40,2024-01-24,Low,Picked,0
40,2024-01-25,Medium,Not Picked,1
40,2024-01-26,High,Picked,0
40,2024-01-27,Low,Not Picked,0
40,2024-01-28,Medium,Not Picked,0
40,2024-01-29,High,Not Picked,1
40,2024-01-30,Low,Not Picked,1
40,2024-01-31,Medium,Not Picked,1
40,2024-02-01,Low,Not Picked,1
40,2024-02-02,Medium,Not Picked,2
40,2024-02-03,Medium,Picked,0
40,2024-02-04,Medium,Not Picked,1
40,2024-02-05,High,Picked,0
40,2024-02-06,Low,Not Picked,0
40,2024-02-07,Medium,Not Picked,0
40,2024-02-08,Low,Picked,0
40,2024-02-09,Low,Picked,0
40,2024-02-10,Low,Not Picked,0
40,2024-02-11,Medium,Not Picked,0
40,2024-02-12,Medium,Picked,0
40,2024-02-13,Low,Not Picked,0
40,2024-02-14,Low,Not Picked,0
40,2024-02-15,High,Not Picked,2
40,2024-02-16,High,Picked,0
40,2024-02-17,Medium,Picked,0
40,2024-02-18,Low,Not Picked,0
40,2024-02-19,High,Picked,0
40,2024-02-20,Low,Not Picked,0
40,2024-02-21,High,Picked,0
40,2024-02-22,Low,Not Picked,0
40,2024-02-23,Medium,Not Picked,0
40,2024-02-24,High,Not Picked,2
40,2024-02-25,High,Picked,0
40,2024-02-26,Low,Not Picked,0
40,2024-02-27,Medium,Picked,0
40,2024-02-28,Medium,Not Picked,1
40,2024-02-29,Medium,Picked,0
40,2024-03-01,Low,Not Picked,0
40,2024-03-02,Medium,Not Picked,0
40,2024-03-03,Medium,Not Picked,0
40,2024-03-04,Low,Picked,0
40,2024-03-05,Low,Not Picked,0
40,2024-03-06,Medium,Picked,0
40,2024-03-07,Low,Not Picked,0
40,2024-03-08,High,Picked,0
40,2024-03-09,Medium,Not Picked,0
40,2024-03-10,Low,Not Picked,0
40,2024-03-11,Medium,Picked,0
40,2024-03-12,High,Picked,0
40,2024-03-13,Medium,Not Picked,1
40,2024-03-14,Low,Not Picked,1
40,2024-03-15,High,Picked,0
40,2024-03-16,Low,Not Picked,0
40,2024-03-17,Medium,Picked,0
40,2024-03-18,Low,Not Picked,0
40,2024-03-19,Medium,Not Picked,0
40,2024-03-20,Low,Not Picked,0
40,2024-03-21,Medium,Not Picked,0
40,2024-03-22,Low,Not Picked,0
40,2024-03-23,Medium,Picked,0
40,2024-03-24,Medium,Not Picked,1
40,2024-03-25,Low,Not Picked,0
40,2024-03-26,Medium,Not Picked,0
40,2024-03-27,Medium,Not Picked,0
40,2024-03-28,Low,Not Picked,0
40,2024-03-29,Low,Not Picked,0
40,2024-03-30,Medium,Not Picked,1
40,2024-03-31,Low,Not Picked,1
40,2024-04-01,Low,Not Picked,1
40,2024-04-02,Low,Not Picked,0
40,2024-04-03,Low,Not Picked,0
40,2024-04-04,High,Not Picked,2
40,2024-04-05,Low,Not Picked,1
40,2024-04-06,Low,Not Picked,0
40,2024-04-07,Low,Picked,0
40,2024-04-08,Low,Picked,0
40,2024-04-09,Medium,Not Picked,1
40,2024-04-10,Low,Not Picked,1
40,2024-04-11,Low,Not Picked,0
40,2024-04-12,Medium,Picked,0
40,2024-04-13,High,Not Picked,2
40,2024-04-14,Low,Not Picked,1
40,2024-04-15,Medium,Not Picked,2
40,2024-04-16,High,Not Picked,4
40,2024-04-17,Low,Picked,0
40,2024-04-18,Low,Not Picked,0
40,2024-04-19,Low,Picked,0
40,2024-04-20,Low,Not Picked,0
40,2024-04-21,Low,Not Picked,0
40,2024-04-22,Medium,Not Picked,1
40,2024-04-23,Low,Picked,0
40,2024-04-24,High,Picked,0
40,2024-04-25,Low,Not Picked,0
40,2024-04-26,High,Picked,0
40,2024-04-27,Medium,Not Picked,1
40,2024-04-28,Medium,Not Picked,2
40,2024-04-29,Medium,Picked,0
41,2024-01-01,Medium,Picked,0
41,2024-01-02,High,Not Picked,2
41,2024-01-03,Medium,Not Picked,3
41,2024-01-04,Low,Not Picked,2
41,2024-01-05,Low,Picked,0
41,2024-01-06,Medium,Not Picked,0
41,2024-01-07,Medium,Not Picked,1
41,2024-01-08,Medium,Picked,0
41,2024-01-09,Medium,Not Picked,1
41,2024-01-10,Medium,Not Picked,2
41,2024-01-11,Medium,Picked,0
41,2024-01-12,High,Not Picked,2
41,2024-01-13,Medium,Picked,0
41,2024-01-14,Low,Not Picked,0
41,2024-01-15,Medium,Not Picked,1
41,2024-01-16,Low,Picked,0
41,2024-01-17,Medium,Picked,0
41,2024-01-18,Low,Not Picked,0
41,2024-01-19,Low,Picked,0
41,2024-01-20,Medium,Not Picked,0
41,2024-01-21,Low,Not Picked,0
41,2024-01-22,High,Not Picked,2
41,2024-01-23,Low,Picked,0
41,2024-01-24,Medium,Not Picked,0
41,2024-01-25,Low,Not Picked,0
41,2024-01-26,Low,Not Picked,0
41,2024-01-27,Low,Not Picked,0
41,2024-01-28,Low,Not Picked,0
41,2024-01-29,Medium,Not Picked,1
41,2024-01-30,Low,Picked,0
41,2024-01-31,Low,Not Picked,0
41,2024-02-01,Low,Not Picked,0
41,2024-02-02,Medium,Not Picked,0
41,2024-02-03,Medium,Not Picked,0
41,2024-02-04,High,Picked,0
41,2024-02-05,High,Picked,0
41,2024-02-06,Medium,Not Picked,1
41,2024-02-07,Medium,Not Picked,2
41,2024-02-08,Medium,Picked,0
41,2024-02-09,Low,Not Picked,0
41,2024-02-10,Medium,Picked,0
41,2024-02-11,High,Not Picked,2
41,2024-02-12,High,Picked,0
41,2024-02-13,Low,Not Picked,0
41,2024-02-14,Low,Not Picked,0
41,2024-02-15,Low,Not Picked,0
41,2024-02-16,Low,Not Picked,0
41,2024-02-17,Medium,Picked,0
41,2024-02-18,Low,Not Picked,0
41,2024-02-19,Medium,Not Picked,1
41,2024-02-20,High,Picked,0
41,2024-02-21,High,Not Picked,2
41,2024-02-22,Low,Not Picked,1
41,2024-02-23,Medium,Not Picked,1
41,2024-02-24,Low,Not Picked,1
41,2024-02-25,Medium,Not Picked,2
41,2024-02-26,Low,Not Picked,1
41,2024-02-27,Low,Picked,0
41,2024-02-28,Low,Not Picked,0
41,2024-02-29,Medium,Not Picked,0
41,2024-03-01,Medium,Picked,0
41,2024-03-02,Medium,Not Picked,0
41,2024-03-03,Low,Not Picked,0
41,2024-03-04,Low,Not Picked,0
41,2024-03-05,High,Not Picked,2
41,2024-03-06,Medium,Picked,0
41,2024-03-07,Medium,Not Picked,0
41,2024-03-08,Low,Picked,0
41,2024-03-09,Low,Not Picked,0
41,2024-03-10,Low,Not Picked,0
41,2024-03-11,Medium,Not Picked,1
41,2024-03-12,Low,Picked,0
41,2024-03-13,Medium,Not Picked,1
41,2024-03-14,Medium,Picked,0
41,2024-03-15,Low,Not Picked,0
41,2024-03-16,Low,Not Picked,0
41,2024-03-17,Medium,Not Picked,1
41,2024-03-18,Low,Not Picked,0
41,2024-03-19,Low,Picked,0
41,2024-03-20,Medium,Not Picked,0
41,2024-03-21,Low,Picked,0
41,2024-03-22,High,Not Picked,1
41,2024-03-23,Low,Not Picked,0
41,2024-03-24,Low,Not Picked,0
41,2024-03-25,Medium,Not Picked,1
41,2024-03-26,Medium,Not Picked,1
41,2024-03-27,Medium,Picked,0
41,2024-03-28,Medium,Not Picked,0
41,2024-03-29,Medium,Not Picked,1
41,2024-03-30,Medium,Picked,0
41,2024-03-31,Low,Not Picked,0
41,2024-04-01,Low,Not Picked,0
41,2024-04-02,Low,Not Picked,0
41,2024-04-03,High,Not Picked,2
41,2024-04-04,Medium,Not Picked,3
41,2024-04-05,High,Picked,0
41,2024-04-06,Low,Not Picked,0
41,2024-04-07,Medium,Not Picked,1
41,2024-04-08,Medium,Not Picked,2
41,2024-04-09,Medium,Picked,0
41,2024-04-10,Low,Not Picked,0
41,2024-04-11,Medium,Not Picked,1
41,2024-04-12,Low,Not Picked,1
41,2024-04-13,High,Not Picked,3
41,2024-04-14,Medium,Not Picked,4
41,2024-04-15,Low,Picked,0
41,2024-04-16,Low,Picked,0
41,2024-04-17,Medium,Not Picked,0
41,2024-04-18,Low,Not Picked,0
41,2024-04-19,Low,Not Picked,0
41,2024-04-20,High,Picked,0
41,2024-04-21,Medium,Picked,0
41,2024-04-22,Low,Not Picked,0
41,2024-04-23,Medium,Not Picked,0
41,2024-04-24,Medium,Not Picked,1
41,2024-04-25,Low,Picked,0
41,2024-04-26,Low,Not Picked,0
41,2024-04-27,Low,Not Picked,0
41,2024-04-28,High,Picked,0
41,2024-04-29,High,Picked,0
42,2024-01-01,Medium,Not Picked,0
42,2024-01-02,Low,Not Picked,0
42,2024-01-03,Medium,Not Picked,0
42,2024-01-04,High,Picked,0
42,2024-01-05,Low,Not Picked,0
42,2024-01-06,Low,Not Picked,0
42,2024-01-07,High,Picked,0
42,2024-01-08,High,Picked,0
42,2024-01-09,Medium,Picked,0
42,2024-01-10,High,Picked,0
42,2024-01-11,Medium,Picked,0
42,2024-01-12,Low,Picked,0
42,2024-01-13,Low,Not Picked,0
42,2024-01-14,High,Picked,0
42,2024-01-15,Low,Not Picked,0
42,2024-01-16,High,Not Picked,1
42,2024-01-17,Low,Not Picked,0
42,2024-01-18,Medium,Not Picked,0
42,2024-01-19,Low,Not Picked,0
42,2024-01-20,Medium,Not Picked,0
42,2024-01-21,Low,Not Picked,0
42,2024-01-22,High,Not Picked,2
42,2024-01-23,Low,Not Picked,1
42,2024-01-24,High,Picked,0
42,2024-01-25,Low,Not Picked,0
42,2024-01-26,Medium,Not Picked,1
42,2024-01-27,Low,Picked,0
42,2024-01-28,Medium,Not Picked,0
42,2024-01-29,Medium,Picked,0
42,2024-01-30,Low,Not Picked,0
42,2024-01-31,High,Picked,0
42,2024-02-01,High,Not Picked,1
42,2024-02-02,Low,Picked,0
42,2024-02-03,Low,Not Picked,0
42,2024-02-04,Low,Not Picked,0
42,2024-02-05,High,Not Picked,1
42,2024-02-06,Medium,Picked,0
42,2024-02-07,Medium,Not Picked,0
42,2024-02-08,Low,Not Picked,0
42,2024-02-09,High,Picked,0
42,2024-02-10,Low,Not Picked,0
42,2024-02-11,Low,Not Picked,0
42,2024-02-12,Low,Not Picked,0
42,2024-02-13,Medium,Not Picked,1
42,2024-02-14,Medium,Not Picked,2
42,2024-02-15,Low,Not Picked,1
42,2024-02-16,Low,Not Picked,1
42,2024-02-17,Medium,Not Picked,1
42,2024-02-18,Medium,Not Picked,1
42,2024-02-19,Low,Not Picked,1
42,2024-02-20,Low,Not Picked,0
42,2024-02-21,Medium,Not Picked,0
42,2024-02-22,High,Not Picked,2
42,2024-02-23,Low,Not Picked,1
42,2024-02-24,Low,Not Picked,0
42,2024-02-25,Low,Not Picked,0
42,2024-02-26,Low,Not Picked,0
42,2024-02-27,Low,Not Picked,0
42,2024-02-28,Medium,Picked,0
42,2024-02-29,Low,Not Picked,0
42,2024-03-01,Low,Not Picked,0
42,2024-03-02,Low,Not Picked,0
42,2024-03-03,High,Not Picked,2
42,2024-03-04,Medium,Not Picked,2
42,2024-03-05,Medium,Not Picked,3
42,2024-03-06,High,Picked,0
42,2024-03-07,Low,Not Picked,0
42,2024-03-08,Medium,Not Picked,1
42,2024-03-09,Medium,Not Picked,1
42,2024-03-10,High,Not Picked,3
42,2024-03-11,Medium,Picked,0
42,2024-03-12,Medium,Picked,0
42,2024-03-13,Medium,Not Picked,0
42,2024-03-14,Medium,Not Picked,0
42,2024-03-15,Low,Not Picked,0
42,2024-03-16,Low,Not Picked,0
42,2024-03-17,Low,Not Picked,0
42,2024-03-18,Medium,Not Picked,0
42,2024-03-19,Medium,Picked,0
42,2024-03-20,Low,Not Picked,0
42,2024-03-21,Low,Not Picked,0
42,2024-03-22,Low,Not Picked,0
42,2024-03-23,Medium,Picked,0
42,2024-03-24,High,Not Picked,1
42,2024-03-25,Low,Not Picked,0
42,2024-03-26,Low,Not Picked,0
42,2024-03-27,Low,Not Picked,0
42,2024-03-28,Medium,Not Picked,0
42,2024-03-29,Medium,Not Picked,0
42,2024-03-30,Low,Not Picked,0
42,2024-03-31,Low,Not Picked,0
42,2024-04-01,Medium,Not Picked,0
42,2024-04-02,Low,Not Picked,0
42,2024-04-03,Medium,Not Picked,0
42,2024-04-04,Low,Not Picked,0
42,2024-04-05,High,Picked,0
42,2024-04-06,Low,Not Picked,0
42,2024-04-07,Low,Not Picked,0
42,2024-04-08,Medium,Not Picked,1
42,2024-04-09,Low,Picked,0
42,2024-04-10,High,Not Picked,2
42,2024-04-11,Medium,Not Picked,3
42,2024-04-12,Medium,Picked,0
42,2024-04-13,Medium,Not Picked,1
42,2024-04-14,Low,Picked,0
42,2024-04-15,Medium,Not Picked,0
42,2024-04-16,Low,Picked,0
42,2024-04-17,Low,Not Picked,0
42,2024-04-18,Medium,Not Picked,1
42,2024-04-19,Low,Picked,0
42,2024-04-20,Medium,Not Picked,1
42,2024-04-21,Low,Not Picked,0
42,2024-04-22,Medium,Not Picked,1
42,2024-04-23,Low,Picked,0
42,2024-04-24,High,Picked,0
42,2024-04-25,High,Picked,0
42,2024-04-26,High,Not Picked,2
42,2024-04-27,High,Picked,0
42,2024-04-28,Medium,Not Picked,1
42,2024-04-29,Medium,Not Picked,2
43,2024-01-01,High,Picked,0
43,2024-01-02,Low,Not Picked,0
43,2024-01-03,Low,Not Picked,0
43,2024-01-04,High,Picked,0
43,2024-01-05,Medium,Not Picked,1
43,2024-01-06,High,Picked,0
43,2024-01-07,Medium,Picked,0
43,2024-01-08,Medium,Not Picked,0
43,2024-01-09,Low,Not Picked,0
43,2024-01-10,Medium,Picked,0
43,2024-01-11,High,Picked,0
43,2024-01-12,Low,Not Picked,0
43,2024-01-13,Low,Picked,0
43,2024-01-14,High,Not Picked,1
43,2024-01-15,Medium,Picked,0
43,2024-01-16,Medium,Not Picked,1
43,2024-01-17,High,Not Picked,2
43,2024-01-18,Medium,Not Picked,3
43,2024-01-19,Medium,Not Picked,3
43,2024-01-20,Low,Not Picked,2
43,2024-01-21,Low,Picked,0
43,2024-01-22,High,Not Picked,1
43,2024-01-23,High,Not Picked,2
43,2024-01-24,Medium,Not Picked,3
43,2024-01-25,Medium,Not Picked,3
43,2024-01-26,High,Not Picked,5
43,2024-01-27,Medium,Not Picked,5
43,2024-01-28,Low,Picked,0
43,2024-01-29,Medium,Not Picked,0
43,2024-01-30,Medium,Not Picked,0
43,2024-01-31,Medium,Not Picked,1
43,2024-02-01,Low,Not Picked,1
43,2024-02-02,Low,Not Picked,0
43,2024-02-03,Low,Not Picked,0
43,2024-02-04,Low,Not Picked,0
43,2024-02-05,Medium,Picked,0
43,2024-02-06,Medium,Not Picked,0
43,2024-02-07,Medium,Not Picked,0
43,2024-02-08,Medium,Picked,0
43,2024-02-09,Medium,Not Picked,0
43,2024-02-10,Low,Not Picked,0
43,2024-02-11,Low,Not Picked,0
43,2024-02-12,Medium,Picked,0
43,2024-02-13,Medium,Picked,0
43,2024-02-14,High,Picked,0
43,2024-02-15,Medium,Not Picked,0
43,2024-02-16,Medium,Not Picked,0
43,2024-02-17,Low,Not Picked,0
43,2024-02-18,Medium,Not Picked,1
43,2024-02-19,Medium,Not Picked,2
43,2024-02-20,Low,Not Picked,1
43,2024-02-21,Medium,Not Picked,2
43,2024-02-22,High,Not Picked,4
43,2024-02-23,Low,Picked,0
43,2024-02-24,Low,Not Picked,0
43,2024-02-25,Low,Not Picked,0
43,2024-02-26,Medium,Picked,0
43,2024-02-27,Low,Not Picked,0
43,2024-02-28,Low,Not Picked,0
43,2024-02-29,Low,Not Picked,0
43,2024-03-01,High,Not Picked,2
43,2024-03-02,High,Not Picked,3
43,2024-03-03,Low,Picked,0
43,2024-03-04,Low,Not Picked,0
43,2024-03-05,Medium,Picked,0
43,2024-03-06,Low,Not Picked,0
43,2024-03-07,High,Picked,0
43,2024-03-08,High,Not Picked,2
43,2024-03-09,Low,Not Picked,2
43,2024-03-10,Low,Picked,0
43,2024-03-11,Low,Not Picked,0
43,2024-03-12,Medium,Not Picked,0
43,2024-03-13,Medium,Not Picked,0
43,2024-03-14,Low,Not Picked,0
43,2024-03-15,Medium,Picked,0
43,2024-03-16,Low,Not Picked,0
43,2024-03-17,Low,Not Picked,0
43,2024-03-18,Low,Not Picked,0
43,2024-03-19,Medium,Not Picked,1
43,2024-03-20,High,Not Picked,2
43,2024-03-21,Medium,Not Picked,3
43,2024-03-22,High,Picked,0
43,2024-03-23,Low,Not Picked,0
43,2024-03-24,Low,Not Picked,0
43,2024-03-25,Low,Not Picked,0
43,2024-03-26,Medium,Not Picked,0
43,2024-03-27,Medium,Not Picked,1
43,2024-03-28,Low,Not Picked,0
43,2024-03-29,High,Not Picked,1
43,2024-03-30,Medium,Not Picked,1
43,2024-03-31,Medium,Not Picked,2
43,2024-04-01,Low,Not Picked,1
43,2024-04-02,High,Not Picked,3
43,2024-04-03,Medium,Picked,0
43,2024-04-04,Medium,Not Picked,1
43,2024-04-05,Low,Not Picked,0
43,2024-04-06,Medium,Not Picked,0
43,2024-04-07,Low,Not Picked,0
43,2024-04-08,Low,Not Picked,0
43,2024-04-09,Medium,Not Picked,1
43,2024-04-10,Medium,Not Picked,1
43,2024-04-11,Medium,Picked,0
43,2024-04-12,High,Picked,0
43,2024-04-13,High,Not Picked,1
43,2024-04-14,Medium,Picked,0
43,2024-04-15,Medium,Not Picked,1
43,2024-04-16,Low,Not Picked,1
43,2024-04-17,Medium,Not Picked,2
43,2024-04-18,Low,Not Picked,1
43,2024-04-19,Low,Not Picked,1
43,2024-04-20,Low,Not Picked,1
43,2024-04-21,Medium,Picked,0
43,2024-04-22,Low,Not Picked,0
43,2024-04-23,Low,Not Picked,0
43,2024-04-24,Low,Picked,0
43,2024-04-25,Medium,Not Picked,0
43,2024-04-26,Low,Picked,0
43,2024-04-27,Medium,Not Picked,0
43,2024-04-28,Medium,Not Picked,0
43,2024-04-29,Medium,Not Picked,1
44,2024-01-01,High,Not Picked,2
44,2024-01-02,High,Not Picked,4
44,2024-01-03,Medium,Picked,0
44,2024-01-04,Medium,Not Picked,0
44,2024-01-05,Low,Not Picked,0
44,2024-01-06,Medium,Picked,0
44,2024-01-07,Medium,Picked,0
44,2024-01-08,High,Not Picked,1
44,2024-01-09,High,Picked,0
44,2024-01-10,High,Not Picked,2
44,2024-01-11,High,Not Picked,3
44,2024-01-12,Low,Not Picked,2
44,2024-01-13,High,Picked,0
44,2024-01-14,High,Not Picked,2
44,2024-01-15,High,Not Picked,4
44,2024-01-16,Medium,Picked,0
44,2024-01-17,High,Not Picked,1
44,2024-01-18,Low,Not Picked,1
44,2024-01-19,High,Not Picked,3
44,2024-01-20,High,Picked,0
44,2024-01-21,High,Not Picked,1
44,2024-01-22,High,Picked,0
44,2024-01-23,Low,Not Picked,0
44,2024-01-24,High,Not Picked,2
44,2024-01-25,Medium,Picked,0
44,2024-01-26,High,Not Picked,2
44,2024-01-27,Medium,Not Picked,2
44,2024-01-28,Medium,Not Picked,2
44,2024-01-29,High,Picked,0
44,2024-01-30,High,Not Picked,2
44,2024-01-31,High,Picked,0
44,2024-02-01,High,Not Picked,1
44,2024-02-02,Medium,Picked,0
44,2024-02-03,Medium,Picked,0
44,2024-02-04,Medium,Not Picked,1
44,2024-02-05,Medium,Not Picked,1
44,2024-02-06,High,Not Picked,2
44,2024-02-07,High,Picked,0
44,2024-02-08,High,Not Picked,1
44,2024-02-09,Medium,Picked,0
44,2024-02-10,Medium,Not Picked,0
44,2024-02-11,High,Picked,0
44,2024-02-12,High,Picked,0
44,2024-02-13,High,Picked,0
44,2024-02-14,Medium,Not Picked,0
44,2024-02-15,Low,Not Picked,0
44,2024-02-16,Medium,Picked,0
44,2024-02-17,Medium,Not Picked,1
44,2024-02-18,High,Picked,0
44,2024-02-19,High,Not Picked,2
44,2024-02-20,High,Picked,0
44,2024-02-21,High,Picked,0
44,2024-02-22,Medium,Not Picked,0
44,2024-02-23,High,Picked,0
44,2024-02-24,Medium,Picked,0
44,2024-02-25,Medium,Not Picked,1
44,2024-02-26,High,Picked,0
44,2024-02-27,High,Picked,0
44,2024-02-28,High,Picked,0
44,2024-02-29,High,Picked,0
44,2024-03-01,Medium,Picked,0
44,2024-03-02,High,Not Picked,2
44,2024-03-03,High,Picked,0
44,2024-03-04,High,Picked,0
44,2024-03-05,High,Not Picked,1
44,2024-03-06,Medium,Picked,0
44,2024-03-07,High,Picked,0
44,2024-03-08,Medium,Not Picked,1
44,2024-03-09,Medium,Picked,0
44,2024-03-10,Medium,Not Picked,0
44,2024-03-11,Medium,Not Picked,0
44,2024-03-12,Low,Not Picked,0
44,2024-03-13,Medium,Not Picked,1
44,2024-03-14,High,Not Picked,3
44,2024-03-15,Low,Not Picked,3
44,2024-03-16,High,Picked,0
44,2024-03-17,High,Not Picked,2
44,2024-03-18,High,Picked,0
44,2024-03-19,High,Not Picked,1
44,2024-03-20,Low,Not Picked,0
44,2024-03-21,High,Picked,0
44,2024-03-22,Medium,Not Picked,0
44,2024-03-23,Low,Not Picked,0
44,2024-03-24,Medium,Picked,0
44,2024-03-25,Medium,Picked,0
44,2024-03-26,High,Not Picked,2
44,2024-03-27,Low,Not Picked,2
44,2024-03-28,Medium,Not Picked,3
44,2024-03-29,High,Picked,0
44,2024-03-30,Low,Not Picked,0
44,2024-03-31,High,Picked,0
44,2024-04-01,Medium,Not Picked,1
44,2024-04-02,Medium,Picked,0
44,2024-04-03,High,Not Picked,1
44,2024-04-04,High,Not Picked,3
44,2024-04-05,Low,Not Picked,2
44,2024-04-06,Low,Not Picked,1
44,2024-04-07,High,Not Picked,2
44,2024-04-08,High,Picked,0
44,2024-04-09,High,Not Picked,1
44,2024-04-10,Medium,Picked,0
44,2024-04-11,Medium,Not Picked,1
44,2024-04-12,Medium,Picked,0
44,2024-04-13,Medium,Picked,0
44,2024-04-14,Medium,Not Picked,0
44,2024-04-15,High,Not Picked,1
44,2024-04-16,High,Picked,0
44,2024-04-17,Low,Not Picked,0
44,2024-04-18,High,Not Picked,1
44,2024-04-19,High,Not Picked,3
44,2024-04-20,High,Picked,0
44,2024-04-21,Medium,Not Picked,0
44,2024-04-22,High,Not Picked,2
44,2024-04-23,Medium,Not Picked,3
44,2024-04-24,Low,Picked,0
44,2024-04-25,Medium,Not Picked,0
44,2024-04-26,Medium,Not Picked,1
44,2024-04-27,High,Picked,0
44,2024-04-28,High,Picked,0
44,2024-04-29,High,Picked,0
45,2024-01-01,Medium,Picked,0
45,2024-01-02,Medium,Not Picked,0
45,2024-01-03,Low,Not Picked,0
45,2024-01-04,Medium,Not Picked,0
45,2024-01-05,Low,Not Picked,0
45,2024-01-06,High,Not Picked,1
45,2024-01-07,Low,Not Picked,1
45,2024-01-08,Low,Not Picked,1
45,2024-01-09,Low,Not Picked,1
45,2024-01-10,Medium,Not Picked,1
45,2024-01-11,Low,Picked,0
45,2024-01-12,Low,Not Picked,0
45,2024-01-13,Low,Not Picked,0
45,2024-01-14,Low,Not Picked,0
45,2024-01-15,Low,Not Picked,0
45,2024-01-16,Medium,Not Picked,0
45,2024-01-17,Low,Picked,0
45,2024-01-18,Medium,Not Picked,0
45,2024-01-19,Low,Not Picked,0
45,2024-01-20,Medium,Not Picked,1
45,2024-01-21,Low,Not Picked,0
45,2024-01-22,Low,Picked,0
45,2024-01-23,Medium,Not Picked,0
45,2024-01-24,Medium,Not Picked,1
45,2024-01-25,Low,Picked,0
45,2024-01-26,Low,Not Picked,0
45,2024-01-27,Low,Not Picked,0
45,2024-01-28,Low,Not Picked,0
45,2024-01-29,Low,Not Picked,0
45,2024-01-30,Low,Not Picked,0
45,2024-01-31,Low,Not Picked,0
45,2024-02-01,Low,Not Picked,0
45,2024-02-02,Low,Picked,0
45,2024-02-03,Medium,Not Picked,0
45,2024-02-04,Low,Not Picked,0
45,2024-02-05,Medium,Not Picked,1
45,2024-02-06,Medium,Not Picked,2
45,2024-02-07,Medium,Not Picked,3
45,2024-02-08,Low,Picked,0
45,2024-02-09,Medium,Not Picked,1
45,2024-02-10,Low,Not Picked,1
45,2024-02-11,Low,Picked,0
45,2024-02-12,Low,Not Picked,0
45,2024-02-13,Medium,Not Picked,1
45,2024-02-14,Medium,Not Picked,2
45,2024-02-15,High,Not Picked,4
45,2024-02-16,High,Not Picked,6
45,2024-02-17,Medium,Not Picked,7
45,2024-02-18,High,Picked,0
45,2024-02-19,Low,Not Picked,0
45,2024-02-20,Low,Not Picked,0
45,2024-02-21,Low,Not Picked,0
45,2024-02-22,Low,Not Picked,0
45,2024-02-23,Medium,Not Picked,1
45,2024-02-24,Low,Not Picked,1
45,2024-02-25,Low,Not Picked,0
45,2024-02-26,Low,Not Picked,0
45,2024-02-27,Medium,Not Picked,0
45,2024-02-28,Medium,Not Picked,1
45,2024-02-29,Low,Not Picked,1
45,2024-03-01,Medium,Picked,0
45,2024-03-02,Medium,Picked,0
45,2024-03-03,Low,Not Picked,0
45,2024-03-04,Low,Not Picked,0
45,2024-03-05,Low,Not Picked,0
45,2024-03-06,Low,Not Picked,0
45,2024-03-07,Low,Not Picked,0
45,2024-03-08,Low,Picked,0
45,2024-03-09,Medium,Not Picked,0
45,2024-03-10,Medium,Not Picked,0
45,2024-03-11,Medium,Not Picked,1
45,2024-03-12,Low,Picked,0
45,2024-03-13,Low,Picked,0
45,2024-03-14,Low,Not Picked,0
45,2024-03-15,Low,Not Picked,0
45,2024-03-16,Medium,Not Picked,1
45,2024-03-17,Low,Not Picked,0
45,2024-03-18,Medium,Not Picked,1
45,2024-03-19,Low,Not Picked,1
45,2024-03-20,Low,Not Picked,1
45,2024-03-21,Medium,Not Picked,2
45,2024-03-22,Medium,Not Picked,2
45,2024-03-23,Low,Not Picked,2
45,2024-03-24,Low,Not Picked,2
45,2024-03-25,Medium,Picked,0
45,2024-03-26,Low,Picked,0
45,2024-03-27,Medium,Not Picked,0
45,2024-03-28,Low,Not Picked,0
45,2024-03-29,Medium,Not Picked,0
45,2024-03-30,Medium,Picked,0
45,2024-03-31,Medium,Not Picked,1
45,2024-04-01,Medium,Not Picked,1
45,2024-04-02,Medium,Not Picked,2
45,2024-04-03,Medium,Picked,0
45,2024-04-04,Medium,Not Picked,0
45,2024-04-05,Medium,Not Picked,0
45,2024-04-06,High,Not Picked,2
45,2024-04-07,Medium,Not Picked,2
45,2024-04-08,High,Picked,0
45,2024-04-09,Low,Not Picked,0
45,2024-04-10,Low,Not Picked,0
45,2024-04-11,Medium,Not Picked,1
45,2024-04-12,Medium,Not Picked,2
45,2024-04-13,High,Picked,0
45,2024-04-14,Low,Not Picked,0
45,2024-04-15,Medium,Not Picked,1
45,2024-04-16,Low,Not Picked,1
45,2024-04-17,Medium,Picked,0
45,2024-04-18,High,Picked,0
45,2024-04-19,Low,Picked,0
45,2024-04-20,Low,Not Picked,0
45,2024-04-21,High,Picked,0
45,2024-04-22,Low,Not Picked,0
45,2024-04-23,Low,Not Picked,0
45,2024-04-24,Low,Not Picked,0
45,2024-04-25,Medium,Not Picked,0
45,2024-04-26,Low,Not Picked,0
45,2024-04-27,Medium,Not Picked,0
45,2024-04-28,Medium,Not Picked,1
45,2024-04-29,Medium,Picked,0
46,2024-01-01,High,Picked,0
46,2024-01-02,Low,Not Picked,0
46,2024-01-03,High,Not Picked,1
46,2024-01-04,High,Picked,0
46,2024-01-05,High,Not Picked,1
46,2024-01-06,High,Picked,0
46,2024-01-07,Low,Not Picked,0
46,2024-01-08,High,Not Picked,2
46,2024-01-09,High,Not Picked,3
46,2024-01-10,Medium,Not Picked,4
46,2024-01-11,Medium,Picked,0
46,2024-01-12,High,Picked,0
46,2024-01-13,Medium,Not Picked,1
46,2024-01-14,Medium,Not Picked,1
46,2024-01-15,High,Picked,0
46,2024-01-16,High,Not Picked,1
46,2024-01-17,High,Picked,0
46,2024-01-18,High,Picked,0
46,2024-01-19,High,Not Picked,2
46,2024-01-20,Medium,Picked,0
46,2024-01-21,High,Not Picked,1
46,2024-01-22,High,Not Picked,3
46,2024-01-23,Medium,Not Picked,3
46,2024-01-24,Medium,Picked,0
46,2024-01-25,High,Picked,0
46,2024-01-26,High,Picked,0
46,2024-01-27,Medium,Not Picked,0
46,2024-01-28,High,Not Picked,1
46,2024-01-29,High,Not Picked,2
46,2024-01-30,High,Picked,0
46,2024-01-31,High,Picked,0
46,2024-02-01,Low,Not Picked,0
46,2024-02-02,Medium,Not Picked,0
46,2024-02-03,High,Not Picked,1
46,2024-02-04,High,Not Picked,2
46,2024-02-05,Medium,Picked,0
46,2024-02-06,Medium,Not Picked,0
46,2024-02-07,Medium,Not Picked,1
46,2024-02-08,Medium,Not Picked,2
46,2024-02-09,Medium,Picked,0
46,2024-02-10,High,Not Picked,1
46,2024-02-11,Low,Not Picked,0
46,2024-02-12,Medium,Picked,0
46,2024-02-13,High,Not Picked,1
46,2024-02-14,Medium,Picked,0
46,2024-02-15,Medium,Not Picked,0
46,2024-02-16,Medium,Not Picked,1
46,2024-02-17,Medium,Picked,0
46,2024-02-18,High,Picked,0
46,2024-02-19,Medium,Not Picked,0
46,2024-02-20,Low,Picked,0
46,2024-02-21,High,Picked,0
46,2024-02-22,High,Not Picked,1
46,2024-02-23,Medium,Not Picked,1
46,2024-02-24,High,Not Picked,2
46,2024-02-25,High,Picked,0
46,2024-02-26,High,Picked,0
46,2024-02-27,Medium,Not Picked,0
46,2024-02-28,Medium,Not Picked,1
46,2024-02-29,High,Picked,0
46,2024-03-01,High,Not Picked,2
46,2024-03-02,High,Not Picked,4
46,2024-03-03,High,Not Picked,6
46,2024-03-04,High,Picked,0
46,2024-03-05,Medium,Not Picked,0
46,2024-03-06,High,Not Picked,2
46,2024-03-07,High,Picked,0
46,2024-03-08,Low,Not Picked,0
46,2024-03-09,High,Picked,0
46,2024-03-10,High,Picked,0
46,2024-03-11,Low,Not Picked,0
46,2024-03-12,High,Not Picked,2
46,2024-03-13,Medium,Picked,0
46,2024-03-14,High,Picked,0
46,2024-03-15,High,Picked,0
46,2024-03-16,Medium,Not Picked,0
46,2024-03-17,High,Not Picked,2
46,2024-03-18,High,Not Picked,4
46,2024-03-19,Medium,Picked,0
46,2024-03-20,High,Picked,0
46,2024-03-21,Medium,Not Picked,1
46,2024-03-22,High,Not Picked,3
46,2024-03-23,High,Not Picked,4
46,2024-03-24,High,Picked,0
46,2024-03-25,Medium,Picked,0
46,2024-03-26,Medium,Not Picked,0
46,2024-03-27,High,Not Picked,1
46,2024-03-28,High,Picked,0
46,2024-03-29,High,Not Picked,2
46,2024-03-30,High,Not Picked,4
46,2024-03-31,Medium,Picked,0
46,2024-04-01,High,Not Picked,1
46,2024-04-02,High,Picked,0
46,2024-04-03,High,Picked,0
46,2024-04-04,High,Picked,0
46,2024-04-05,Medium,Not Picked,1
46,2024-04-06,Low,Not Picked,0
46,2024-04-07,High,Picked,0
46,2024-04-08,High,Picked,0
46,2024-04-09,High,Not Picked,1
46,2024-04-10,High,Not Picked,2
46,2024-04-11,Medium,Not Picked,2
46,2024-04-12,High,Not Picked,4
46,2024-04-13,High,Picked,0
46,2024-04-14,High,Picked,0
46,2024-04-15,High,Not Picked,1
46,2024-04-16,High,Picked,0
46,2024-04-17,Medium,Picked,0
46,2024-04-18,High,Not Picked,1
46,2024-04-19,High,Picked,0
46,2024-04-20,High,Not Picked,1
46,2024-04-21,High,Not Picked,2
46,2024-04-22,High,Picked,0
46,2024-04-23,Medium,Not Picked,1
46,2024-04-24,Medium,Not Picked,1
46,2024-04-25,High,Not Picked,3
46,2024-04-26,Low,Not Picked,2
46,2024-04-27,High,Picked,0
46,2024-04-28,High,Not Picked,1
46,2024-04-29,Medium,Not Picked,2
47,2024-01-01,Medium,Not Picked,1
47,2024-01-02,Medium,Picked,0
47,2024-01-03,Medium,Not Picked,1
47,2024-01-04,Low,Not Picked,1
47,2024-01-05,Low,Not Picked,1
47,2024-01-06,Medium,Not Picked,2
47,2024-01-07,Medium,Picked,0
47,2024-01-08,High,Not Picked,1
47,2024-01-09,Low,Not Picked,1
47,2024-01-10,Medium,Picked,0
47,2024-01-11,Low,Not Picked,0
47,2024-01-12,Low,Not Picked,0
47,2024-01-13,Medium,Picked,0
47,2024-01-14,Medium,Not Picked,0
47,2024-01-15,Medium,Not Picked,1
47,2024-01-16,Medium,Not Picked,2
47,2024-01-17,Low,Not Picked,2
47,2024-01-18,Medium,Not Picked,3
47,2024-01-19,Low,Not Picked,2
47,2024-01-20,Medium,Not Picked,2
47,2024-01-21,Medium,Picked,0
47,2024-01-22,Low,Not Picked,0
47,2024-01-23,Low,Not Picked,0
47,2024-01-24,Medium,Not Picked,0
47,2024-01-25,Low,Not Picked,0
47,2024-01-26,Low,Not Picked,0
47,2024-01-27,Medium,Picked,0
47,2024-01-28,Low,Not Picked,0
47,2024-01-29,Low,Not Picked,0
47,2024-01-30,Medium,Picked,0
47,2024-01-31,Low,Not Picked,0
47,2024-02-01,Low,Not Picked,0
47,2024-02-02,Medium,Not Picked,0
47,2024-02-03,Low,Not Picked,0
47,2024-02-04,Low,Not Picked,0
47,2024-02-05,High,Not Picked,1
47,2024-02-06,Medium,Picked,0
47,2024-02-07,Medium,Not Picked,0
47,2024-02-08,Medium,Not Picked,1
47,2024-02-09,Low,Not Picked,1
47,2024-02-10,Medium,Picked,0
47,2024-02-11,High,Not Picked,2
47,2024-02-12,Medium,Not Picked,2
47,2024-02-13,Low,Not Picked,2
47,2024-02-14,High,Picked,0
47,2024-02-15,Medium,Picked,0
47,2024-02-16,Medium,Not Picked,1
47,2024-02-17,Low,Not Picked,0
47,2024-02-18,Low,Picked,0
47,2024-02-19,Low,Not Picked,0
47,2024-02-20,Low,Not Picked,0
47,2024-02-21,Low,Not Picked,0
47,2024-02-22,High,Not Picked,2
47,2024-02-23,Low,Picked,0
47,2024-02-24,Low,Not Picked,0
47,2024-02-25,Low,Not Picked,0
47,2024-02-26,Medium,Not Picked,1
47,2024-02-27,Medium,Picked,0
47,2024-02-28,Medium,Not Picked,1
47,2024-02-29,Low,Not Picked,1
47,2024-03-01,Low,Not Picked,1
47,2024-03-02,High,Not Picked,2
47,2024-03-03,High,Picked,0
47,2024-03-04,Medium,Not Picked,0
47,2024-03-05,Medium,Not Picked,0
47,2024-03-06,Low,Picked,0
47,2024-03-07,Low,Not Picked,0
47,2024-03-08,High,Not Picked,1
47,2024-03-09,Low,Not Picked,0
47,2024-03-10,Low,Picked,0
47,2024-03-11,Medium,Not Picked,1
47,2024-03-12,High,Not Picked,3
47,2024-03-13,Low,Not Picked,2
47,2024-03-14,Low,Not Picked,2
47,2024-03-15,Low,Picked,0
47,2024-03-16,Medium,Not Picked,0
47,2024-03-17,Low,Not Picked,0
47,2024-03-18,Medium,Not Picked,1
47,2024-03-19,Low,Not Picked,0
47,2024-03-20,High,Picked,0
47,2024-03-21,Low,Picked,0
47,2024-03-22,Low,Picked,0
47,2024-03-23,Low,Not Picked,0
47,2024-03-24,Low,Not Picked,0
47,2024-03-25,Medium,Not Picked,0
47,2024-03-26,Low,Not Picked,0
47,2024-03-27,Medium,Not Picked,1
47,2024-03-28,Medium,Not Picked,2
47,2024-03-29,High,Picked,0
47,2024-03-30,Low,Not Picked,0
47,2024-03-31,Low,Picked,0
47,2024-04-01,Medium,Not Picked,0
47,2024-04-02,Low,Picked,0
47,2024-04-03,Medium,Picked,0
47,2024-04-04,Medium,Not Picked,0
47,2024-04-05,Low,Not Picked,0
47,2024-04-06,Medium,Not Picked,0
47,2024-04-07,Low,Not Picked,0
47,2024-04-08,Low,Not Picked,0
47,2024-04-09,Low,Not Picked,0
47,2024-04-10,Low,Picked,0
47,2024-04-11,Low,Not Picked,0
47,2024-04-12,Low,Not Picked,0
47,2024-04-13,Medium,Not Picked,1
47,2024-04-14,Low,Picked,0
47,2024-04-15,High,Picked,0
47,2024-04-16,Medium,Not Picked,1
47,2024-04-17,Low,Not Picked,0
47,2024-04-18,Low,Not Picked,0
47,2024-04-19,Low,Not Picked,0
47,2024-04-20,High,Picked,0
47,2024-04-21,Medium,Not Picked,1
47,2024-04-22,Low,Not Picked,0
47,2024-04-23,Low,Not Picked,0
47,2024-04-24,Medium,Not Picked,0
47,2024-04-25,Medium,Not Picked,0
47,2024-04-26,High,Not Picked,2
47,2024-04-27,Low,Not Picked,2
47,2024-04-28,Low,Picked,0
47,2024-04-29,Medium,Not Picked,1
48,2024-01-01,Low,Not Picked,0
48,2024-01-02,Low,Not Picked,0
48,2024-01-03,Medium,Not Picked,0
48,2024-01-04,Medium,Not Picked,1
48,2024-01-05,Low,Picked,0
48,2024-01-06,Low,Not Picked,0
48,2024-01-07,Low,Not Picked,0
48,2024-01-08,Medium,Not Picked,0
48,2024-01-09,Low,Not Picked,0
48,2024-01-10,High,Not Picked,1
48,2024-01-11,Medium,Picked,0
48,2024-01-12,Low,Picked,0
48,2024-01-13,Low,Not Picked,0
48,2024-01-14,Low,Picked,0
48,2024-01-15,Low,Not Picked,0
48,2024-01-16,Medium,Picked,0
48,2024-01-17,Low,Not Picked,0
48,2024-01-18,Low,Not Picked,0
48,2024-01-19,Low,Picked,0
48,2024-01-20,Low,Not Picked,0
48,2024-01-21,Low,Not Picked,0
48,2024-01-22,Low,Not Picked,0
48,2024-01-23,Medium,Picked,0
48,2024-01-24,Medium,Not Picked,1
48,2024-01-25,Low,Not Picked,0
48,2024-01-26,Medium,Not Picked,0
48,2024-01-27,Medium,Picked,0
48,2024-01-28,Low,Picked,0
48,2024-01-29,Medium,Not Picked,0
48,2024-01-30,Low,Not Picked,0
48,2024-01-31,Medium,Not Picked,1
48,2024-02-01,Medium,Not Picked,1
48,2024-02-02,Low,Not Picked,0
48,2024-02-03,Medium,Not Picked,1
48,2024-02-04,High,Picked,0
48,2024-02-05,Medium,Not Picked,0
48,2024-02-06,Low,Not Picked,0
48,2024-02-07,Low,Not Picked,0
48,2024-02-08,High,Not Picked,2
48,2024-02-09,Medium,Not Picked,3
48,2024-02-10,Low,Not Picked,3
48,2024-02-11,Low,Not Picked,3
48,2024-02-12,Medium,Not Picked,3
48,2024-02-13,Low,Picked,0
48,2024-02-14,Low,Picked,0
48,2024-02-15,Low,Not Picked,0
48,2024-02-16,Low,Picked,0
48,2024-02-17,Medium,Picked,0
48,2024-02-18,Medium,Picked,0
48,2024-02-19,High,Picked,0
48,2024-02-20,Medium,Not Picked,0
48,2024-02-21,Medium,Not Picked,1
48,2024-02-22,Low,Picked,0
48,2024-02-23,Low,Not Picked,0
48,2024-02-24,Medium,Not Picked,0
48,2024-02-25,Low,Not Picked,0
48,2024-02-26,Medium,Not Picked,1
48,2024-02-27,Medium,Not Picked,1
48,2024-02-28,Low,Not Picked,0
48,2024-02-29,Medium,Not Picked,0
48,2024-03-01,Low,Not Picked,0
48,2024-03-02,Low,Not Picked,0
48,2024-03-03,Medium,Picked,0
48,2024-03-04,Medium,Not Picked,0
48,2024-03-05,Low,Not Picked,0
48,2024-03-06,Low,Not Picked,0
48,2024-03-07,Medium,Not Picked,0
48,2024-03-08,High,Not Picked,2
48,2024-03-09,Low,Not Picked,2
48,2024-03-10,Medium,Not Picked,2
48,2024-03-11,Low,Not Picked,2
48,2024-03-12,Medium,Not Picked,3
48,2024-03-13,Low,Not Picked,2
48,2024-03-14,Low,Picked,0
48,2024-03-15,Low,Not Picked,0
48,2024-03-16,Medium,Not Picked,1
48,2024-03-17,Medium,Not Picked,1
48,2024-03-18,Medium,Picked,0
48,2024-03-19,Low,Not Picked,0
48,2024-03-20,Low,Not Picked,0
48,2024-03-21,Low,Not Picked,0
48,2024-03-22,Low,Not Picked,0
48,2024-03-23,Low,Picked,0
48,2024-03-24,Medium,Not Picked,1
48,2024-03-25,Low,Not Picked,1
48,2024-03-26,Low,Picked,0
48,2024-03-27,Medium,Not Picked,0
48,2024-03-28,Low,Not Picked,0
48,2024-03-29,High,Picked,0
48,2024-03-30,Medium,Picked,0
48,2024-03-31,Medium,Not Picked,1
48,2024-04-01,Low,Not Picked,0
48,2024-04-02,Low,Not Picked,0
48,2024-04-03,Low,Not Picked,0
48,2024-04-04,Medium,Not Picked,0
48,2024-04-05,Low,Not Picked,0
48,2024-04-06,Medium,Picked,0
48,2024-04-07,Low,Not Picked,0
48,2024-04-08,Low,Not Picked,0
48,2024-04-09,Medium,Not Picked,0
48,2024-04-10,Medium,Not Picked,1
48,2024-04-11,Medium,Not Picked,2
48,2024-04-12,Medium,Picked,0
48,2024-04-13,Low,Not Picked,0
48,2024-04-14,Medium,Not Picked,1
48,2024-04-15,Low,Not Picked,0
48,2024-04-16,Low,Not Picked,0
48,2024-04-17,Low,Picked,0
48,2024-04-18,Medium,Not Picked,0
48,2024-04-19,High,Picked,0
48,2024-04-20,Low,Not Picked,0
48,2024-04-21,Low,Not Picked,0
48,2024-04-22,Medium,Not Picked,1
48,2024-04-23,Low,Not Picked,0
48,2024-04-24,Medium,Picked,0
48,2024-04-25,Medium,Not Picked,0
48,2024-04-26,Medium,Not Picked,0
48,2024-04-27,Low,Not Picked,0
48,2024-04-28,High,Picked,0
48,2024-04-29,Medium,Not Picked,1
49,2024-01-01,Medium,Picked,0
49,2024-01-02,Low,Not Picked,0
49,2024-01-03,Low,Not Picked,0
49,2024-01-04,Low,Not Picked,0
49,2024-01-05,Low,Not Picked,0
49,2024-01-06,Low,Not Picked,0
49,2024-01-07,Low,Not Picked,0
49,2024-01-08,Low,Not Picked,0
49,2024-01-09,Medium,Not Picked,0
49,2024-01-10,High,Picked,0
49,2024-01-11,Low,Not Picked,0
49,2024-01-12,Low,Not Picked,0
49,2024-01-13,Low,Not Picked,0
49,2024-01-14,Medium,Not Picked,1
49,2024-01-15,Medium,Not Picked,1
49,2024-01-16,Medium,Not Picked,2
49,2024-01-17,Low,Not Picked,1
49,2024-01-18,Medium,Not Picked,1
49,2024-01-19,Medium,Not Picked,1
49,2024-01-20,Low,Not Picked,0
49,2024-01-21,High,Not Picked,2
49,2024-01-22,Low,Picked,0
49,2024-01-23,High,Not Picked,1
49,2024-01-24,Medium,Picked,0
49,2024-01-25,Medium,Picked,0
49,2024-01-26,Low,Not Picked,0
49,2024-01-27,Medium,Not Picked,1
49,2024-01-28,Medium,Not Picked,1
49,2024-01-29,Medium,Not Picked,1
49,2024-01-30,Medium,Not Picked,2
49,2024-01-31,Low,Not Picked,1
49,2024-02-01,High,Picked,0
49,2024-02-02,Low,Picked,0
49,2024-02-03,Medium,Not Picked,1
49,2024-02-04,Low,Picked,0
49,2024-02-05,Low,Not Picked,0
49,2024-02-06,Medium,Picked,0
49,2024-02-07,Medium,Picked,0
49,2024-02-08,High,Picked,0
49,2024-02-09,Low,Not Picked,0
49,2024-02-10,Low,Not Picked,0
49,2024-02-11,Medium,Picked,0
49,2024-02-12,Low,Not Picked,0
49,2024-02-13,High,Picked,0
49,2024-02-14,Low,Not Picked,0
49,2024-02-15,Low,Not Picked,0
49,2024-02-16,Low,Not Picked,0
49,2024-02-17,Low,Picked,0
49,2024-02-18,Low,Not Picked,0
49,2024-02-19,Low,Not Picked,0
49,2024-02-20,Low,Not Picked,0
49,2024-02-21,Low,Not Picked,0
49,2024-02-22,Low,Not Picked,0
49,2024-02-23,Low,Not Picked,0
49,2024-02-24,Medium,Not Picked,1
49,2024-02-25,Medium,Not Picked,1
49,2024-02-26,Medium,Not Picked,1
49,2024-02-27,Medium,Not Picked,1
49,2024-02-28,Medium,Not Picked,2
49,2024-02-29,Medium,Not Picked,2
49,2024-03-01,Medium,Picked,0
49,2024-03-02,Low,Not Picked,0
49,2024-03-03,Medium,Picked,0
49,2024-03-04,Low,Picked,0
49,2024-03-05,Low,Picked,0
49,2024-03-06,High,Not Picked,2
49,2024-03-07,Medium,Picked,0
49,2024-03-08,High,Picked,0
49,2024-03-09,High,Picked,0
49,2024-03-10,Low,Not Picked,0
49,2024-03-11,High,Picked,0
49,2024-03-12,Medium,Picked,0
49,2024-03-13,Low,Not Picked,0
49,2024-03-14,Medium,Not Picked,1
49,2024-03-15,Medium,Picked,0
49,2024-03-16,Low,Not Picked,0
49,2024-03-17,Low,Not Picked,0
49,2024-03-18,High,Not Picked,1
49,2024-03-19,Low,Not Picked,1
49,2024-03-20,Low,Not Picked,1
49,2024-03-21,Low,Not Picked,0
49,2024-03-22,High,Picked,0
49,2024-03-23,Low,Not Picked,0
49,2024-03-24,High,Picked,0
49,2024-03-25,Low,Picked,0
49,2024-03-26,Low,Not Picked,0
49,2024-03-27,Medium,Not Picked,0
49,2024-03-28,Low,Not Picked,0
49,2024-03-29,Low,Not Picked,0
49,2024-03-30,Medium,Not Picked,1
49,2024-03-31,Low,Not Picked,0
49,2024-04-01,Low,Picked,0
49,2024-04-02,Low,Not Picked,0
49,2024-04-03,Medium,Not Picked,0
49,2024-04-04,Medium,Not Picked,0
49,2024-04-05,Low,Not Picked,0
49,2024-04-06,Low,Not Picked,0
49,2024-04-07,Low,Not Picked,0
49,2024-04-08,Medium,Not Picked,0
49,2024-04-09,Low,Not Picked,0
49,2024-04-10,Low,Not Picked,0
49,2024-04-11,Low,Not Picked,0
49,2024-04-12,Medium,Not Picked,0
49,2024-04-13,High,Not Picked,2
49,2024-04-14,Low,Picked,0
49,2024-04-15,Medium,Not Picked,0
49,2024-04-16,High,Not Picked,2
49,2024-04-17,Low,Not Picked,2
49,2024-04-18,Medium,Picked,0
49,2024-04-19,Low,Not Picked,0
49,2024-04-20,Low,Not Picked,0
49,2024-04-21,Medium,Not Picked,1
49,2024-04-22,Medium,Picked,0
49,2024-04-23,Medium,Not Picked,0
49,2024-04-24,Low,Not Picked,0
49,2024-04-25,Low,Not Picked,0
49,2024-04-26,Low,Not Picked,0
49,2024-04-27,Low,Not Picked,0
49,2024-04-28,High,Not Picked,1
49,2024-04-29,Medium,Not Picked,1
50,2024-01-01,Medium,Not Picked,1
50,2024-01-02,High,Not Picked,2
50,2024-01-03,Medium,Picked,0
50,2024-01-04,Low,Picked,0
50,2024-01-05,Medium,Not Picked,1
50,2024-01-06,Medium,Picked,0
50,2024-01-07,High,Picked,0
50,2024-01-08,Medium,Not Picked,0
50,2024-01-09,High,Not Picked,2
50,2024-01-10,Low,Picked,0
50,2024-01-11,Medium,Picked,0
50,2024-01-12,Medium,Not Picked,0
50,2024-01-13,Medium,Not Picked,1
50,2024-01-14,Low,Picked,0
50,2024-01-15,Medium,Not Picked,0
50,2024-01-16,High,Not Picked,1
50,2024-01-17,Low,Picked,0
50,2024-01-18,Low,Picked,0
50,2024-01-19,Medium,Not Picked,1
50,2024-01-20,Low,Not Picked,0
50,2024-01-21,Medium,Not Picked,1
50,2024-01-22,Medium,Picked,0
50,2024-01-23,Low,Picked,0
50,2024-01-24,Medium,Not Picked,1
50,2024-01-25,Medium,Not Picked,2
50,2024-01-26,Low,Not Picked,2
50,2024-01-27,Low,Not Picked,1
50,2024-01-28,Low,Not Picked,1
50,2024-01-29,Low,Not Picked,1
50,2024-01-30,Medium,Not Picked,1
50,2024-01-31,Low,Not Picked,0
50,2024-02-01,Low,Picked,0
50,2024-02-02,High,Not Picked,1
50,2024-02-03,Medium,Not Picked,2
50,2024-02-04,Medium,Not Picked,2
50,2024-02-05,Low,Picked,0
50,2024-02-06,Medium,Picked,0
50,2024-02-07,High,Picked,0
50,2024-02-08,Medium,Picked,0
50,2024-02-09,Medium,Not Picked,1
50,2024-02-10,Low,Not Picked,0
50,2024-02-11,Low,Not Picked,0
50,2024-02-12,Low,Not Picked,0
50,2024-02-13,Medium,Not Picked,1
50,2024-02-14,Low,Not Picked,0
50,2024-02-15,Low,Not Picked,0
50,2024-02-16,High,Picked,0
50,2024-02-17,High,Not Picked,1
50,2024-02-18,Low,Not Picked,0
50,2024-02-19,High,Not Picked,1
50,2024-02-20,Low,Not Picked,0
50,2024-02-21,High,Not Picked,2
50,2024-02-22,Low,Picked,0
50,2024-02-23,Medium,Not Picked,0
50,2024-02-24,Low,Not Picked,0
50,2024-02-25,Low,Not Picked,0
50,2024-02-26,Low,Not Picked,0
50,2024-02-27,Medium,Not Picked,1
50,2024-02-28,Medium,Not Picked,1
50,2024-02-29,Low,Not Picked,0
50,2024-03-01,Low,Picked,0
50,2024-03-02,Low,Not Picked,0
50,2024-03-03,Low,Picked,0
50,2024-03-04,High,Picked,0
50,2024-03-05,High,Picked,0
50,2024-03-06,Low,Not Picked,0
50,2024-03-07,Medium,Not Picked,1
50,2024-03-08,Medium,Picked,0
50,2024-03-09,Low,Not Picked,0
50,2024-03-10,Low,Picked,0
50,2024-03-11,Low,Not Picked,0
50,2024-03-12,High,Picked,0
50,2024-03-13,Medium,Picked,0
50,2024-03-14,Medium,Not Picked,0
50,2024-03-15,Medium,Not Picked,1
50,2024-03-16,Low,Not Picked,1
50,2024-03-17,Medium,Picked,0
50,2024-03-18,Medium,Picked,0
50,2024-03-19,Medium,Not Picked,1
50,2024-03-20,Low,Not Picked,0
50,2024-03-21,Medium,Picked,0
50,2024-03-22,Medium,Not Picked,0
50,2024-03-23,Low,Not Picked,0
50,2024-03-24,Medium,Picked,0
50,2024-03-25,Medium,Not Picked,0
50,2024-03-26,High,Picked,0
50,2024-03-27,Low,Not Picked,0
50,2024-03-28,Medium,Not Picked,0
50,2024-03-29,Medium,Not Picked,0
50,2024-03-30,Medium,Not Picked,0
50,2024-03-31,Medium,Not Picked,1
50,2024-04-01,High,Not Picked,2
50,2024-04-02,Low,Picked,0
50,2024-04-03,Low,Not Picked,0
50,2024-04-04,Low,Not Picked,0
50,2024-04-05,High,Picked,0
50,2024-04-06,Medium,Not Picked,0
50,2024-04-07,Low,Not Picked,0
50,2024-04-08,Low,Not Picked,0
50,2024-04-09,Low,Not Picked,0
50,2024-04-10,Low,Not Picked,0
50,2024-04-11,Low,Not Picked,0
50,2024-04-12,Medium,Not Picked,0
50,2024-04-13,Low,Not Picked,0
50,2024-04-14,Low,Not Picked,0
50,2024-04-15,Medium,Not Picked,1
50,2024-04-16,Medium,Picked,0
50,2024-04-17,Low,Picked,0
50,2024-04-18,Low,Not Picked,0
50,2024-04-19,Medium,Not Picked,0
50,2024-04-20,Medium,Not Picked,1
50,2024-04-21,Medium,Not Picked,2
50,2024-04-22,High,Picked,0
50,2024-04-23,Medium,Picked,0
50,2024-04-24,Low,Picked,0
50,2024-04-25,Low,Not Picked,0
50,2024-04-26,Medium,Picked,0
50,2024-04-27,High,Not Picked,1
50,2024-04-28,Medium,Not Picked,2
50,2024-04-29,Medium,Picked,0
51,2024-01-01,High,Not Picked,1
51,2024-01-02,High,Picked,0
51,2024-01-03,Low,Not Picked,0
51,2024-01-04,Medium,Not Picked,0
51,2024-01-05,Low,Not Picked,0
51,2024-01-06,Medium,Not Picked,1
51,2024-01-07,High,Picked,0
51,2024-01-08,Medium,Picked,0
51,2024-01-09,Medium,Picked,0
51,2024-01-10,Low,Not Picked,0
51,2024-01-11,Low,Not Picked,0
51,2024-01-12,High,Not Picked,1
51,2024-01-13,Medium,Not Picked,1
51,2024-01-14,High,Picked,0
51,2024-01-15,High,Not Picked,2
51,2024-01-16,Medium,Picked,0
51,2024-01-17,Low,Not Picked,0
51,2024-01-18,Medium,Not Picked,0
51,2024-01-19,High,Not Picked,1
51,2024-01-20,Medium,Picked,0
51,2024-01-21,High,Not Picked,2
51,2024-01-22,Low,Not Picked,1
51,2024-01-23,Medium,Not Picked,2
51,2024-01-24,Medium,Picked,0
51,2024-01-25,High,Not Picked,2
51,2024-01-26,Low,Picked,0
51,2024-01-27,Medium,Not Picked,1
51,2024-01-28,Low,Not Picked,1
51,2024-01-29,High,Not Picked,2
51,2024-01-30,Medium,Picked,0
51,2024-01-31,Medium,Not Picked,0
51,2024-02-01,Medium,Picked,0
51,2024-02-02,Low,Not Picked,0
51,2024-02-03,Low,Not Picked,0
51,2024-02-04,Low,Picked,0
51,2024-02-05,Medium,Not Picked,0
51,2024-02-06,Low,Not Picked,0
51,2024-02-07,High,Not Picked,2
51,2024-02-08,Medium,Picked,0
51,2024-02-09,Low,Picked,0
51,2024-02-10,Medium,Picked,0
51,2024-02-11,Medium,Not Picked,1
51,2024-02-12,Medium,Not Picked,1
51,2024-02-13,Medium,Picked,0
51,2024-02-14,Medium,Not Picked,0
51,2024-02-15,High,Not Picked,1
51,2024-02-16,Medium,Not Picked,2
51,2024-02-17,High,Picked,0
51,2024-02-18,High,Not Picked,1
51,2024-02-19,Medium,Not Picked,2
51,2024-02-20,Medium,Not Picked,2
51,2024-02-21,High,Picked,0
51,2024-02-22,High,Picked,0
51,2024-02-23,Low,Not Picked,0
51,2024-02-24,High,Picked,0
51,2024-02-25,High,Not Picked,2
51,2024-02-26,Low,Picked,0
51,2024-02-27,Medium,Not Picked,1
51,2024-02-28,Medium,Picked,0
51,2024-02-29,High,Not Picked,2
51,2024-03-01,High,Picked,0
51,2024-03-02,High,Not Picked,2
51,2024-03-03,High,Not Picked,3
51,2024-03-04,High,Picked,0
51,2024-03-05,High,Picked,0
51,2024-03-06,High,Picked,0
51,2024-03-07,High,Not Picked,1
51,2024-03-08,Medium,Not Picked,1
51,2024-03-09,High,Picked,0
51,2024-03-10,High,Not Picked,2
51,2024-03-11,High,Not Picked,4
51,2024-03-12,High,Picked,0
51,2024-03-13,High,Not Picked,1
51,2024-03-14,High,Picked,0
51,2024-03-15,Medium,Picked,0
51,2024-03-16,Low,Picked,0
51,2024-03-17,High,Not Picked,2
51,2024-03-18,Medium,Picked,0
51,2024-03-19,High,Not Picked,1
51,2024-03-20,Low,Not Picked,0
51,2024-03-21,Medium,Not Picked,0
51,2024-03-22,High,Picked,0
51,2024-03-23,High,Not Picked,2
51,2024-03-24,High,Not Picked,3
51,2024-03-25,High,Picked,0
51,2024-03-26,High,Picked,0
51,2024-03-27,Low,Not Picked,0
51,2024-03-28,Medium,Picked,0
51,2024-03-29,High,Not Picked,2
51,2024-03-30,High,Not Picked,3
51,2024-03-31,High,Picked,0
51,2024-04-01,High,Not Picked,2
51,2024-04-02,Medium,Not Picked,3
51,2024-04-03,Low,Not Picked,3
51,2024-04-04,Medium,Picked,0
51,2024-04-05,High,Picked,0
51,2024-04-06,High,Picked,0
51,2024-04-07,Medium,Picked,0
51,2024-04-08,High,Picked,0
51,2024-04-09,High,Picked,0
51,2024-04-10,Low,Not Picked,0
51,2024-04-11,High,Not Picked,2
51,2024-04-12,High,Picked,0
51,2024-04-13,High,Picked,0
51,2024-04-14,High,Picked,0
51,2024-04-15,Medium,Not Picked,0
51,2024-04-16,Medium,Picked,0
51,2024-04-17,Medium,Not Picked,1
51,2024-04-18,High,Not Picked,2
51,2024-04-19,Medium,Not Picked,3
51,2024-04-20,High,Picked,0
51,2024-04-21,Low,Not Picked,0
51,2024-04-22,Low,Picked,0
51,2024-04-23,High,Picked,0
51,2024-04-24,High,Not Picked,2
51,2024-04-25,High,Picked,0
51,2024-04-26,Medium,Picked,0
51,2024-04-27,High,Not Picked,2
51,2024-04-28,High,Picked,0
51,2024-04-29,High,Not Picked,1
52,2024-01-01,High,Picked,0
52,2024-01-02,Medium,Not Picked,0
52,2024-01-03,Medium,Not Picked,1
52,2024-01-04,Medium,Not Picked,1
52,2024-01-05,High,Picked,0
52,2024-01-06,Medium,Not Picked,0
52,2024-01-07,High,Not Picked,2
52,2024-01-08,High,Picked,0
52,2024-01-09,Medium,Not Picked,1
52,2024-01-10,Low,Not Picked,1
52,2024-01-11,High,Picked,0
52,2024-01-12,Medium,Not Picked,1
52,2024-01-13,High,Picked,0
52,2024-01-14,Medium,Not Picked,1
52,2024-01-15,High,Picked,0
52,2024-01-16,High,Not Picked,1
52,2024-01-17,Low,Not Picked,1
52,2024-01-18,High,Picked,0
52,2024-01-19,High,Picked,0
52,2024-01-20,Medium,Picked,0
52,2024-01-21,Low,Not Picked,0
52,2024-01-22,High,Not Picked,2
52,2024-01-23,Medium,Picked,0
52,2024-01-24,Medium,Not Picked,0
52,2024-01-25,Medium,Not Picked,1
52,2024-01-26,High,Picked,0
52,2024-01-27,High,Not Picked,2
52,2024-01-28,High,Not Picked,3
52,2024-01-29,Medium,Picked,0
52,2024-01-30,Medium,Not Picked,0
52,2024-01-31,High,Not Picked,1
52,2024-02-01,Medium,Picked,0
52,2024-02-02,High,Picked,0
52,2024-02-03,High,Picked,0
52,2024-02-04,High,Picked,0
52,2024-02-05,High,Not Picked,2
52,2024-02-06,Medium,Picked,0
52,2024-02-07,High,Picked,0
52,2024-02-08,Medium,Picked,0
52,2024-02-09,Medium,Not Picked,1
52,2024-02-10,Medium,Picked,0
52,2024-02-11,Medium,Not Picked,1
52,2024-02-12,Medium,Picked,0
52,2024-02-13,Medium,Picked,0
52,2024-02-14,Medium,Not Picked,1
52,2024-02-15,Medium,Not Picked,1
52,2024-02-16,Low,Not Picked,0
52,2024-02-17,Low,Not Picked,0
52,2024-02-18,High,Not Picked,2
52,2024-02-19,Low,Not Picked,1
52,2024-02-20,Medium,Picked,0
52,2024-02-21,High,Not Picked,2
52,2024-02-22,Low,Not Picked,1
52,2024-02-23,High,Picked,0
52,2024-02-24,Medium,Not Picked,0
52,2024-02-25,Medium,Not Picked,0
52,2024-02-26,High,Not Picked,2
52,2024-02-27,Low,Not Picked,1
52,2024-02-28,Low,Not Picked,1
52,2024-02-29,High,Not Picked,2
52,2024-03-01,Medium,Not Picked,2
52,2024-03-02,Medium,Picked,0
52,2024-03-03,Medium,Picked,0
52,2024-03-04,Medium,Not Picked,0
52,2024-03-05,Low,Picked,0
52,2024-03-06,High,Not Picked,1
52,2024-03-07,Medium,Picked,0
52,2024-03-08,High,Picked,0
52,2024-03-09,High,Not Picked,1
52,2024-03-10,Medium,Picked,0
52,2024-03-11,High,Not Picked,2
52,2024-03-12,Medium,Picked,0
52,2024-03-13,Low,Not Picked,0
52,2024-03-14,Low,Not Picked,0
52,2024-03-15,High,Not Picked,1
52,2024-03-16,Low,Not Picked,1
52,2024-03-17,High,Picked,0
52,2024-03-18,Medium,Picked,0
52,2024-03-19,High,Picked,0
52,2024-03-20,High,Not Picked,1
52,2024-03-21,High,Not Picked,2
52,2024-03-22,Medium,Not Picked,2
52,2024-03-23,Medium,Not Picked,2
52,2024-03-24,Low,Not Picked,1
52,2024-03-25,High,Picked,0
52,2024-03-26,Medium,Not Picked,1
52,2024-03-27,Medium,Picked,0
52,2024-03-28,High,Picked,0
52,2024-03-29,High,Not Picked,2
52,2024-03-30,Medium,Picked,0
52,2024-03-31,High,Not Picked,1
52,2024-04-01,High,Not Picked,3
52,2024-04-02,Low,Not Picked,3
52,2024-04-03,High,Picked,0
52,2024-04-04,High,Picked,0
52,2024-04-05,Medium,Not Picked,0
52,2024-04-06,Medium,Not Picked,0
52,2024-04-07,High,Picked,0
52,2024-04-08,High,Not Picked,1
52,2024-04-09,High,Picked,0
52,2024-04-10,High,Not Picked,2
52,2024-04-11,Low,Not Picked,1
52,2024-04-12,Medium,Picked,0
52,2024-04-13,High,Not Picked,1
52,2024-04-14,Medium,Not Picked,1
52,2024-04-15,Medium,Not Picked,1
52,2024-04-16,High,Picked,0
52,2024-04-17,Low,Not Picked,0
52,2024-04-18,Medium,Picked,0
52,2024-04-19,High,Picked,0
52,2024-04-20,High,Not Picked,2
52,2024-04-21,Medium,Picked,0
52,2024-04-22,High,Picked,0
52,2024-04-23,High,Not Picked,2
52,2024-04-24,Medium,Not Picked,3
52,2024-04-25,Medium,Picked,0
52,2024-04-26,High,Picked,0
52,2024-04-27,Low,Not Picked,0
52,2024-04-28,High,Not Picked,2
52,2024-04-29,Medium,Not Picked,3
53,2024-01-01,High,Picked,0
53,2024-01-02,High,Picked,0
53,2024-01-03,High,Not Picked,2
53,2024-01-04,Low,Not Picked,2
53,2024-01-05,High,Picked,0
53,2024-01-06,High,Not Picked,1
53,2024-01-07,Medium,Not Picked,2
53,2024-01-08,High,Not Picked,3
53,2024-01-09,High,Picked,0
53,2024-01-10,Low,Not Picked,0
53,2024-01-11,Low,Not Picked,0
53,2024-01-12,Medium,Not Picked,1
53,2024-01-13,High,Picked,0
53,2024-01-14,Medium,Not Picked,0
53,2024-01-15,High,Not Picked,2
53,2024-01-16,Medium,Picked,0
53,2024-01-17,High,Picked,0
53,2024-01-18,High,Not Picked,2
53,2024-01-19,High,Picked,0
53,2024-01-20,High,Not Picked,2
53,2024-01-21,Medium,Not Picked,2
53,2024-01-22,High,Picked,0
53,2024-01-23,High,Not Picked,2
53,2024-01-24,Medium,Picked,0
53,2024-01-25,High,Picked,0
53,2024-01-26,Medium,Picked,0
53,2024-01-27,High,Not Picked,1
53,2024-01-28,Medium,Not Picked,1
53,2024-01-29,Medium,Picked,0
53,2024-01-30,Low,Not Picked,0
53,2024-01-31,High,Not Picked,1
53,2024-02-01,High,Picked,0
53,2024-02-02,High,Picked,0
53,2024-02-03,Low,Not Picked,0
53,2024-02-04,Low,Not Picked,0
53,2024-02-05,High,Not Picked,1
53,2024-02-06,Medium,Picked,0
53,2024-02-07,High,Not Picked,1
53,2024-02-08,Low,Picked,0
53,2024-02-09,High,Picked,0
53,2024-02-10,Medium,Picked,0
53,2024-02-11,Low,Not Picked,0
53,2024-02-12,High,Picked,0
53,2024-02-13,High,Not Picked,2
53,2024-02-14,High,Not Picked,3
53,2024-02-15,High,Picked,0
53,2024-02-16,Low,Not Picked,0
53,2024-02-17,High,Not Picked,1
53,2024-02-18,High,Not Picked,2
53,2024-02-19,Medium,Picked,0
53,2024-02-20,High,Not Picked,2
53,2024-02-21,Medium,Picked,0
53,2024-02-22,High,Not Picked,2
53,2024-02-23,Low,Not Picked,1
53,2024-02-24,High,Picked,0
53,2024-02-25,Medium,Not Picked,0
53,2024-02-26,High,Picked,0
53,2024-02-27,Medium,Not Picked,0
53,2024-02-28,Medium,Not Picked,0
53,2024-02-29,Medium,Picked,0
53,2024-03-01,Medium,Not Picked,0
53,2024-03-02,High,Picked,0
53,2024-03-03,Low,Not Picked,0
53,2024-03-04,High,Not Picked,1
53,2024-03-05,High,Not Picked,3
53,2024-03-06,Medium,Picked,0
53,2024-03-07,Medium,Not Picked,1
53,2024-03-08,Medium,Not Picked,1
53,2024-03-09,High,Not Picked,3
53,2024-03-10,Low,Picked,0
53,2024-03-11,Medium,Picked,0
53,2024-03-12,Medium,Not Picked,1
53,2024-03-13,High,Picked,0
53,2024-03-14,High,Not Picked,2
53,2024-03-15,Low,Picked,0
53,2024-03-16,Low,Not Picked,0
53,2024-03-17,Low,Picked,0
53,2024-03-18,High,Not Picked,2
53,2024-03-19,Low,Picked,0
53,2024-03-20,High,Picked,0
53,2024-03-21,Medium,Picked,0
53,2024-03-22,Low,Not Picked,0
53,2024-03-23,Medium,Picked,0
53,2024-03-24,High,Picked,0
53,2024-03-25,Low,Not Picked,0
53,2024-03-26,Low,Not Picked,0
53,2024-03-27,Medium,Not Picked,0
53,2024-03-28,High,Not Picked,2
53,2024-03-29,High,Picked,0
53,2024-03-30,High,Not Picked,1
53,2024-03-31,High,Not Picked,2
53,2024-04-01,High,Picked,0
53,2024-04-02,High,Not Picked,1
53,2024-04-03,Medium,Picked,0
53,2024-04-04,High,Picked,0
53,2024-04-05,Medium,Not Picked,0
53,2024-04-06,Medium,Not Picked,0
53,2024-04-07,Medium,Not Picked,1
53,2024-04-08,Medium,Picked,0
53,2024-04-09,High,Not Picked,2
53,2024-04-10,Low,Not Picked,1
53,2024-04-11,Low,Picked,0
53,2024-04-12,Medium,Picked,0
53,2024-04-13,Medium,Picked,0
53,2024-04-14,Low,Not Picked,0
53,2024-04-15,High,Picked,0
53,2024-04-16,High,Not Picked,1
53,2024-04-17,Low,Not Picked,1
53,2024-04-18,High,Picked,0
53,2024-04-19,Low,Not Picked,0
53,2024-04-20,High,Picked,0
53,2024-04-21,Medium,Not Picked,0
53,2024-04-22,Low,Not Picked,0
53,2024-04-23,High,Not Picked,1
53,2024-04-24,High,Picked,0
53,2024-04-25,Medium,Not Picked,0
53,2024-04-26,Medium,Not Picked,1
53,2024-04-27,Medium,Not Picked,2
53,2024-04-28,Medium,Not Picked,2
53,2024-04-29,Medium,Not Picked,2
54,2024-01-01,High,Picked,0
54,2024-01-02,High,Not Picked,1
54,2024-01-03,High,Not Picked,3
54,2024-01-04,High,Picked,0
54,2024-01-05,Low,Not Picked,0
54,2024-01-06,High,Not Picked,1
54,2024-01-07,High,Picked,0
54,2024-01-08,High,Picked,0
54,2024-01-09,High,Not Picked,2
54,2024-01-10,Low,Picked,0
54,2024-01-11,High,Not Picked,1
54,2024-01-12,Medium,Not Picked,1
54,2024-01-13,High,Picked,0
54,2024-01-14,Medium,Not Picked,1
54,2024-01-15,Low,Not Picked,1
54,2024-01-16,Medium,Picked,0
54,2024-01-17,High,Picked,0
54,2024-01-18,Medium,Not Picked,1
54,2024-01-19,Medium,Not Picked,1
54,2024-01-20,High,Not Picked,2
54,2024-01-21,Low,Picked,0
54,2024-01-22,High,Picked,0
54,2024-01-23,Low,Picked,0
54,2024-01-24,High,Not Picked,2
54,2024-01-25,Medium,Picked,0
54,2024-01-26,Medium,Picked,0
54,2024-01-27,High,Not Picked,1
54,2024-01-28,High,Picked,0
54,2024-01-29,Medium,Not Picked,1
54,2024-01-30,High,Not Picked,2
54,2024-01-31,High,Picked,0
54,2024-02-01,Medium,Picked,0
54,2024-02-02,Low,Picked,0
54,2024-02-03,High,Not Picked,1
54,2024-02-04,High,Not Picked,2
54,2024-02-05,Medium,Picked,0
54,2024-02-06,High,Not Picked,1
54,2024-02-07,Low,Not Picked,1
54,2024-02-08,High,Picked,0
54,2024-02-09,Low,Not Picked,0
54,2024-02-10,Low,Not Picked,0
54,2024-02-11,Medium,Not Picked,1
54,2024-02-12,Medium,Not Picked,1
54,2024-02-13,High,Not Picked,2
54,2024-02-14,Medium,Picked,0
54,2024-02-15,Low,Not Picked,0
54,2024-02-16,High,Not Picked,2
54,2024-02-17,Low,Not Picked,1
54,2024-02-18,Medium,Picked,0
54,2024-02-19,High,Picked,0
54,2024-02-20,High,Not Picked,2
54,2024-02-21,High,Picked,0
54,2024-02-22,Medium,Picked,0
54,2024-02-23,Low,Not Picked,0
54,2024-02-24,High,Picked,0
54,2024-02-25,High,Not Picked,1
54,2024-02-26,Medium,Picked,0
54,2024-02-27,Low,Not Picked,0
54,2024-02-28,Low,Not Picked,0
54,2024-02-29,High,Not Picked,2
54,2024-03-01,High,Picked,0
54,2024-03-02,High,Picked,0
54,2024-03-03,Medium,Not Picked,0
54,2024-03-04,High,Picked,0
54,2024-03-05,Medium,Not Picked,0
54,2024-03-06,High,Not Picked,2
54,2024-03-07,Low,Not Picked,2
54,2024-03-08,Low,Picked,0
54,2024-03-09,Medium,Not Picked,1
54,2024-03-10,High,Not Picked,2
54,2024-03-11,Medium,Picked,0
54,2024-03-12,Medium,Not Picked,0
54,2024-03-13,High,Not Picked,1
54,2024-03-14,Low,Not Picked,1
54,2024-03-15,Low,Not Picked,0
54,2024-03-16,High,Picked,0
54,2024-03-17,Medium,Not Picked,0
54,2024-03-18,High,Not Picked,1
54,2024-03-19,Medium,Picked,0
54,2024-03-20,High,Picked,0
54,2024-03-21,Medium,Picked,0
54,2024-03-22,Low,Not Picked,0
54,2024-03-23,High,Not Picked,1
54,2024-03-24,High,Picked,0
54,2024-03-25,Medium,Not Picked,0
54,2024-03-26,Medium,Not Picked,0
54,2024-03-27,Medium,Not Picked,1
54,2024-03-28,Low,Not Picked,0
54,2024-03-29,Low,Not Picked,0
54,2024-03-30,High,Picked,0
54,2024-03-31,High,Not Picked,2
54,2024-04-01,Medium,Not Picked,2
54,2024-04-02,Low,Not Picked,1
54,2024-04-03,High,Not Picked,2
54,2024-04-04,High,Picked,0
54,2024-04-05,Medium,Not Picked,1
54,2024-04-06,High,Not Picked,2
54,2024-04-07,Medium,Not Picked,3
54,2024-04-08,High,Picked,0
54,2024-04-09,High,Not Picked,1
54,2024-04-10,Medium,Not Picked,1
54,2024-04-11,High,Not Picked,2
54,2024-04-12,Medium,Not Picked,2
54,2024-04-13,High,Picked,0
54,2024-04-14,High,Not Picked,1
54,2024-04-15,High,Picked,0
54,2024-04-16,Medium,Not Picked,1
54,2024-04-17,High,Picked,0
54,2024-04-18,High,Not Picked,2
54,2024-04-19,High,Not Picked,4
54,2024-04-20,Low,Picked,0
54,2024-04-21,High,Picked,0
54,2024-04-22,High,Not Picked,2
54,2024-04-23,Medium,Picked,0
54,2024-04-24,Medium,Not Picked,0
54,2024-04-25,High,Picked,0
54,2024-04-26,High,Not Picked,2
54,2024-04-27,Low,Not Picked,2
54,2024-04-28,High,Picked,0
54,2024-04-29,High,Not Picked,1
55,2024-01-01,Medium,Not Picked,0
55,2024-01-02,High,Not Picked,1
55,2024-01-03,High,Not Picked,2
55,2024-01-04,Medium,Picked,0
55,2024-01-05,Low,Not Picked,0
55,2024-01-06,Medium,Not Picked,1
55,2024-01-07,Medium,Picked,0
55,2024-01-08,Medium,Not Picked,0
55,2024-01-09,Medium,Not Picked,0
55,2024-01-10,Medium,Not Picked,1
55,2024-01-11,Low,Not Picked,1
55,2024-01-12,Low,Picked,0
55,2024-01-13,Medium,Not Picked,0
55,2024-01-14,Low,Not Picked,0
55,2024-01-15,Low,Not Picked,0
55,2024-01-16,Low,Not Picked,0
55,2024-01-17,Low,Not Picked,0
55,2024-01-18,High,Picked,0
55,2024-01-19,Low,Not Picked,0
55,2024-01-20,Low,Not Picked,0
55,2024-01-21,Low,Not Picked,0
55,2024-01-22,Low,Not Picked,0
55,2024-01-23,Medium,Not Picked,0
55,2024-01-24,High,Not Picked,2
55,2024-01-25,High,Picked,0
55,2024-01-26,Low,Picked,0
55,2024-01-27,Low,Not Picked,0
55,2024-01-28,Low,Not Picked,0
55,2024-01-29,Medium,Not Picked,0
55,2024-01-30,Low,Not Picked,0
55,2024-01-31,Low,Not Picked,0
55,2024-02-01,Medium,Not Picked,0
55,2024-02-02,Low,Not Picked,0
55,2024-02-03,Low,Picked,0
55,2024-02-04,Low,Not Picked,0
55,2024-02-05,Low,Picked,0
55,2024-02-06,Low,Picked,0
55,2024-02-07,Medium,Picked,0
55,2024-02-08,Medium,Not Picked,1
55,2024-02-09,High,Not Picked,3
55,2024-02-10,Low,Picked,0
55,2024-02-11,Low,Not Picked,0
55,2024-02-12,Low,Picked,0
55,2024-02-13,Low,Not Picked,0
55,2024-02-14,Low,Not Picked,0
55,2024-02-15,High,Picked,0
55,2024-02-16,Medium,Not Picked,1
55,2024-02-17,Low,Picked,0
55,2024-02-18,Low,Picked,0
55,2024-02-19,Medium,Not Picked,0
55,2024-02-20,Medium,Not Picked,1
55,2024-02-21,Medium,Picked,0
55,2024-02-22,High,Not Picked,2
55,2024-02-23,Low,Not Picked,1
55,2024-02-24,Low,Not Picked,0
55,2024-02-25,Low,Not Picked,0
55,2024-02-26,Low,Picked,0
55,2024-02-27,Medium,Picked,0
55,2024-02-28,Low,Not Picked,0
55,2024-02-29,Medium,Not Picked,1
55,2024-03-01,Medium,Not Picked,2
55,2024-03-02,Medium,Picked,0
55,2024-03-03,Medium,Not Picked,0
55,2024-03-04,Low,Not Picked,0
55,2024-03-05,Medium,Picked,0
55,2024-03-06,Medium,Not Picked,1
55,2024-03-07,Medium,Picked,0
55,2024-03-08,Medium,Not Picked,0
55,2024-03-09,High,Picked,0
55,2024-03-10,Medium,Picked,0
55,2024-03-11,Low,Picked,0
55,2024-03-12,Medium,Not Picked,0
55,2024-03-13,Low,Not Picked,0
55,2024-03-14,High,Picked,0
55,2024-03-15,High,Picked,0
55,2024-03-16,Low,Not Picked,0
55,2024-03-17,Medium,Not Picked,0
55,2024-03-18,Low,Not Picked,0
55,2024-03-19,Low,Not Picked,0
55,2024-03-20,High,Not Picked,1
55,2024-03-21,Medium,Picked,0
55,2024-03-22,High,Not Picked,2
55,2024-03-23,Low,Not Picked,1
55,2024-03-24,Low,Picked,0
55,2024-03-25,Low,Not Picked,0
55,2024-03-26,Low,Not Picked,0
55,2024-03-27,High,Not Picked,2
55,2024-03-28,High,Picked,0
55,2024-03-29,Medium,Not Picked,0
55,2024-03-30,Medium,Not Picked,0
55,2024-03-31,Low,Not Picked,0
55,2024-04-01,Low,Not Picked,0
55,2024-04-02,Low,Not Picked,0
55,2024-04-03,Medium,Picked,0
55,2024-04-04,Low,Not Picked,0
55,2024-04-05,Medium,Not Picked,1
55,2024-04-06,Low,Not Picked,0
55,2024-04-07,Medium,Not Picked,1
55,2024-04-08,Low,Not Picked,1
55,2024-04-09,Low,Not Picked,1
55,2024-04-10,High,Not Picked,2
55,2024-04-11,Medium,Picked,0
55,2024-04-12,High,Not Picked,1
55,2024-04-13,Low,Not Picked,1
55,2024-04-14,Low,Not Picked,1
55,2024-04-15,Low,Not Picked,0
55,2024-04-16,Medium,Not Picked,0
55,2024-04-17,Low,Not Picked,0
55,2024-04-18,High,Not Picked,2
55,2024-04-19,Low,Not Picked,2
55,2024-04-20,High,Picked,0
55,2024-04-21,High,Not Picked,1
55,2024-04-22,Medium,Picked,0
55,2024-04-23,Low,Not Picked,0
55,2024-04-24,Medium,Not Picked,0
55,2024-04-25,Medium,Not Picked,0
55,2024-04-26,High,Picked,0
55,2024-04-27,High,Not Picked,1
55,2024-04-28,Medium,Not Picked,2
55,2024-04-29,Medium,Not Picked,2
56,2024-01-01,Low,Not Picked,0
56,2024-01-02,Medium,Not Picked,1
56,2024-01-03,Medium,Picked,0
56,2024-01-04,High,Not Picked,1
56,2024-01-05,Low,Not Picked,1
56,2024-01-06,High,Picked,0
56,2024-01-07,Low,Not Picked,0
56,2024-01-08,High,Not Picked,1
56,2024-01-09,High,Not Picked,2
56,2024-01-10,High,Picked,0
56,2024-01-11,Medium,Not Picked,0
56,2024-01-12,High,Not Picked,2
56,2024-01-13,Medium,Picked,0
56,2024-01-14,Medium,Picked,0
56,2024-01-15,Low,Not Picked,0
56,2024-01-16,Medium,Not Picked,1
56,2024-01-17,Low,Picked,0
56,2024-01-18,Low,Not Picked,0
56,2024-01-19,Medium,Not Picked,1
56,2024-01-20,Medium,Not Picked,2
56,2024-01-21,Low,Picked,0
56,2024-01-22,Medium,Not Picked,1
56,2024-01-23,High,Not Picked,2
56,2024-01-24,High,Picked,0
56,2024-01-25,Low,Not Picked,0
56,2024-01-26,Medium,Picked,0
56,2024-01-27,Medium,Not Picked,0
56,2024-01-28,High,Not Picked,2
56,2024-01-29,High,Picked,0
56,2024-01-30,High,Not Picked,1
56,2024-01-31,Medium,Picked,0
56,2024-02-01,High,Picked,0
56,2024-02-02,High,Not Picked,1
56,2024-02-03,Low,Not Picked,0
56,2024-02-04,Medium,Not Picked,1
56,2024-02-05,Medium,Picked,0
56,2024-02-06,Medium,Not Picked,0
56,2024-02-07,Low,Not Picked,0
56,2024-02-08,High,Not Picked,2
56,2024-02-09,Medium,Picked,0
56,2024-02-10,High,Not Picked,2
56,2024-02-11,High,Picked,0
56,2024-02-12,Medium,Picked,0
56,2024-02-13,Medium,Not Picked,1
56,2024-02-14,High,Not Picked,2
56,2024-02-15,High,Not Picked,4
56,2024-02-16,Medium,Picked,0
56,2024-02-17,High,Not Picked,1
56,2024-02-18,High,Not Picked,2
56,2024-02-19,High,Picked,0
56,2024-02-20,Low,Not Picked,0
56,2024-02-21,High,Picked,0
56,2024-02-22,Medium,Not Picked,0
56,2024-02-23,High,Picked,0
56,2024-02-24,Medium,Not Picked,1
56,2024-02-25,High,Not Picked,2
56,2024-02-26,High,Picked,0
56,2024-02-27,High,Picked,0
56,2024-02-28,Medium,Not Picked,1
56,2024-02-29,Medium,Picked,0
56,2024-03-01,High,Not Picked,1
56,2024-03-02,High,Picked,0
56,2024-03-03,High,Picked,0
56,2024-03-04,Medium,Not Picked,0
56,2024-03-05,Low,Picked,0
56,2024-03-06,High,Picked,0
56,2024-03-07,High,Picked,0
56,2024-03-08,High,Picked,0
56,2024-03-09,High,Picked,0
56,2024-03-10,High,Not Picked,1
56,2024-03-11,High,Not Picked,2
56,2024-03-12,Low,Not Picked,2
56,2024-03-13,High,Not Picked,3
56,2024-03-14,High,Picked,0
56,2024-03-15,Medium,Not Picked,0
56,2024-03-16,Medium,Not Picked,0
56,2024-03-17,High,Picked,0
56,2024-03-18,High,Picked,0
56,2024-03-19,High,Picked,0
56,2024-03-20,High,Picked,0
56,2024-03-21,Medium,Not Picked,1
56,2024-03-22,High,Not Picked,2
56,2024-03-23,Medium,Not Picked,2
56,2024-03-24,Low,Not Picked,2
56,2024-03-25,Medium,Picked,0
56,2024-03-26,Medium,Not Picked,0
56,2024-03-27,Medium,Not Picked,0
56,2024-03-28,Medium,Not Picked,1
56,2024-03-29,Medium,Not Picked,2
56,2024-03-30,Medium,Picked,0
56,2024-03-31,Low,Not Picked,0
56,2024-04-01,Medium,Not Picked,1
56,2024-04-02,Medium,Picked,0
56,2024-04-03,Low,Not Picked,0
56,2024-04-04,High,Not Picked,2
56,2024-04-05,Medium,Picked,0
56,2024-04-06,Low,Not Picked,0
56,2024-04-07,Medium,Not Picked,0
56,2024-04-08,High,Not Picked,1
56,2024-04-09,Low,Not Picked,1
56,2024-04-10,High,Not Picked,3
56,2024-04-11,Medium,Not Picked,3
56,2024-04-12,Medium,Not Picked,4
56,2024-04-13,High,Picked,0
56,2024-04-14,Low,Picked,0
56,2024-04-15,High,Picked,0
56,2024-04-16,High,Not Picked,1
56,2024-04-17,High,Not Picked,3
56,2024-04-18,High,Picked,0
56,2024-04-19,Medium,Not Picked,0
56,2024-04-20,Low,Not Picked,0
56,2024-04-21,High,Not Picked,2
56,2024-04-22,Medium,Picked,0
56,2024-04-23,Low,Not Picked,0
56,2024-04-24,High,Not Picked,2
56,2024-04-25,High,Picked,0
56,2024-04-26,High,Not Picked,1
56,2024-04-27,High,Picked,0
56,2024-04-28,Low,Not Picked,0
56,2024-04-29,High,Not Picked,1
57,2024-01-01,Low,Not Picked,0
57,2024-01-02,Low,Not Picked,0
57,2024-01-03,Low,Not Picked,0
57,2024-01-04,Medium,Not Picked,1
57,2024-01-05,Medium,Not Picked,2
57,2024-01-06,Low,Not Picked,2
57,2024-01-07,Low,Not Picked,2
57,2024-01-08,Low,Not Picked,1
57,2024-01-09,Low,Picked,0
57,2024-01-10,Medium,Picked,0
57,2024-01-11,Medium,Not Picked,1
57,2024-01-12,Low,Not Picked,0
57,2024-01-13,Low,Not Picked,0
57,2024-01-14,Low,Not Picked,0
57,2024-01-15,High,Not Picked,1
57,2024-01-16,Medium,Not Picked,2
57,2024-01-17,Medium,Picked,0
57,2024-01-18,Medium,Not Picked,1
57,2024-01-19,Medium,Picked,0
57,2024-01-20,Low,Not Picked,0
57,2024-01-21,Medium,Not Picked,1
57,2024-01-22,Low,Not Picked,0
57,2024-01-23,Medium,Not Picked,1
57,2024-01-24,Low,Picked,0
57,2024-01-25,High,Not Picked,1
57,2024-01-26,Low,Picked,0
57,2024-01-27,High,Not Picked,2
57,2024-01-28,Medium,Not Picked,2
57,2024-01-29,Medium,Not Picked,3
57,2024-01-30,Medium,Not Picked,3
57,2024-01-31,Medium,Picked,0
57,2024-02-01,Low,Not Picked,0
57,2024-02-02,Medium,Not Picked,1
57,2024-02-03,Medium,Not Picked,1
57,2024-02-04,Medium,Not Picked,1
57,2024-02-05,High,Picked,0
57,2024-02-06,Low,Not Picked,0
57,2024-02-07,Low,Not Picked,0
57,2024-02-08,Low,Not Picked,0
57,2024-02-09,Medium,Not Picked,0
57,2024-02-10,High,Not Picked,1
57,2024-02-11,Medium,Not Picked,2
57,2024-02-12,Medium,Not Picked,2
57,2024-02-13,High,Picked,0
57,2024-02-14,Low,Not Picked,0
57,2024-02-15,Low,Not Picked,0
57,2024-02-16,Medium,Picked,0
57,2024-02-17,Low,Not Picked,0
57,2024-02-18,Low,Not Picked,0
57,2024-02-19,Low,Not Picked,0
57,2024-02-20,Low,Picked,0
57,2024-02-21,Medium,Not Picked,1
57,2024-02-22,High,Not Picked,2
57,2024-02-23,Medium,Not Picked,2
57,2024-02-24,Low,Picked,0
57,2024-02-25,High,Picked,0
57,2024-02-26,Medium,Not Picked,1
57,2024-02-27,Medium,Picked,0
57,2024-02-28,Low,Not Picked,0
57,2024-02-29,Medium,Not Picked,1
57,2024-03-01,Medium,Not Picked,2
57,2024-03-02,Medium,Not Picked,2
57,2024-03-03,Medium,Not Picked,2
57,2024-03-04,Low,Picked,0
57,2024-03-05,Low,Not Picked,0
57,2024-03-06,High,Picked,0
57,2024-03-07,Medium,Not Picked,0
57,2024-03-08,Medium,Not Picked,1
57,2024-03-09,Low,Picked,0
57,2024-03-10,High,Not Picked,2
57,2024-03-11,Medium,Not Picked,3
57,2024-03-12,High,Not Picked,4
57,2024-03-13,Medium,Picked,0
57,2024-03-14,Medium,Picked,0
57,2024-03-15,Medium,Not Picked,0
57,2024-03-16,Medium,Not Picked,0
57,2024-03-17,High,Not Picked,1
57,2024-03-18,Medium,Not Picked,1
57,2024-03-19,Low,Not Picked,0
57,2024-03-20,Low,Not Picked,0
57,2024-03-21,Low,Not Picked,0
57,2024-03-22,Low,Not Picked,0
57,2024-03-23,Medium,Not Picked,1
57,2024-03-24,High,Picked,0
57,2024-03-25,Low,Not Picked,0
57,2024-03-26,High,Not Picked,1
57,2024-03-27,High,Not Picked,2
57,2024-03-28,High,Not Picked,4
57,2024-03-29,Low,Not Picked,4
57,2024-03-30,Medium,Not Picked,5
57,2024-03-31,Medium,Not Picked,6
57,2024-04-01,Medium,Picked,0
57,2024-04-02,Medium,Not Picked,0
57,2024-04-03,Low,Not Picked,0
57,2024-04-04,Low,Not Picked,0
57,2024-04-05,Medium,Picked,0
57,2024-04-06,Low,Not Picked,0
57,2024-04-07,Medium,Not Picked,0
57,2024-04-08,Medium,Not Picked,1
57,2024-04-09,Medium,Picked,0
57,2024-04-10,Medium,Not Picked,1
57,2024-04-11,Low,Not Picked,0
57,2024-04-12,Medium,Not Picked,1
57,2024-04-13,Medium,Not Picked,2
57,2024-04-14,Low,Not Picked,2
57,2024-04-15,Medium,Not Picked,2
57,2024-04-16,Medium,Not Picked,2
57,2024-04-17,Low,Picked,0
57,2024-04-18,Low,Not Picked,0
57,2024-04-19,Low,Not Picked,0
57,2024-04-20,Medium,Not Picked,0
57,2024-04-21,Low,Picked,0
57,2024-04-22,Low,Not Picked,0
57,2024-04-23,Low,Not Picked,0
57,2024-04-24,Low,Not Picked,0
57,2024-04-25,Low,Not Picked,0
57,2024-04-26,Low,Not Picked,0
57,2024-04-27,Low,Not Picked,0
57,2024-04-28,Low,Not Picked,0
57,2024-04-29,Low,Not Picked,0
58,2024-01-01,Medium,Picked,0
58,2024-01-02,Medium,Picked,0
58,2024-01-03,Medium,Picked,0
58,2024-01-04,Medium,Not Picked,1
58,2024-01-05,Low,Not Picked,0
58,2024-01-06,Medium,Not Picked,1
58,2024-01-07,Low,Picked,0
58,2024-01-08,Low,Not Picked,0
58,2024-01-09,Low,Not Picked,0
58,2024-01-10,Low,Not Picked,0
58,2024-01-11,Low,Not Picked,0
58,2024-01-12,Medium,Not Picked,1
58,2024-01-13,Low,Not Picked,0
58,2024-01-14,Low,Not Picked,0
58,2024-01-15,Low,Not Picked,0
58,2024-01-16,High,Picked,0
58,2024-01-17,Low,Not Picked,0
58,2024-01-18,Low,Not Picked,0
58,2024-01-19,Medium,Picked,0
58,2024-01-20,Low,Picked,0
58,2024-01-21,Low,Not Picked,0
58,2024-01-22,Low,Not Picked,0
58,2024-01-23,Medium,Not Picked,0
58,2024-01-24,Low,Picked,0
58,2024-01-25,Low,Not Picked,0
58,2024-01-26,Low,Not Picked,0
58,2024-01-27,Medium,Not Picked,0
58,2024-01-28,Low,Not Picked,0
58,2024-01-29,Medium,Not Picked,1
58,2024-01-30,Low,Not Picked,0
58,2024-01-31,Low,Not Picked,0
58,2024-02-01,High,Picked,0
58,2024-02-02,Medium,Not Picked,0
58,2024-02-03,Low,Not Picked,0
58,2024-02-04,High,Picked,0
58,2024-02-05,Low,Not Picked,0
58,2024-02-06,Low,Not Picked,0
58,2024-02-07,Medium,Not Picked,0
58,2024-02-08,Medium,Not Picked,0
58,2024-02-09,Medium,Not Picked,1
58,2024-02-10,Medium,Not Picked,2
58,2024-02-11,Medium,Picked,0
58,2024-02-12,Medium,Not Picked,0
58,2024-02-13,Medium,Not Picked,1
58,2024-02-14,Low,Not Picked,0
58,2024-02-15,Low,Not Picked,0
58,2024-02-16,High,Picked,0
58,2024-02-17,Medium,Not Picked,0
58,2024-02-18,Low,Not Picked,0
58,2024-02-19,Medium,Not Picked,0
58,2024-02-20,Medium,Not Picked,1
58,2024-02-21,High,Not Picked,2
58,2024-02-22,Medium,Picked,0
58,2024-02-23,Low,Not Picked,0
58,2024-02-24,Medium,Not Picked,0
58,2024-02-25,Low,Picked,0
58,2024-02-26,Medium,Not Picked,0
58,2024-02-27,Medium,Not Picked,1
58,2024-02-28,Medium,Picked,0
58,2024-02-29,High,Not Picked,2
58,2024-03-01,High,Picked,0
58,2024-03-02,Low,Not Picked,0
58,2024-03-03,Medium,Not Picked,1
58,2024-03-04,Low,Picked,0
58,2024-03-05,Medium,Not Picked,1
58,2024-03-06,Low,Not Picked,1
58,2024-03-07,Low,Not Picked,0
58,2024-03-08,Low,Not Picked,0
58,2024-03-09,Low,Not Picked,0
58,2024-03-10,High,Picked,0
58,2024-03-11,Low,Not Picked,0
58,2024-03-12,High,Not Picked,1
58,2024-03-13,Medium,Picked,0
58,2024-03-14,Low,Not Picked,0
58,2024-03-15,High,Not Picked,1
58,2024-03-16,Medium,Picked,0
58,2024-03-17,Medium,Not Picked,0
58,2024-03-18,Low,Not Picked,0
58,2024-03-19,High,Picked,0
58,2024-03-20,Low,Not Picked,0
58,2024-03-21,Low,Picked,0
58,2024-03-22,Low,Picked,0
58,2024-03-23,High,Not Picked,1
58,2024-03-24,High,Not Picked,2
58,2024-03-25,Medium,Not Picked,3
58,2024-03-26,Medium,Picked,0
58,2024-03-27,Low,Not Picked,0
58,2024-03-28,Medium,Not Picked,1
58,2024-03-29,Low,Not Picked,0
58,2024-03-30,Low,Not Picked,0
58,2024-03-31,Medium,Not Picked,1
58,2024-04-01,Low,Not Picked,0
58,2024-04-02,Low,Not Picked,0
58,2024-04-03,Medium,Not Picked,1
58,2024-04-04,Medium,Not Picked,2
58,2024-04-05,Low,Not Picked,2
58,2024-04-06,Medium,Picked,0
58,2024-04-07,Low,Not Picked,0
58,2024-04-08,Low,Not Picked,0
58,2024-04-09,High,Picked,0
58,2024-04-10,Medium,Not Picked,1
58,2024-04-11,Low,Not Picked,0
58,2024-04-12,Low,Picked,0
58,2024-04-13,High,Picked,0
58,2024-04-14,Low,Not Picked,0
58,2024-04-15,Low,Not Picked,0
58,2024-04-16,Low,Not Picked,0
58,2024-04-17,Medium,Not Picked,1
58,2024-04-18,Low,Not Picked,1
58,2024-04-19,Low,Not Picked,0
58,2024-04-20,Medium,Picked,0
58,2024-04-21,Low,Not Picked,0
58,2024-04-22,Medium,Not Picked,0
58,2024-04-23,Medium,Not Picked,1
58,2024-04-24,High,Picked,0
58,2024-04-25,Low,Not Picked,0
58,2024-04-26,High,Not Picked,1
58,2024-04-27,Low,Picked,0
58,2024-04-28,High,Not Picked,2
58,2024-04-29,Low,Not Picked,1
59,2024-01-01,Low,Not Picked,0
59,2024-01-02,Medium,Picked,0
59,2024-01-03,Low,Not Picked,0
59,2024-01-04,Low,Not Picked,0
59,2024-01-05,High,Not Picked,1
59,2024-01-06,Low,Not Picked,0
59,2024-01-07,Low,Not Picked,0
59,2024-01-08,Low,Not Picked,0
59,2024-01-09,Low,Not Picked,0
59,2024-01-10,Medium,Not Picked,0
59,2024-01-11,Low,Not Picked,0
59,2024-01-12,High,Not Picked,1
59,2024-01-13,Medium,Not Picked,1
59,2024-01-14,Medium,Not Picked,1
59,2024-01-15,Medium,Not Picked,2
59,2024-01-16,Medium,Not Picked,2
59,2024-01-17,Medium,Picked,0
59,2024-01-18,High,Not Picked,1
59,2024-01-19,Medium,Not Picked,2
59,2024-01-20,High,Picked,0
59,2024-01-21,Low,Not Picked,0
59,2024-01-22,Low,Not Picked,0
59,2024-01-23,Medium,Not Picked,1
59,2024-01-24,Low,Not Picked,1
59,2024-01-25,Medium,Picked,0
59,2024-01-26,Medium,Not Picked,0
59,2024-01-27,Medium,Not Picked,1
59,2024-01-28,Low,Not Picked,1
59,2024-01-29,Low,Not Picked,0
59,2024-01-30,High,Not Picked,1
59,2024-01-31,Low,Not Picked,1
59,2024-02-01,Medium,Picked,0
59,2024-02-02,Medium,Not Picked,1
59,2024-02-03,High,Picked,0
59,2024-02-04,Low,Not Picked,0
59,2024-02-05,High,Picked,0
59,2024-02-06,Medium,Picked,0
59,2024-02-07,High,Not Picked,1
59,2024-02-08,Low,Not Picked,0
59,2024-02-09,Low,Not Picked,0
59,2024-02-10,Low,Not Picked,0
59,2024-02-11,Low,Not Picked,0
59,2024-02-12,Low,Not Picked,0
59,2024-02-13,Low,Picked,0
59,2024-02-14,High,Picked,0
59,2024-02-15,Low,Picked,0
59,2024-02-16,Low,Not Picked,0
59,2024-02-17,High,Picked,0
59,2024-02-18,Low,Not Picked,0
59,2024-02-19,High,Picked,0
59,2024-02-20,Medium,Not Picked,0
59,2024-02-21,Low,Not Picked,0
59,2024-02-22,Medium,Not Picked,1
59,2024-02-23,Medium,Not Picked,1
59,2024-02-24,Low,Picked,0
59,2024-02-25,Medium,Not Picked,1
59,2024-02-26,High,Picked,0
59,2024-02-27,Medium,Picked,0
59,2024-02-28,Medium,Not Picked,1
59,2024-02-29,Medium,Picked,0
59,2024-03-01,Low,Not Picked,0
59,2024-03-02,Medium,Not Picked,1
59,2024-03-03,Medium,Not Picked,1
59,2024-03-04,Medium,Not Picked,2
59,2024-03-05,High,Picked,0
59,2024-03-06,Low,Not Picked,0
59,2024-03-07,Low,Not Picked,0
59,2024-03-08,High,Not Picked,1
59,2024-03-09,Low,Not Picked,1
59,2024-03-10,Medium,Not Picked,1
59,2024-03-11,Low,Not Picked,0
59,2024-03-12,Low,Not Picked,0
59,2024-03-13,High,Not Picked,1
59,2024-03-14,Low,Not Picked,0
59,2024-03-15,Low,Not Picked,0
59,2024-03-16,Medium,Not Picked,1
59,2024-03-17,Low,Not Picked,1
59,2024-03-18,Medium,Not Picked,1
59,2024-03-19,Low,Not Picked,0
59,2024-03-20,Medium,Not Picked,0
59,2024-03-21,Medium,Not Picked,0
59,2024-03-22,Low,Not Picked,0
59,2024-03-23,Low,Not Picked,0
59,2024-03-24,Low,Not Picked,0
59,2024-03-25,Medium,Not Picked,1
59,2024-03-26,High,Picked,0
59,2024-03-27,High,Picked,0
59,2024-03-28,Medium,Not Picked,0
59,2024-03-29,Medium,Picked,0
59,2024-03-30,Medium,Not Picked,0
59,2024-03-31,Low,Not Picked,0
59,2024-04-01,Low,Not Picked,0
59,2024-04-02,Low,Picked,0
59,2024-04-03,Medium,Picked,0
59,2024-04-04,Medium,Not Picked,1
59,2024-04-05,Low,Not Picked,0
59,2024-04-06,Low,Not Picked,0
59,2024-04-07,Medium,Picked,0
59,2024-04-08,High,Picked,0
59,2024-04-09,High,Not Picked,1
59,2024-04-10,High,Picked,0
59,2024-04-11,Medium,Not Picked,0
59,2024-04-12,High,Not Picked,2
59,2024-04-13,High,Picked,0
59,2024-04-14,Low,Not Picked,0
59,2024-04-15,Medium,Not Picked,1
59,2024-04-16,Medium,Picked,0
59,2024-04-17,Low,Picked,0
59,2024-04-18,Low,Not Picked,0
59,2024-04-19,High,Not Picked,2
59,2024-04-20,Medium,Picked,0
59,2024-04-21,Low,Not Picked,0
59,2024-04-22,Low,Picked,0
59,2024-04-23,Medium,Not Picked,0
59,2024-04-24,Medium,Not Picked,0
59,2024-04-25,Medium,Picked,0
59,2024-04-26,Medium,Not Picked,1
59,2024-04-27,Low,Not Picked,1
59,2024-04-28,Medium,Picked,0
59,2024-04-29,Medium,Not Picked,0
60,2024-01-01,Medium,Not Picked,0
60,2024-01-02,Medium,Not Picked,1
60,2024-01-03,Medium,Picked,0
60,2024-01-04,Medium,Not Picked,0
60,2024-01-05,Medium,Not Picked,1
60,2024-01-06,High,Not Picked,3
60,2024-01-07,Medium,Picked,0
60,2024-01-08,Low,Not Picked,0
60,2024-01-09,Low,Not Picked,0
60,2024-01-10,Medium,Not Picked,0
60,2024-01-11,Medium,Picked,0
60,2024-01-12,Medium,Not Picked,0
60,2024-01-13,Low,Picked,0
60,2024-01-14,Low,Not Picked,0
60,2024-01-15,Medium,Not Picked,0
60,2024-01-16,Medium,Not Picked,0
60,2024-01-17,High,Picked,0
60,2024-01-18,High,Not Picked,1
60,2024-01-19,Low,Not Picked,0
60,2024-01-20,Medium,Picked,0
60,2024-01-21,Medium,Not Picked,0
60,2024-01-22,Medium,Not Picked,0
60,2024-01-23,High,Not Picked,1
60,2024-01-24,Low,Picked,0
60,2024-01-25,Medium,Picked,0
60,2024-01-26,Low,Not Picked,0
60,2024-01-27,Medium,Picked,0
60,2024-01-28,Low,Picked,0
60,2024-01-29,Low,Picked,0
60,2024-01-30,Medium,Picked,0
60,2024-01-31,Medium,Not Picked,0
60,2024-02-01,Medium,Not Picked,1
60,2024-02-02,Low,Not Picked,1
60,2024-02-03,Low,Picked,0
60,2024-02-04,Low,Not Picked,0
60,2024-02-05,Low,Not Picked,0
60,2024-02-06,Medium,Not Picked,0
60,2024-02-07,Low,Not Picked,0
60,2024-02-08,Low,Not Picked,0
60,2024-02-09,Low,Not Picked,0
60,2024-02-10,Low,Picked,0
60,2024-02-11,Low,Not Picked,0
60,2024-02-12,Medium,Not Picked,1
60,2024-02-13,Medium,Not Picked,2
60,2024-02-14,Medium,Not Picked,3
60,2024-02-15,Low,Not Picked,3
60,2024-02-16,Medium,Picked,0
60,2024-02-17,Low,Not Picked,0
60,2024-02-18,Medium,Not Picked,1
60,2024-02-19,Medium,Not Picked,1
60,2024-02-20,Medium,Not Picked,1
60,2024-02-21,Low,Not Picked,0
60,2024-02-22,Medium,Picked,0
60,2024-02-23,Medium,Not Picked,1
60,2024-02-24,Low,Not Picked,0
60,2024-02-25,Low,Picked,0
60,2024-02-26,Low,Not Picked,0
60,2024-02-27,Low,Not Picked,0
60,2024-02-28,Medium,Picked,0
60,2024-02-29,Medium,Not Picked,0
60,2024-03-01,Medium,Not Picked,1
60,2024-03-02,Medium,Picked,0
60,2024-03-03,Low,Not Picked,0
60,2024-03-04,Medium,Not Picked,1
60,2024-03-05,Low,Not Picked,1
60,2024-03-06,Low,Not Picked,0
60,2024-03-07,Medium,Not Picked,0
60,2024-03-08,Medium,Not Picked,0
60,2024-03-09,Medium,Picked,0
60,2024-03-10,High,Not Picked,2
60,2024-03-11,Medium,Picked,0
60,2024-03-12,Low,Not Picked,0
60,2024-03-13,Medium,Not Picked,1
60,2024-03-14,High,Not Picked,2
60,2024-03-15,Medium,Not Picked,2
60,2024-03-16,Low,Not Picked,2
60,2024-03-17,Low,Picked,0
60,2024-03-18,Low,Not Picked,0
60,2024-03-19,Low,Not Picked,0
60,2024-03-20,Low,Picked,0
60,2024-03-21,Low,Not Picked,0
60,2024-03-22,High,Picked,0
60,2024-03-23,Low,Not Picked,0
60,2024-03-24,Low,Not Picked,0
60,2024-03-25,Low,Not Picked,0
60,2024-03-26,Low,Not Picked,0
60,2024-03-27,High,Not Picked,1
60,2024-03-28,Medium,Not Picked,1
60,2024-03-29,Medium,Not Picked,1
60,2024-03-30,Low,Picked,0
60,2024-03-31,Low,Picked,0
60,2024-04-01,Low,Not Picked,0
60,2024-04-02,Low,Not Picked,0
60,2024-04-03,Low,Not Picked,0
60,2024-04-04,Low,Not Picked,0
60,2024-04-05,Medium,Not Picked,1
60,2024-04-06,Medium,Not Picked,1
60,2024-04-07,Low,Not Picked,0
60,2024-04-08,Medium,Picked,0
60,2024-04-09,Low,Not Picked,0
60,2024-04-10,Medium,Not Picked,1
60,2024-04-11,Low,Not Picked,1
60,2024-04-12,Low,Not Picked,0
60,2024-04-13,Medium,Picked,0
60,2024-04-14,High,Picked,0
60,2024-04-15,Low,Picked,0
60,2024-04-16,Low,Not Picked,0
60,2024-04-17,Medium,Picked,0
60,2024-04-18,Low,Not Picked,0
60,2024-04-19,Medium,Not Picked,0
60,2024-04-20,Low,Picked,0
60,2024-04-21,Medium,Not Picked,1
60,2024-04-22,Low,Not Picked,1
60,2024-04-23,Medium,Picked,0
60,2024-04-24,High,Picked,0
60,2024-04-25,Medium,Not Picked,0
60,2024-04-26,Low,Not Picked,0
60,2024-04-27,Medium,Picked,0
60,2024-04-28,Low,Not Picked,0
60,2024-04-29,Low,Not Picked,0
61,2024-01-01,High,Not Picked,1
61,2024-01-02,Medium,Not Picked,2
61,2024-01-03,Low,Not Picked,1
61,2024-01-04,Low,Not Picked,0
61,2024-01-05,Medium,Not Picked,0
61,2024-01-06,Medium,Not Picked,1
61,2024-01-07,Medium,Not Picked,1
61,2024-01-08,Medium,Not Picked,2
61,2024-01-09,High,Not Picked,4
61,2024-01-10,Low,Not Picked,4
61,2024-01-11,High,Picked,0
61,2024-01-12,Medium,Not Picked,0
61,2024-01-13,Low,Not Picked,0
61,2024-01-14,Medium,Not Picked,0
61,2024-01-15,Medium,Not Picked,1
61,2024-01-16,Medium,Not Picked,1
61,2024-01-17,Low,Not Picked,1
61,2024-01-18,High,Not Picked,3
61,2024-01-19,Low,Not Picked,3
61,2024-01-20,Medium,Picked,0
61,2024-01-21,Medium,Not Picked,1
61,2024-01-22,High,Not Picked,3
61,2024-01-23,Low,Picked,0
61,2024-01-24,High,Picked,0
61,2024-01-25,Medium,Picked,0
61,2024-01-26,High,Picked,0
61,2024-01-27,Low,Not Picked,0
61,2024-01-28,Low,Picked,0
61,2024-01-29,Medium,Picked,0
61,2024-01-30,High,Not Picked,1
61,2024-01-31,Medium,Not Picked,2
61,2024-02-01,Low,Picked,0
61,2024-02-02,Medium,Not Picked,0
61,2024-02-03,Low,Not Picked,0
61,2024-02-04,Medium,Not Picked,1
61,2024-02-05,Medium,Picked,0
61,2024-02-06,Medium,Picked,0
61,2024-02-07,Low,Not Picked,0
61,2024-02-08,Medium,Not Picked,0
61,2024-02-09,Medium,Not Picked,1
61,2024-02-10,Low,Not Picked,0
61,2024-02-11,Medium,Not Picked,0
61,2024-02-12,Medium,Not Picked,0
61,2024-02-13,Medium,Not Picked,1
61,2024-02-14,Medium,Picked,0
61,2024-02-15,Medium,Not Picked,1
61,2024-02-16,Medium,Picked,0
61,2024-02-17,Medium,Not Picked,0
61,2024-02-18,High,Not Picked,2
61,2024-02-19,High,Picked,0
61,2024-02-20,Medium,Not Picked,0
61,2024-02-21,Medium,Picked,0
61,2024-02-22,Medium,Not Picked,1
61,2024-02-23,Medium,Picked,0
61,2024-02-24,Low,Not Picked,0
61,2024-02-25,Medium,Not Picked,0
61,2024-02-26,Medium,Not Picked,1
61,2024-02-27,Medium,Picked,0
61,2024-02-28,Low,Picked,0
61,2024-02-29,Low,Not Picked,0
61,2024-03-01,Medium,Not Picked,1
61,2024-03-02,Low,Not Picked,0
61,2024-03-03,Medium,Not Picked,0
61,2024-03-04,Medium,Not Picked,1
61,2024-03-05,Low,Picked,0
61,2024-03-06,Medium,Not Picked,1
61,2024-03-07,Medium,Picked,0
61,2024-03-08,High,Not Picked,2
61,2024-03-09,Medium,Picked,0
61,2024-03-10,High,Not Picked,1
61,2024-03-11,Low,Picked,0
61,2024-03-12,Medium,Not Picked,1
61,2024-03-13,Medium,Not Picked,1
61,2024-03-14,Low,Not Picked,0
61,2024-03-15,High,Not Picked,2
61,2024-03-16,Medium,Picked,0
61,2024-03-17,Medium,Not Picked,0
61,2024-03-18,Medium,Not Picked,1
61,2024-03-19,Medium,Not Picked,2
61,2024-03-20,Medium,Picked,0
61,2024-03-21,Medium,Picked,0
61,2024-03-22,Medium,Not Picked,0
61,2024-03-23,Low,Not Picked,0
61,2024-03-24,Low,Not Picked,0
61,2024-03-25,Low,Not Picked,0
61,2024-03-26,High,Not Picked,1
61,2024-03-27,High,Not Picked,2
61,2024-03-28,Low,Picked,0
61,2024-03-29,High,Not Picked,2
61,2024-03-30,Low,Picked,0
61,2024-03-31,Low,Picked,0
61,2024-04-01,Low,Not Picked,0
61,2024-04-02,Low,Not Picked,0
61,2024-04-03,Medium,Not Picked,1
61,2024-04-04,Low,Not Picked,1
61,2024-04-05,Medium,Not Picked,1
61,2024-04-06,High,Not Picked,3
61,2024-04-07,High,Picked,0
61,2024-04-08,Medium,Not Picked,0
61,2024-04-09,Low,Not Picked,0
61,2024-04-10,High,Not Picked,2
61,2024-04-11,Medium,Picked,0
61,2024-04-12,Medium,Not Picked,0
61,2024-04-13,Medium,Picked,0
61,2024-04-14,Medium,Not Picked,0
61,2024-04-15,Medium,Not Picked,1
61,2024-04-16,Medium,Picked,0
61,2024-04-17,Low,Picked,0
61,2024-04-18,Low,Not Picked,0
61,2024-04-19,Medium,Not Picked,1
61,2024-04-20,Low,Picked,0
61,2024-04-21,Low,Picked,0
61,2024-04-22,Low,Picked,0
61,2024-04-23,Low,Not Picked,0
61,2024-04-24,Low,Not Picked,0
61,2024-04-25,Medium,Not Picked,0
61,2024-04-26,High,Not Picked,1
61,2024-04-27,High,Picked,0
61,2024-04-28,Low,Not Picked,0
61,2024-04-29,Medium,Not Picked,0
62,2024-01-01,Medium,Not Picked,1
62,2024-01-02,Medium,Picked,0
62,2024-01-03,Low,Not Picked,0
62,2024-01-04,High,Not Picked,2
62,2024-01-05,Low,Picked,0
62,2024-01-06,Medium,Not Picked,0
62,2024-01-07,Medium,Not Picked,0
62,2024-01-08,Medium,Not Picked,1
62,2024-01-09,Medium,Not Picked,1
62,2024-01-10,Medium,Picked,0
62,2024-01-11,Low,Not Picked,0
62,2024-01-12,Low,Not Picked,0
62,2024-01-13,Low,Not Picked,0
62,2024-01-14,Medium,Not Picked,0
62,2024-01-15,High,Not Picked,1
62,2024-01-16,Low,Not Picked,1
62,2024-01-17,Low,Not Picked,0
62,2024-01-18,Medium,Not Picked,1
62,2024-01-19,Low,Picked,0
62,2024-01-20,Medium,Not Picked,0
62,2024-01-21,Medium,Not Picked,1
62,2024-01-22,Low,Not Picked,1
62,2024-01-23,Low,Not Picked,1
62,2024-01-24,Low,Not Picked,1
62,2024-01-25,Medium,Picked,0
62,2024-01-26,Medium,Picked,0
62,2024-01-27,Medium,Not Picked,0
62,2024-01-28,Low,Not Picked,0
62,2024-01-29,Medium,Not Picked,1
62,2024-01-30,Medium,Picked,0
62,2024-01-31,Low,Not Picked,0
62,2024-02-01,Medium,Not Picked,1
62,2024-02-02,Medium,Picked,0
62,2024-02-03,High,Picked,0
62,2024-02-04,Low,Not Picked,0
62,2024-02-05,Low,Not Picked,0
62,2024-02-06,High,Not Picked,1
62,2024-02-07,Low,Picked,0
62,2024-02-08,Medium,Not Picked,1
62,2024-02-09,Medium,Not Picked,1
62,2024-02-10,Low,Not Picked,1
62,2024-02-11,Medium,Picked,0
62,2024-02-12,Medium,Not Picked,0
62,2024-02-13,Medium,Not Picked,1
62,2024-02-14,Low,Not Picked,0
62,2024-02-15,Low,Not Picked,0
62,2024-02-16,High,Not Picked,1
62,2024-02-17,Low,Picked,0
62,2024-02-18,Low,Not Picked,0
62,2024-02-19,Low,Not Picked,0
62,2024-02-20,Medium,Not Picked,0
62,2024-02-21,Low,Not Picked,0
62,2024-02-22,Medium,Not Picked,1
62,2024-02-23,Medium,Not Picked,1
62,2024-02-24,High,Picked,0
62,2024-02-25,Low,Not Picked,0
62,2024-02-26,Medium,Not Picked,0
62,2024-02-27,Low,Not Picked,0
62,2024-02-28,Medium,Not Picked,1
62,2024-02-29,Low,Not Picked,1
62,2024-03-01,High,Not Picked,2
62,2024-03-02,Low,Picked,0
62,2024-03-03,Medium,Not Picked,1
62,2024-03-04,Medium,Not Picked,1
62,2024-03-05,Medium,Not Picked,1
62,2024-03-06,Low,Not Picked,1
62,2024-03-07,Low,Picked,0
62,2024-03-08,Low,Not Picked,0
62,2024-03-09,Medium,Not Picked,0
62,2024-03-10,Medium,Not Picked,0
62,2024-03-11,Low,Not Picked,0
62,2024-03-12,Medium,Not Picked,0
62,2024-03-13,Medium,Picked,0
62,2024-03-14,Low,Not Picked,0
62,2024-03-15,Low,Not Picked,0
62,2024-03-16,High,Not Picked,2
62,2024-03-17,Low,Picked,0
62,2024-03-18,Low,Picked,0
62,2024-03-19,Medium,Not Picked,0
62,2024-03-20,High,Not Picked,1
62,2024-03-21,Medium,Not Picked,2
62,2024-03-22,Low,Picked,0
62,2024-03-23,Medium,Not Picked,0
62,2024-03-24,Low,Picked,0
62,2024-03-25,Medium,Not Picked,1
62,2024-03-26,Medium,Not Picked,1
62,2024-03-27,Low,Not Picked,0
62,2024-03-28,Low,Not Picked,0
62,2024-03-29,Low,Not Picked,0
62,2024-03-30,Low,Picked,0
62,2024-03-31,Medium,Picked,0
62,2024-04-01,High,Picked,0
62,2024-04-02,Low,Not Picked,0
62,2024-04-03,Medium,Not Picked,1
62,2024-04-04,Medium,Picked,0
62,2024-04-05,Low,Not Picked,0
62,2024-04-06,Medium,Not Picked,1
62,2024-04-07,Low,Not Picked,0
62,2024-04-08,Low,Not Picked,0
62,2024-04-09,High,Not Picked,1
62,2024-04-10,Low,Not Picked,1
62,2024-04-11,Medium,Not Picked,1
62,2024-04-12,Medium,Not Picked,1
62,2024-04-13,Medium,Not Picked,1
62,2024-04-14,Low,Not Picked,1
62,2024-04-15,Low,Not Picked,0
62,2024-04-16,Medium,Not Picked,0
62,2024-04-17,Low,Not Picked,0
62,2024-04-18,Medium,Not Picked,0
62,2024-04-19,Medium,Not Picked,0
62,2024-04-20,Medium,Not Picked,0
62,2024-04-21,Low,Not Picked,0
62,2024-04-22,Medium,Not Picked,1
62,2024-04-23,Medium,Picked,0
62,2024-04-24,Medium,Not Picked,1
62,2024-04-25,Low,Not Picked,0
62,2024-04-26,Medium,Not Picked,0
62,2024-04-27,Medium,Picked,0
62,2024-04-28,Low,Not Picked,0
62,2024-04-29,Low,Not Picked,0
63,2024-01-01,High,Not Picked,1
63,2024-01-02,High,Not Picked,2
63,2024-01-03,High,Picked,0
63,2024-01-04,Medium,Not Picked,0
63,2024-01-05,High,Picked,0
63,2024-01-06,Medium,Picked,0
63,2024-01-07,Low,Not Picked,0
63,2024-01-08,High,Not Picked,1
63,2024-01-09,Medium,Picked,0
63,2024-01-10,High,Picked,0
63,2024-01-11,Low,Not Picked,0
63,2024-01-12,Medium,Not Picked,0
63,2024-01-13,High,Not Picked,1
63,2024-01-14,High,Not Picked,2
63,2024-01-15,High,Picked,0
63,2024-01-16,Low,Not Picked,0
63,2024-01-17,High,Not Picked,2
63,2024-01-18,High,Not Picked,4
63,2024-01-19,High,Picked,0
63,2024-01-20,High,Picked,0
63,2024-01-21,Low,Picked,0
63,2024-01-22,High,Picked,0
63,2024-01-23,Medium,Not Picked,1
63,2024-01-24,High,Not Picked,3
63,2024-01-25,Medium,Picked,0
63,2024-01-26,Medium,Not Picked,0
63,2024-01-27,High,Picked,0
63,2024-01-28,High,Not Picked,2
63,2024-01-29,Low,Picked,0
63,2024-01-30,High,Picked,0
63,2024-01-31,High,Picked,0
63,2024-02-01,High,Not Picked,2
63,2024-02-02,High,Picked,0
63,2024-02-03,High,Picked,0
63,2024-02-04,Low,Not Picked,0
63,2024-02-05,High,Not Picked,2
63,2024-02-06,Medium,Not Picked,3
63,2024-02-07,Medium,Picked,0
63,2024-02-08,Medium,Not Picked,1
63,2024-02-09,Medium,Picked,0
63,2024-02-10,High,Not Picked,1
63,2024-02-11,High,Picked,0
63,2024-02-12,Low,Not Picked,0
63,2024-02-13,Medium,Not Picked,0
63,2024-02-14,High,Picked,0
63,2024-02-15,High,Not Picked,2
63,2024-02-16,Medium,Picked,0
63,2024-02-17,High,Not Picked,1
63,2024-02-18,High,Not Picked,2
63,2024-02-19,High,Picked,0
63,2024-02-20,High,Not Picked,2
63,2024-02-21,Medium,Not Picked,3
63,2024-02-22,Medium,Picked,0
63,2024-02-23,Medium,Not Picked,0
63,2024-02-24,Medium,Not Picked,0
63,2024-02-25,Medium,Picked,0
63,2024-02-26,Medium,Not Picked,1
63,2024-02-27,High,Not Picked,3
63,2024-02-28,Medium,Picked,0
63,2024-02-29,High,Not Picked,2
63,2024-03-01,Medium,Not Picked,2
63,2024-03-02,Medium,Picked,0
63,2024-03-03,High,Not Picked,2
63,2024-03-04,Medium,Not Picked,2
63,2024-03-05,High,Not Picked,3
63,2024-03-06,Low,Not Picked,2
63,2024-03-07,High,Picked,0
63,2024-03-08,Medium,Not Picked,0
63,2024-03-09,High,Picked,0
63,2024-03-10,Medium,Not Picked,0
63,2024-03-11,High,Picked,0
63,2024-03-12,High,Picked,0
63,2024-03-13,High,Not Picked,1
63,2024-03-14,High,Not Picked,2
63,2024-03-15,High,Not Picked,3
63,2024-03-16,Low,Picked,0
63,2024-03-17,Low,Not Picked,0
63,2024-03-18,High,Not Picked,2
63,2024-03-19,High,Not Picked,3
63,2024-03-20,High,Not Picked,4
63,2024-03-21,High,Picked,0
63,2024-03-22,High,Picked,0
63,2024-03-23,Low,Not Picked,0
63,2024-03-24,High,Picked,0
63,2024-03-25,High,Picked,0
63,2024-03-26,High,Picked,0
63,2024-03-27,High,Picked,0
63,2024-03-28,High,Picked,0
63,2024-03-29,High,Not Picked,1
63,2024-03-30,Medium,Not Picked,1
63,2024-03-31,High,Picked,0
63,2024-04-01,Medium,Not Picked,0
63,2024-04-02,High,Not Picked,1
63,2024-04-03,Medium,Picked,0
63,2024-04-04,Medium,Not Picked,0
63,2024-04-05,Medium,Not Picked,0
63,2024-04-06,Low,Not Picked,0
63,2024-04-07,Medium,Not Picked,1
63,2024-04-08,Medium,Not Picked,2
63,2024-04-09,Medium,Picked,0
63,2024-04-10,High,Picked,0
63,2024-04-11,Medium,Not Picked,0
63,2024-04-12,Low,Not Picked,0
63,2024-04-13,Medium,Not Picked,0
63,2024-04-14,High,Not Picked,1
63,2024-04-15,High,Not Picked,2
63,2024-04-16,High,Picked,0
63,2024-04-17,High,Picked,0
63,2024-04-18,Medium,Not Picked,0
63,2024-04-19,High,Picked,0
63,2024-04-20,High,Not Picked,2
63,2024-04-21,High,Not Picked,4
63,2024-04-22,Medium,Picked,0
63,2024-04-23,Medium,Not Picked,1
63,2024-04-24,High,Not Picked,2
63,2024-04-25,Medium,Not Picked,3
63,2024-04-26,High,Picked,0
63,2024-04-27,Medium,Not Picked,0
63,2024-04-28,High,Picked,0
63,2024-04-29,High,Not Picked,1
64,2024-01-01,High,Not Picked,1
64,2024-01-02,Low,Not Picked,1
64,2024-01-03,High,Not Picked,2
64,2024-01-04,Medium,Picked,0
64,2024-01-05,Medium,Picked,0
64,2024-01-06,Low,Not Picked,0
64,2024-01-07,Medium,Not Picked,1
64,2024-01-08,Medium,Not Picked,2
64,2024-01-09,High,Not Picked,3
64,2024-01-10,High,Picked,0
64,2024-01-11,Low,Picked,0
64,2024-01-12,Medium,Not Picked,1
64,2024-01-13,Low,Not Picked,0
64,2024-01-14,Medium,Not Picked,0
64,2024-01-15,Medium,Picked,0
64,2024-01-16,Low,Not Picked,0
64,2024-01-17,Low,Not Picked,0
64,2024-01-18,High,Not Picked,1
64,2024-01-19,Low,Not Picked,0
64,2024-01-20,High,Picked,0
64,2024-01-21,Medium,Picked,0
64,2024-01-22,Medium,Not Picked,0
64,2024-01-23,Medium,Not Picked,1
64,2024-01-24,Medium,Not Picked,2
64,2024-01-25,Medium,Not Picked,2
64,2024-01-26,Medium,Picked,0
64,2024-01-27,Medium,Not Picked,1
64,2024-01-28,High,Not Picked,3
64,2024-01-29,Low,Not Picked,2
64,2024-01-30,Medium,Picked,0
64,2024-01-31,Medium,Not Picked,0
64,2024-02-01,Medium,Not Picked,0
64,2024-02-02,Low,Not Picked,0
64,2024-02-03,High,Not Picked,1
64,2024-02-04,Medium,Not Picked,1
64,2024-02-05,Medium,Picked,0
64,2024-02-06,Low,Not Picked,0
64,2024-02-07,Medium,Not Picked,0
64,2024-02-08,High,Not Picked,2
64,2024-02-09,Low,Picked,0
64,2024-02-10,Medium,Not Picked,1
64,2024-02-11,High,Not Picked,3
64,2024-02-12,Medium,Picked,0
64,2024-02-13,Medium,Not Picked,1
64,2024-02-14,Low,Not Picked,0
64,2024-02-15,High,Picked,0
64,2024-02-16,Low,Not Picked,0
64,2024-02-17,Medium,Not Picked,0
64,2024-02-18,Medium,Not Picked,0
64,2024-02-19,Medium,Not Picked,0
64,2024-02-20,Low,Not Picked,0
64,2024-02-21,Medium,Not Picked,0
64,2024-02-22,Low,Not Picked,0
64,2024-02-23,Low,Not Picked,0
64,2024-02-24,Medium,Not Picked,0
64,2024-02-25,High,Picked,0
64,2024-02-26,Low,Not Picked,0
64,2024-02-27,High,Not Picked,2
64,2024-02-28,Low,Picked,0
64,2024-02-29,Medium,Not Picked,0
64,2024-03-01,High,Picked,0
64,2024-03-02,Medium,Picked,0
64,2024-03-03,High,Not Picked,1
64,2024-03-04,Medium,Not Picked,2
64,2024-03-05,Medium,Not Picked,3
64,2024-03-06,Low,Picked,0
64,2024-03-07,High,Picked,0
64,2024-03-08,Low,Not Picked,0
64,2024-03-09,Low,Not Picked,0
64,2024-03-10,Medium,Not Picked,0
64,2024-03-11,Medium,Not Picked,1
64,2024-03-12,Medium,Picked,0
64,2024-03-13,Medium,Not Picked,0
64,2024-03-14,High,Not Picked,2
64,2024-03-15,Low,Not Picked,2
64,2024-03-16,Low,Not Picked,1
64,2024-03-17,Medium,Not Picked,1
64,2024-03-18,Low,Not Picked,1
64,2024-03-19,High,Picked,0
64,2024-03-20,Medium,Picked,0
64,2024-03-21,Medium,Not Picked,1
64,2024-03-22,Medium,Picked,0
64,2024-03-23,Low,Not Picked,0
64,2024-03-24,High,Picked,0
64,2024-03-25,Medium,Not Picked,1
64,2024-03-26,Medium,Picked,0
64,2024-03-27,Low,Not Picked,0
64,2024-03-28,High,Picked,0
64,2024-03-29,Medium,Not Picked,1
64,2024-03-30,Medium,Not Picked,1
64,2024-03-31,Low,Not Picked,1
64,2024-04-01,Medium,Not Picked,2
64,2024-04-02,Medium,Not Picked,2
64,2024-04-03,Medium,Picked,0
64,2024-04-04,Low,Not Picked,0
64,2024-04-05,High,Not Picked,2
64,2024-04-06,Medium,Picked,0
64,2024-04-07,Low,Not Picked,0
64,2024-04-08,Medium,Not Picked,1
64,2024-04-09,High,Not Picked,2
64,2024-04-10,Medium,Picked,0
64,2024-04-11,Low,Not Picked,0
64,2024-04-12,Medium,Not Picked,0
64,2024-04-13,High,Picked,0
64,2024-04-14,Medium,Not Picked,0
64,2024-04-15,Low,Not Picked,0
64,2024-04-16,High,Not Picked,1
64,2024-04-17,Medium,Picked,0
64,2024-04-18,High,Picked,0
64,2024-04-19,Low,Not Picked,0
64,2024-04-20,High,Not Picked,2
64,2024-04-21,Low,Picked,0
64,2024-04-22,Low,Not Picked,0
64,2024-04-23,Medium,Not Picked,0
64,2024-04-24,Low,Picked,0
64,2024-04-25,Medium,Not Picked,1
64,2024-04-26,Medium,Picked,0
64,2024-04-27,Low,Not Picked,0
64,2024-04-28,Low,Not Picked,0
64,2024-04-29,Medium,Not Picked,0
65,2024-01-01,Medium,Not Picked,0
65,2024-01-02,Medium,Picked,0
65,2024-01-03,Low,Not Picked,0
65,2024-01-04,Low,Not Picked,0
65,2024-01-05,High,Not Picked,2
65,2024-01-06,Low,Not Picked,2
65,2024-01-07,Low,Picked,0
65,2024-01-08,Medium,Not Picked,1
65,2024-01-09,Medium,Picked,0
65,2024-01-10,Medium,Not Picked,1
65,2024-01-11,Low,Not Picked,1
65,2024-01-12,Low,Not Picked,0
65,2024-01-13,Low,Not Picked,0
65,2024-01-14,Low,Not Picked,0
65,2024-01-15,Low,Not Picked,0
65,2024-01-16,Low,Not Picked,0
65,2024-01-17,Medium,Not Picked,0
65,2024-01-18,Low,Picked,0
65,2024-01-19,Medium,Not Picked,1
65,2024-01-20,Low,Not Picked,1
65,2024-01-21,Medium,Not Picked,2
65,2024-01-22,Medium,Picked,0
65,2024-01-23,Low,Not Picked,0
65,2024-01-24,Medium,Not Picked,1
65,2024-01-25,Low,Not Picked,1
65,2024-01-26,Medium,Not Picked,1
65,2024-01-27,Low,Not Picked,1
65,2024-01-28,Medium,Picked,0
65,2024-01-29,Medium,Not Picked,0
65,2024-01-30,Medium,Not Picked,0
65,2024-01-31,Low,Not Picked,0
65,2024-02-01,Medium,Not Picked,1
65,2024-02-02,High,Picked,0
65,2024-02-03,Low,Not Picked,0
65,2024-02-04,Low,Not Picked,0
65,2024-02-05,Low,Not Picked,0
65,2024-02-06,Medium,Picked,0
65,2024-02-07,Low,Not Picked,0
65,2024-02-08,Medium,Not Picked,0
65,2024-02-09,Low,Not Picked,0
65,2024-02-10,Medium,Not Picked,0
65,2024-02-11,Medium,Picked,0
65,2024-02-12,Low,Not Picked,0
65,2024-02-13,Medium,Not Picked,0
65,2024-02-14,Low,Not Picked,0
65,2024-02-15,High,Not Picked,1
65,2024-02-16,Low,Not Picked,0
65,2024-02-17,Low,Not Picked,0
65,2024-02-18,Medium,Picked,0
65,2024-02-19,Low,Not Picked,0
65,2024-02-20,Medium,Picked,0
65,2024-02-21,Medium,Not Picked,1
65,2024-02-22,Low,Not Picked,0
65,2024-02-23,High,Picked,0
65,2024-02-24,High,Not Picked,2
65,2024-02-25,Low,Not Picked,1
65,2024-02-26,Low,Not Picked,0
65,2024-02-27,Low,Not Picked,0
65,2024-02-28,Medium,Picked,0
65,2024-02-29,Medium,Not Picked,1
65,2024-03-01,Low,Not Picked,0
65,2024-03-02,Low,Not Picked,0
65,2024-03-03,Medium,Not Picked,0
65,2024-03-04,Medium,Picked,0
65,2024-03-05,Medium,Not Picked,0
65,2024-03-06,Medium,Picked,0
65,2024-03-07,Low,Not Picked,0
65,2024-03-08,Medium,Not Picked,0
65,2024-03-09,Low,Not Picked,0
65,2024-03-10,Low,Not Picked,0
65,2024-03-11,Low,Not Picked,0
65,2024-03-12,Medium,Not Picked,1
65,2024-03-13,Low,Not Picked,0
65,2024-03-14,Medium,Not Picked,1
65,2024-03-15,Low,Not Picked,0
65,2024-03-16,Low,Not Picked,0
65,2024-03-17,Medium,Not Picked,1
65,2024-03-18,Low,Not Picked,1
65,2024-03-19,Low,Picked,0
65,2024-03-20,Low,Picked,0
65,2024-03-21,Medium,Not Picked,1
65,2024-03-22,Low,Not Picked,0
65,2024-03-23,Low,Picked,0
65,2024-03-24,Low,Picked,0
65,2024-03-25,Medium,Not Picked,0
65,2024-03-26,Medium,Not Picked,1
65,2024-03-27,Medium,Not Picked,2
65,2024-03-28,Medium,Picked,0
65,2024-03-29,Medium,Picked,0
65,2024-03-30,Low,Not Picked,0
65,2024-03-31,Low,Not Picked,0
65,2024-04-01,High,Not Picked,1
65,2024-04-02,Low,Not Picked,1
65,2024-04-03,Low,Not Picked,0
65,2024-04-04,High,Picked,0
65,2024-04-05,Low,Not Picked,0
65,2024-04-06,Low,Not Picked,0
65,2024-04-07,Low,Picked,0
65,2024-04-08,Low,Not Picked,0
65,2024-04-09,High,Picked,0
65,2024-04-10,Low,Not Picked,0
65,2024-04-11,Low,Picked,0
65,2024-04-12,Low,Not Picked,0
65,2024-04-13,Low,Not Picked,0
65,2024-04-14,Low,Not Picked,0
65,2024-04-15,Low,Not Picked,0
65,2024-04-16,Medium,Not Picked,1
65,2024-04-17,Low,Not Picked,0
65,2024-04-18,Low,Not Picked,0
65,2024-04-19,Medium,Not Picked,1
65,2024-04-20,Medium,Picked,0
65,2024-04-21,Low,Not Picked,0
65,2024-04-22,Low,Not Picked,0
65,2024-04-23,Medium,Picked,0
65,2024-04-24,Medium,Not Picked,0
65,2024-04-25,Medium,Not Picked,1
65,2024-04-26,Low,Not Picked,1
65,2024-04-27,Medium,Not Picked,1
65,2024-04-28,Low,Picked,0
65,2024-04-29,Medium,Not Picked,0
66,2024-01-01,Low,Not Picked,0
66,2024-01-02,Medium,Not Picked,0
66,2024-01-03,Low,Not Picked,0
66,2024-01-04,High,Picked,0
66,2024-01-05,Medium,Picked,0
66,2024-01-06,Low,Not Picked,0
66,2024-01-07,Low,Not Picked,0
66,2024-01-08,Medium,Not Picked,1
66,2024-01-09,Medium,Not Picked,1
66,2024-01-10,Low,Not Picked,1
66,2024-01-11,Low,Not Picked,1
66,2024-01-12,Low,Not Picked,1
66,2024-01-13,Low,Not Picked,0
66,2024-01-14,Low,Not Picked,0
66,2024-01-15,Medium,Not Picked,1
66,2024-01-16,Low,Not Picked,1
66,2024-01-17,Low,Not Picked,0
66,2024-01-18,Medium,Picked,0
66,2024-01-19,Medium,Not Picked,0
66,2024-01-20,Low,Not Picked,0
66,2024-01-21,Medium,Not Picked,0
66,2024-01-22,Medium,Picked,0
66,2024-01-23,Medium,Not Picked,1
66,2024-01-24,Medium,Not Picked,2
66,2024-01-25,Low,Not Picked,1
66,2024-01-26,Medium,Not Picked,2
66,2024-01-27,Medium,Picked,0
66,2024-01-28,Medium,Not Picked,0
66,2024-01-29,High,Picked,0
66,2024-01-30,Low,Not Picked,0
66,2024-01-31,Low,Not Picked,0
66,2024-02-01,Medium,Not Picked,1
66,2024-02-02,Medium,Not Picked,1
66,2024-02-03,Low,Picked,0
66,2024-02-04,High,Not Picked,2
66,2024-02-05,High,Picked,0
66,2024-02-06,Medium,Not Picked,1
66,2024-02-07,Medium,Not Picked,1
66,2024-02-08,Low,Picked,0
66,2024-02-09,Medium,Not Picked,1
66,2024-02-10,Low,Not Picked,1
66,2024-02-11,Medium,Not Picked,1
66,2024-02-12,Medium,Not Picked,1
66,2024-02-13,Low,Not Picked,0
66,2024-02-14,Medium,Not Picked,1
66,2024-02-15,Low,Not Picked,0
66,2024-02-16,Low,Not Picked,0
66,2024-02-17,Low,Not Picked,0
66,2024-02-18,Low,Not Picked,0
66,2024-02-19,Low,Not Picked,0
66,2024-02-20,Medium,Not Picked,1
66,2024-02-21,High,Not Picked,2
66,2024-02-22,Medium,Not Picked,2
66,2024-02-23,Medium,Not Picked,2
66,2024-02-24,Low,Picked,0
66,2024-02-25,Low,Not Picked,0
66,2024-02-26,Low,Not Picked,0
66,2024-02-27,Medium,Not Picked,0
66,2024-02-28,High,Not Picked,1
66,2024-02-29,High,Picked,0
66,2024-03-01,Low,Not Picked,0
66,2024-03-02,Low,Picked,0
66,2024-03-03,Low,Not Picked,0
66,2024-03-04,Medium,Not Picked,0
66,2024-03-05,Low,Not Picked,0
66,2024-03-06,Medium,Picked,0
66,2024-03-07,Medium,Not Picked,0
66,2024-03-08,Low,Not Picked,0
66,2024-03-09,Medium,Not Picked,0
66,2024-03-10,Low,Not Picked,0
66,2024-03-11,Medium,Picked,0
66,2024-03-12,High,Not Picked,2
66,2024-03-13,Medium,Picked,0
66,2024-03-14,Low,Not Picked,0
66,2024-03-15,High,Not Picked,1
66,2024-03-16,High,Picked,0
66,2024-03-17,Medium,Picked,0
66,2024-03-18,Low,Not Picked,0
66,2024-03-19,Medium,Picked,0
66,2024-03-20,Medium,Not Picked,0
66,2024-03-21,Medium,Picked,0
66,2024-03-22,Low,Picked,0
66,2024-03-23,Low,Not Picked,0
66,2024-03-24,Low,Not Picked,0
66,2024-03-25,Low,Not Picked,0
66,2024-03-26,Low,Not Picked,0
66,2024-03-27,Low,Not Picked,0
66,2024-03-28,Low,Not Picked,0
66,2024-03-29,Medium,Not Picked,1
66,2024-03-30,Medium,Picked,0
66,2024-03-31,Low,Not Picked,0
66,2024-04-01,Low,Not Picked,0
66,2024-04-02,Low,Not Picked,0
66,2024-04-03,Medium,Not Picked,0
66,2024-04-04,Medium,Not Picked,0
66,2024-04-05,High,Not Picked,1
66,2024-04-06,Low,Not Picked,1
66,2024-04-07,Medium,Not Picked,1
66,2024-04-08,Low,Not Picked,1
66,2024-04-09,Low,Not Picked,0
66,2024-04-10,Medium,Not Picked,0
66,2024-04-11,Medium,Not Picked,1
66,2024-04-12,Medium,Not Picked,2
66,2024-04-13,Low,Not Picked,1
66,2024-04-14,Medium,Not Picked,2
66,2024-04-15,Medium,Not Picked,2
66,2024-04-16,Low,Not Picked,1
66,2024-04-17,Medium,Not Picked,2
66,2024-04-18,Low,Not Picked,1
66,2024-04-19,Low,Not Picked,1
66,2024-04-20,Low,Picked,0
66,2024-04-21,Medium,Picked,0
66,2024-04-22,Low,Not Picked,0
66,2024-04-23,Low,Not Picked,0
66,2024-04-24,Medium,Not Picked,1
66,2024-04-25,Low,Not Picked,1
66,2024-04-26,Medium,Picked,0
66,2024-04-27,Medium,Not Picked,0
66,2024-04-28,High,Picked,0
66,2024-04-29,Medium,Not Picked,0
67,2024-01-01,Low,Not Picked,0
67,2024-01-02,Medium,Picked,0
67,2024-01-03,Low,Not Picked,0
67,2024-01-04,Medium,Not Picked,0
67,2024-01-05,Medium,Not Picked,0
67,2024-01-06,High,Not Picked,1
67,2024-01-07,Low,Picked,0
67,2024-01-08,Medium,Not Picked,0
67,2024-01-09,Low,Not Picked,0
67,2024-01-10,Medium,Not Picked,0
67,2024-01-11,High,Not Picked,1
67,2024-01-12,Low,Not Picked,0
67,2024-01-13,Medium,Not Picked,0
67,2024-01-14,Low,Picked,0
67,2024-01-15,High,Not Picked,1
67,2024-01-16,Medium,Not Picked,1
67,2024-01-17,Low,Not Picked,0
67,2024-01-18,High,Not Picked,2
67,2024-01-19,Low,Not Picked,1
67,2024-01-20,Medium,Not Picked,2
67,2024-01-21,Low,Not Picked,2
67,2024-01-22,High,Picked,0
67,2024-01-23,Medium,Picked,0
67,2024-01-24,Low,Not Picked,0
67,2024-01-25,Medium,Not Picked,1
67,2024-01-26,Medium,Picked,0
67,2024-01-27,Low,Picked,0
67,2024-01-28,Medium,Not Picked,1
67,2024-01-29,High,Picked,0
67,2024-01-30,Medium,Picked,0
67,2024-01-31,Low,Not Picked,0
67,2024-02-01,Medium,Not Picked,0
67,2024-02-02,Low,Not Picked,0
67,2024-02-03,Medium,Not Picked,0
67,2024-02-04,Medium,Picked,0
67,2024-02-05,Low,Not Picked,0
67,2024-02-06,Medium,Not Picked,0
67,2024-02-07,Low,Not Picked,0
67,2024-02-08,High,Not Picked,2
67,2024-02-09,Low,Not Picked,2
67,2024-02-10,Low,Not Picked,2
67,2024-02-11,Low,Not Picked,2
67,2024-02-12,Low,Not Picked,1
67,2024-02-13,High,Picked,0
67,2024-02-14,Low,Not Picked,0
67,2024-02-15,Low,Not Picked,0
67,2024-02-16,Low,Not Picked,0
67,2024-02-17,High,Picked,0
67,2024-02-18,High,Not Picked,2
67,2024-02-19,Low,Picked,0
67,2024-02-20,High,Picked,0
67,2024-02-21,Medium,Picked,0
67,2024-02-22,Medium,Not Picked,0
67,2024-02-23,Low,Not Picked,0
67,2024-02-24,High,Not Picked,2
67,2024-02-25,Medium,Picked,0
67,2024-02-26,High,Not Picked,1
67,2024-02-27,High,Picked,0
67,2024-02-28,Low,Picked,0
67,2024-02-29,Low,Not Picked,0
67,2024-03-01,Low,Not Picked,0
67,2024-03-02,High,Picked,0
67,2024-03-03,Medium,Not Picked,0
67,2024-03-04,Medium,Not Picked,0
67,2024-03-05,Medium,Picked,0
67,2024-03-06,Low,Not Picked,0
67,2024-03-07,Low,Not Picked,0
67,2024-03-08,Medium,Not Picked,1
67,2024-03-09,Medium,Not Picked,2
67,2024-03-10,Low,Picked,0
67,2024-03-11,Low,Not Picked,0
67,2024-03-12,High,Not Picked,1
67,2024-03-13,Medium,Not Picked,1
67,2024-03-14,Low,Picked,0
67,2024-03-15,Low,Not Picked,0
67,2024-03-16,Low,Not Picked,0
67,2024-03-17,Medium,Picked,0
67,2024-03-18,High,Picked,0
67,2024-03-19,Low,Not Picked,0
67,2024-03-20,Medium,Not Picked,1
67,2024-03-21,Low,Not Picked,0
67,2024-03-22,High,Not Picked,1
67,2024-03-23,Low,Picked,0
67,2024-03-24,Medium,Not Picked,1
67,2024-03-25,High,Picked,0
67,2024-03-26,High,Picked,0
67,2024-03-27,Medium,Not Picked,0
67,2024-03-28,High,Not Picked,2
67,2024-03-29,Low,Not Picked,1
67,2024-03-30,Low,Not Picked,0
67,2024-03-31,Medium,Picked,0
67,2024-04-01,Medium,Not Picked,0
67,2024-04-02,Medium,Not Picked,1
67,2024-04-03,High,Not Picked,3
67,2024-04-04,High,Picked,0
67,2024-04-05,Medium,Not Picked,0
67,2024-04-06,High,Picked,0
67,2024-04-07,Medium,Not Picked,1
67,2024-04-08,Medium,Picked,0
67,2024-04-09,Medium,Picked,0
67,2024-04-10,High,Picked,0
67,2024-04-11,Medium,Picked,0
67,2024-04-12,Low,Not Picked,0
67,2024-04-13,High,Not Picked,1
67,2024-04-14,Low,Picked,0
67,2024-04-15,Low,Not Picked,0
67,2024-04-16,Medium,Not Picked,0
67,2024-04-17,Medium,Not Picked,0
67,2024-04-18,Low,Not Picked,0
67,2024-04-19,Low,Not Picked,0
67,2024-04-20,Medium,Not Picked,0
67,2024-04-21,Low,Not Picked,0
67,2024-04-22,Medium,Not Picked,0
67,2024-04-23,Low,Not Picked,0
67,2024-04-24,Low,Not Picked,0
67,2024-04-25,Low,Not Picked,0
67,2024-04-26,Medium,Not Picked,0
67,2024-04-27,Medium,Not Picked,1
67,2024-04-28,Low,Not Picked,1
67,2024-04-29,Medium,Not Picked,1
68,2024-01-01,High,Not Picked,2
68,2024-01-02,High,Picked,0
68,2024-01-03,High,Not Picked,1
68,2024-01-04,High,Picked,0
68,2024-01-05,High,Not Picked,2
68,2024-01-06,High,Picked,0
68,2024-01-07,High,Not Picked,1
68,2024-01-08,Medium,Not Picked,2
68,2024-01-09,High,Picked,0
68,2024-01-10,Medium,Not Picked,0
68,2024-01-11,High,Not Picked,2
68,2024-01-12,Medium,Picked,0
68,2024-01-13,Medium,Not Picked,0
68,2024-01-14,Low,Not Picked,0
68,2024-01-15,High,Not Picked,1
68,2024-01-16,High,Not Picked,3
68,2024-01-17,High,Not Picked,5
68,2024-01-18,High,Picked,0
68,2024-01-19,Medium,Not Picked,0
68,2024-01-20,Medium,Picked,0
68,2024-01-21,Medium,Not Picked,0
68,2024-01-22,Medium,Picked,0
68,2024-01-23,Medium,Not Picked,0
68,2024-01-24,Low,Not Picked,0
68,2024-01-25,High,Not Picked,1
68,2024-01-26,Medium,Picked,0
68,2024-01-27,High,Not Picked,1
68,2024-01-28,Low,Not Picked,1
68,2024-01-29,Medium,Not Picked,1
68,2024-01-30,High,Not Picked,3
68,2024-01-31,Medium,Picked,0
68,2024-02-01,Medium,Picked,0
68,2024-02-02,High,Picked,0
68,2024-02-03,High,Picked,0
68,2024-02-04,High,Not Picked,2
68,2024-02-05,High,Picked,0
68,2024-02-06,High,Not Picked,1
68,2024-02-07,Medium,Not Picked,1
68,2024-02-08,Medium,Not Picked,1
68,2024-02-09,High,Not Picked,2
68,2024-02-10,Medium,Not Picked,2
68,2024-02-11,High,Not Picked,4
68,2024-02-12,Medium,Picked,0
68,2024-02-13,Low,Not Picked,0
68,2024-02-14,High,Picked,0
68,2024-02-15,Medium,Not Picked,0
68,2024-02-16,Medium,Not Picked,1
68,2024-02-17,High,Not Picked,2
68,2024-02-18,High,Picked,0
68,2024-02-19,High,Not Picked,1
68,2024-02-20,High,Not Picked,2
68,2024-02-21,Medium,Picked,0
68,2024-02-22,High,Not Picked,2
68,2024-02-23,High,Not Picked,3
68,2024-02-24,Medium,Picked,0
68,2024-02-25,Medium,Not Picked,1
68,2024-02-26,Medium,Not Picked,2
68,2024-02-27,Low,Not Picked,2
68,2024-02-28,Low,Not Picked,1
68,2024-02-29,Medium,Picked,0
68,2024-03-01,Medium,Not Picked,0
68,2024-03-02,High,Not Picked,2
68,2024-03-03,High,Picked,0
68,2024-03-04,Low,Not Picked,0
68,2024-03-05,Low,Not Picked,0
68,2024-03-06,Medium,Not Picked,0
68,2024-03-07,High,Picked,0
68,2024-03-08,Medium,Picked,0
68,2024-03-09,Low,Picked,0
68,2024-03-10,Medium,Picked,0
68,2024-03-11,High,Not Picked,1
68,2024-03-12,High,Not Picked,2
68,2024-03-13,High,Picked,0
68,2024-03-14,Low,Not Picked,0
68,2024-03-15,Medium,Picked,0
68,2024-03-16,High,Picked,0
68,2024-03-17,High,Not Picked,1
68,2024-03-18,Medium,Not Picked,1
68,2024-03-19,High,Picked,0
68,2024-03-20,Medium,Not Picked,1
68,2024-03-21,High,Not Picked,3
68,2024-03-22,Medium,Picked,0
68,2024-03-23,Medium,Not Picked,0
68,2024-03-24,High,Picked,0
68,2024-03-25,Medium,Picked,0
68,2024-03-26,High,Not Picked,2
68,2024-03-27,Medium,Picked,0
68,2024-03-28,High,Not Picked,2
68,2024-03-29,High,Not Picked,4
68,2024-03-30,Medium,Picked,0
68,2024-03-31,Low,Not Picked,0
68,2024-04-01,Medium,Not Picked,1
68,2024-04-02,High,Not Picked,3
68,2024-04-03,Medium,Not Picked,3
68,2024-04-04,Medium,Not Picked,3
68,2024-04-05,Low,Picked,0
68,2024-04-06,High,Picked,0
68,2024-04-07,High,Not Picked,2
68,2024-04-08,High,Picked,0
68,2024-04-09,Medium,Picked,0
68,2024-04-10,High,Not Picked,2
68,2024-04-11,High,Picked,0
68,2024-04-12,Low,Picked,0
68,2024-04-13,Medium,Not Picked,1
68,2024-04-14,Medium,Picked,0
68,2024-04-15,High,Not Picked,1
68,2024-04-16,High,Not Picked,2
68,2024-04-17,High,Not Picked,3
68,2024-04-18,Low,Picked,0
68,2024-04-19,Low,Not Picked,0
68,2024-04-20,High,Not Picked,1
68,2024-04-21,High,Not Picked,2
68,2024-04-22,High,Picked,0
68,2024-04-23,Medium,Picked,0
68,2024-04-24,Medium,Not Picked,1
68,2024-04-25,High,Picked,0
68,2024-04-26,High,Not Picked,2
68,2024-04-27,High,Picked,0
68,2024-04-28,High,Picked,0
68,2024-04-29,Medium,Not Picked,1
69,2024-01-01,Medium,Not Picked,0
69,2024-01-02,Medium,Not Picked,1
69,2024-01-03,Low,Not Picked,0
69,2024-01-04,High,Not Picked,2
69,2024-01-05,Medium,Not Picked,3
69,2024-01-06,Low,Not Picked,2
69,2024-01-07,Medium,Not Picked,3
69,2024-01-08,Medium,Not Picked,3
69,2024-01-09,Low,Not Picked,3
69,2024-01-10,Medium,Picked,0
69,2024-01-11,High,Picked,0
69,2024-01-12,High,Not Picked,2
69,2024-01-13,Medium,Picked,0
69,2024-01-14,Low,Not Picked,0
69,2024-01-15,Low,Not Picked,0
69,2024-01-16,Medium,Picked,0
69,2024-01-17,Medium,Picked,0
69,2024-01-18,Medium,Not Picked,0
69,2024-01-19,High,Not Picked,1
69,2024-01-20,Low,Not Picked,1
69,2024-01-21,High,Picked,0
69,2024-01-22,Low,Picked,0
69,2024-01-23,Medium,Picked,0
69,2024-01-24,High,Not Picked,1
69,2024-01-25,Medium,Picked,0
69,2024-01-26,Low,Not Picked,0
69,2024-01-27,Medium,Not Picked,0
69,2024-01-28,High,Not Picked,1
69,2024-01-29,High,Not Picked,2
69,2024-01-30,Medium,Picked,0
69,2024-01-31,High,Picked,0
69,2024-02-01,Low,Not Picked,0
69,2024-02-02,Medium,Picked,0
69,2024-02-03,Medium,Not Picked,0
69,2024-02-04,Medium,Not Picked,1
69,2024-02-05,Low,Not Picked,0
69,2024-02-06,Low,Not Picked,0
69,2024-02-07,Medium,Not Picked,0
69,2024-02-08,Low,Not Picked,0
69,2024-02-09,Medium,Not Picked,0
69,2024-02-10,Low,Not Picked,0
69,2024-02-11,Low,Not Picked,0
69,2024-02-12,Low,Not Picked,0
69,2024-02-13,High,Not Picked,1
69,2024-02-14,Low,Not Picked,0
69,2024-02-15,Low,Not Picked,0
69,2024-02-16,Medium,Not Picked,1
69,2024-02-17,Medium,Not Picked,1
69,2024-02-18,Medium,Not Picked,2
69,2024-02-19,Low,Not Picked,2
69,2024-02-20,Medium,Not Picked,2
69,2024-02-21,Medium,Not Picked,2
69,2024-02-22,Low,Not Picked,2
69,2024-02-23,Medium,Picked,0
69,2024-02-24,Low,Not Picked,0
69,2024-02-25,High,Picked,0
69,2024-02-26,High,Picked,0
69,2024-02-27,Medium,Not Picked,0
69,2024-02-28,Medium,Not Picked,0
69,2024-02-29,Medium,Not Picked,1
69,2024-03-01,Medium,Not Picked,2
69,2024-03-02,Medium,Picked,0
69,2024-03-03,Low,Not Picked,0
69,2024-03-04,Low,Not Picked,0
69,2024-03-05,Low,Picked,0
69,2024-03-06,Low,Not Picked,0
69,2024-03-07,Medium,Not Picked,0
69,2024-03-08,Low,Picked,0
69,2024-03-09,Low,Not Picked,0
69,2024-03-10,Medium,Picked,0
69,2024-03-11,Low,Not Picked,0
69,2024-03-12,Medium,Not Picked,0
69,2024-03-13,Low,Not Picked,0
69,2024-03-14,High,Picked,0
69,2024-03-15,High,Not Picked,1
69,2024-03-16,Medium,Picked,0
69,2024-03-17,Medium,Picked,0
69,2024-03-18,Medium,Not Picked,1
69,2024-03-19,Medium,Picked,0
69,2024-03-20,Low,Not Picked,0
69,2024-03-21,Low,Not Picked,0
69,2024-03-22,Medium,Picked,0
69,2024-03-23,High,Picked,0
69,2024-03-24,Low,Not Picked,0
69,2024-03-25,Medium,Not Picked,0
69,2024-03-26,Low,Not Picked,0
69,2024-03-27,Medium,Not Picked,0
69,2024-03-28,Low,Picked,0
69,2024-03-29,Medium,Picked,0
69,2024-03-30,Low,Not Picked,0
69,2024-03-31,High,Picked,0
69,2024-04-01,Low,Not Picked,0
69,2024-04-02,High,Not Picked,1
69,2024-04-03,Low,Picked,0
69,2024-04-04,Medium,Not Picked,1
69,2024-04-05,High,Not Picked,3
69,2024-04-06,Low,Picked,0
69,2024-04-07,High,Not Picked,2
69,2024-04-08,Medium,Not Picked,2
69,2024-04-09,High,Not Picked,3
69,2024-04-10,Low,Picked,0
69,2024-04-11,Medium,Picked,0
69,2024-04-12,Low,Picked,0
69,2024-04-13,Medium,Picked,0
69,2024-04-14,Medium,Picked,0
69,2024-04-15,Low,Not Picked,0
69,2024-04-16,High,Picked,0
69,2024-04-17,Medium,Not Picked,1
69,2024-04-18,High,Picked,0
69,2024-04-19,Low,Not Picked,0
69,2024-04-20,Medium,Not Picked,1
69,2024-04-21,Medium,Not Picked,2
69,2024-04-22,High,Picked,0
69,2024-04-23,Medium,Not Picked,0
69,2024-04-24,Low,Not Picked,0
69,2024-04-25,Medium,Picked,0
69,2024-04-26,Medium,Not Picked,0
69,2024-04-27,Medium,Not Picked,0
69,2024-04-28,Medium,Picked,0
69,2024-04-29,High,Picked,0
70,2024-01-01,High,Not Picked,2
70,2024-01-02,Low,Not Picked,1
70,2024-01-03,Medium,Not Picked,2
70,2024-01-04,High,Not Picked,3
70,2024-01-05,High,Picked,0
70,2024-01-06,Low,Not Picked,0
70,2024-01-07,Low,Not Picked,0
70,2024-01-08,Medium,Not Picked,0
70,2024-01-09,High,Picked,0
70,2024-01-10,Low,Not Picked,0
70,2024-01-11,High,Picked,0
70,2024-01-12,High,Not Picked,1
70,2024-01-13,High,Not Picked,3
70,2024-01-14,High,Picked,0
70,2024-01-15,Medium,Not Picked,0
70,2024-01-16,High,Picked,0
70,2024-01-17,Medium,Not Picked,0
70,2024-01-18,Medium,Not Picked,1
70,2024-01-19,High,Picked,0
70,2024-01-20,High,Picked,0
70,2024-01-21,High,Not Picked,1
70,2024-01-22,High,Not Picked,2
70,2024-01-23,Medium,Not Picked,2
70,2024-01-24,High,Picked,0
70,2024-01-25,High,Picked,0
70,2024-01-26,Low,Not Picked,0
70,2024-01-27,Medium,Not Picked,0
70,2024-01-28,Medium,Not Picked,1
70,2024-01-29,Medium,Picked,0
70,2024-01-30,High,Not Picked,1
70,2024-01-31,Medium,Not Picked,2
70,2024-02-01,High,Picked,0
70,2024-02-02,High,Not Picked,2
70,2024-02-03,Medium,Not Picked,2
70,2024-02-04,High,Picked,0
70,2024-02-05,Low,Not Picked,0
70,2024-02-06,High,Not Picked,1
70,2024-02-07,High,Picked,0
70,2024-02-08,Medium,Picked,0
70,2024-02-09,High,Not Picked,1
70,2024-02-10,Low,Not Picked,1
70,2024-02-11,Medium,Not Picked,2
70,2024-02-12,High,Not Picked,4
70,2024-02-13,Medium,Picked,0
70,2024-02-14,High,Not Picked,1
70,2024-02-15,Medium,Picked,0
70,2024-02-16,Medium,Picked,0
70,2024-02-17,Medium,Not Picked,0
70,2024-02-18,High,Picked,0
70,2024-02-19,Medium,Not Picked,1
70,2024-02-20,Low,Picked,0
70,2024-02-21,High,Picked,0
70,2024-02-22,High,Picked,0
70,2024-02-23,High,Not Picked,2
70,2024-02-24,High,Picked,0
70,2024-02-25,Low,Not Picked,0
70,2024-02-26,High,Not Picked,1
70,2024-02-27,Low,Not Picked,1
70,2024-02-28,High,Not Picked,2
70,2024-02-29,Low,Not Picked,1
70,2024-03-01,High,Picked,0
70,2024-03-02,Medium,Not Picked,1
70,2024-03-03,High,Picked,0
70,2024-03-04,Low,Not Picked,0
70,2024-03-05,Medium,Picked,0
70,2024-03-06,High,Not Picked,1
70,2024-03-07,Medium,Picked,0
70,2024-03-08,High,Not Picked,1
70,2024-03-09,Low,Not Picked,1
70,2024-03-10,High,Not Picked,2
70,2024-03-11,Low,Not Picked,1
70,2024-03-12,Low,Not Picked,1
70,2024-03-13,High,Picked,0
70,2024-03-14,High,Not Picked,2
70,2024-03-15,High,Picked,0
70,2024-03-16,Medium,Not Picked,1
70,2024-03-17,Low,Not Picked,0
70,2024-03-18,High,Picked,0
70,2024-03-19,High,Not Picked,2
70,2024-03-20,Medium,Picked,0
70,2024-03-21,High,Picked,0
70,2024-03-22,Medium,Not Picked,0
70,2024-03-23,High,Picked,0
70,2024-03-24,High,Picked,0
70,2024-03-25,Low,Not Picked,0
70,2024-03-26,High,Not Picked,2
70,2024-03-27,Medium,Not Picked,2
70,2024-03-28,Low,Not Picked,1
70,2024-03-29,High,Not Picked,2
70,2024-03-30,Low,Picked,0
70,2024-03-31,Low,Not Picked,0
70,2024-04-01,High,Picked,0
70,2024-04-02,Medium,Not Picked,1
70,2024-04-03,High,Not Picked,3
70,2024-04-04,High,Picked,0
70,2024-04-05,Medium,Picked,0
70,2024-04-06,High,Picked,0
70,2024-04-07,High,Picked,0
70,2024-04-08,High,Not Picked,1
70,2024-04-09,High,Picked,0
70,2024-04-10,Medium,Picked,0
70,2024-04-11,Low,Not Picked,0
70,2024-04-12,High,Not Picked,1
70,2024-04-13,Low,Not Picked,0
70,2024-04-14,Low,Not Picked,0
70,2024-04-15,Medium,Not Picked,0
70,2024-04-16,Low,Not Picked,0
70,2024-04-17,High,Not Picked,1
70,2024-04-18,High,Picked,0
70,2024-04-19,Medium,Picked,0
70,2024-04-20,Medium,Not Picked,0
70,2024-04-21,High,Picked,0
70,2024-04-22,High,Not Picked,1
70,2024-04-23,Medium,Not Picked,2
70,2024-04-24,High,Picked,0
70,2024-04-25,Medium,Not Picked,0
70,2024-04-26,High,Not Picked,2
70,2024-04-27,Low,Not Picked,2
70,2024-04-28,Medium,Not Picked,2
70,2024-04-29,High,Not Picked,3
71,2024-01-01,Low,Not Picked,0
71,2024-01-02,Low,Not Picked,0
71,2024-01-03,High,Picked,0
71,2024-01-04,High,Not Picked,2
71,2024-01-05,Medium,Not Picked,3
71,2024-01-06,Medium,Picked,0
71,2024-01-07,Medium,Not Picked,1
71,2024-01-08,Medium,Picked,0
71,2024-01-09,High,Picked,0
71,2024-01-10,Low,Not Picked,0
71,2024-01-11,High,Not Picked,2
71,2024-01-12,Medium,Picked,0
71,2024-01-13,Low,Not Picked,0
71,2024-01-14,Low,Not Picked,0
71,2024-01-15,Low,Not Picked,0
71,2024-01-16,High,Picked,0
71,2024-01-17,Low,Not Picked,0
71,2024-01-18,Medium,Picked,0
71,2024-01-19,Medium,Not Picked,1
71,2024-01-20,Medium,Not Picked,2
71,2024-01-21,High,Picked,0
71,2024-01-22,Medium,Not Picked,1
71,2024-01-23,Low,Not Picked,0
71,2024-01-24,Low,Not Picked,0
71,2024-01-25,High,Picked,0
71,2024-01-26,Medium,Picked,0
71,2024-01-27,Low,Not Picked,0
71,2024-01-28,Medium,Not Picked,1
71,2024-01-29,Medium,Not Picked,1
71,2024-01-30,High,Not Picked,2
71,2024-01-31,Medium,Picked,0
71,2024-02-01,High,Picked,0
71,2024-02-02,Low,Not Picked,0
71,2024-02-03,Medium,Not Picked,1
71,2024-02-04,High,Not Picked,3
71,2024-02-05,Medium,Not Picked,4
71,2024-02-06,Medium,Picked,0
71,2024-02-07,Medium,Not Picked,0
71,2024-02-08,High,Picked,0
71,2024-02-09,High,Not Picked,2
71,2024-02-10,High,Not Picked,3
71,2024-02-11,Medium,Picked,0
71,2024-02-12,High,Not Picked,2
71,2024-02-13,High,Picked,0
71,2024-02-14,High,Not Picked,1
71,2024-02-15,Low,Not Picked,1
71,2024-02-16,High,Picked,0
71,2024-02-17,High,Not Picked,1
71,2024-02-18,High,Picked,0
71,2024-02-19,Low,Not Picked,0
71,2024-02-20,Low,Not Picked,0
71,2024-02-21,High,Picked,0
71,2024-02-22,Low,Picked,0
71,2024-02-23,High,Picked,0
71,2024-02-24,High,Not Picked,1
71,2024-02-25,High,Picked,0
71,2024-02-26,High,Not Picked,1
71,2024-02-27,Low,Picked,0
71,2024-02-28,High,Not Picked,2
71,2024-02-29,Medium,Not Picked,2
71,2024-03-01,High,Picked,0
71,2024-03-02,Medium,Not Picked,0
71,2024-03-03,Medium,Not Picked,0
71,2024-03-04,High,Not Picked,2
71,2024-03-05,High,Picked,0
71,2024-03-06,High,Not Picked,2
71,2024-03-07,Low,Picked,0
71,2024-03-08,Low,Not Picked,0
71,2024-03-09,Medium,Not Picked,1
71,2024-03-10,Low,Not Picked,1
71,2024-03-11,Low,Picked,0
71,2024-03-12,Low,Not Picked,0
71,2024-03-13,High,Picked,0
71,2024-03-14,High,Not Picked,2
71,2024-03-15,High,Picked,0
71,2024-03-16,High,Not Picked,2
71,2024-03-17,High,Picked,0
71,2024-03-18,Low,Not Picked,0
71,2024-03-19,Low,Not Picked,0
71,2024-03-20,High,Not Picked,1
71,2024-03-21,High,Not Picked,2
71,2024-03-22,Medium,Picked,0
71,2024-03-23,High,Picked,0
71,2024-03-24,Medium,Not Picked,0
71,2024-03-25,High,Not Picked,1
71,2024-03-26,High,Not Picked,3
71,2024-03-27,High,Picked,0
71,2024-03-28,Medium,Not Picked,1
71,2024-03-29,High,Picked,0
71,2024-03-30,High,Not Picked,2
71,2024-03-31,High,Picked,0
71,2024-04-01,Low,Not Picked,0
71,2024-04-02,Medium,Not Picked,1
71,2024-04-03,High,Not Picked,2
71,2024-04-04,High,Picked,0
71,2024-04-05,High,Not Picked,2
71,2024-04-06,High,Not Picked,4
71,2024-04-07,Medium,Picked,0
71,2024-04-08,Medium,Picked,0
71,2024-04-09,Low,Not Picked,0
71,2024-04-10,Low,Not Picked,0
71,2024-04-11,High,Not Picked,1
71,2024-04-12,Medium,Not Picked,2
71,2024-04-13,High,Not Picked,4
71,2024-04-14,Medium,Not Picked,4
71,2024-04-15,Medium,Not Picked,4
71,2024-04-16,Low,Not Picked,3
71,2024-04-17,High,Picked,0
71,2024-04-18,Low,Not Picked,0
71,2024-04-19,Low,Not Picked,0
71,2024-04-20,Low,Not Picked,0
71,2024-04-21,High,Not Picked,1
71,2024-04-22,Low,Not Picked,1
71,2024-04-23,Low,Not Picked,1
71,2024-04-24,Medium,Not Picked,2
71,2024-04-25,High,Picked,0
71,2024-04-26,Medium,Not Picked,1
71,2024-04-27,Medium,Not Picked,1
71,2024-04-28,Medium,Picked,0
71,2024-04-29,High,Not Picked,1
72,2024-01-01,High,Picked,0
72,2024-01-02,High,Not Picked,1
72,2024-01-03,High,Picked,0
72,2024-01-04,High,Picked,0
72,2024-01-05,Medium,Not Picked,0
72,2024-01-06,Medium,Picked,0
72,2024-01-07,High,Not Picked,1
72,2024-01-08,Medium,Not Picked,1
72,2024-01-09,Medium,Picked,0
72,2024-01-10,Low,Not Picked,0
72,2024-01-11,Low,Not Picked,0
72,2024-01-12,Medium,Not Picked,1
72,2024-01-13,Medium,Picked,0
72,2024-01-14,Low,Not Picked,0
72,2024-01-15,Low,Not Picked,0
72,2024-01-16,Low,Not Picked,0
72,2024-01-17,Medium,Not Picked,0
72,2024-01-18,Low,Not Picked,0
72,2024-01-19,Low,Not Picked,0
72,2024-01-20,High,Not Picked,2
72,2024-01-21,Low,Not Picked,1
72,2024-01-22,Medium,Picked,0
72,2024-01-23,Low,Not Picked,0
72,2024-01-24,Low,Not Picked,0
72,2024-01-25,Medium,Not Picked,0
72,2024-01-26,High,Picked,0
72,2024-01-27,Low,Not Picked,0
72,2024-01-28,Low,Picked,0
72,2024-01-29,Medium,Not Picked,1
72,2024-01-30,Low,Not Picked,0
72,2024-01-31,Low,Not Picked,0
72,2024-02-01,Low,Not Picked,0
72,2024-02-02,Low,Picked,0
72,2024-02-03,High,Not Picked,1
72,2024-02-04,High,Picked,0
72,2024-02-05,Low,Not Picked,0
72,2024-02-06,Medium,Not Picked,0
72,2024-02-07,Medium,Not Picked,1
72,2024-02-08,Low,Picked,0
72,2024-02-09,Medium,Not Picked,0
72,2024-02-10,Medium,Picked,0
72,2024-02-11,Low,Not Picked,0
72,2024-02-12,Low,Picked,0
72,2024-02-13,Low,Not Picked,0
72,2024-02-14,Medium,Not Picked,1
72,2024-02-15,Medium,Not Picked,2
72,2024-02-16,Low,Not Picked,2
72,2024-02-17,High,Picked,0
72,2024-02-18,Medium,Not Picked,0
72,2024-02-19,Low,Not Picked,0
72,2024-02-20,High,Not Picked,1
72,2024-02-21,Low,Not Picked,0
72,2024-02-22,Low,Not Picked,0
72,2024-02-23,Medium,Not Picked,1
72,2024-02-24,Low,Picked,0
72,2024-02-25,Medium,Not Picked,0
72,2024-02-26,Medium,Picked,0
72,2024-02-27,Medium,Not Picked,1
72,2024-02-28,Medium,Not Picked,2
72,2024-02-29,Low,Picked,0
72,2024-03-01,Low,Not Picked,0
72,2024-03-02,Medium,Not Picked,1
72,2024-03-03,Low,Picked,0
72,2024-03-04,Medium,Not Picked,0
72,2024-03-05,Low,Not Picked,0
72,2024-03-06,Medium,Picked,0
72,2024-03-07,Low,Not Picked,0
72,2024-03-08,Medium,Not Picked,0
72,2024-03-09,Medium,Picked,0
72,2024-03-10,Medium,Not Picked,1
72,2024-03-11,Medium,Picked,0
72,2024-03-12,High,Picked,0
72,2024-03-13,Low,Not Picked,0
72,2024-03-14,High,Not Picked,1
72,2024-03-15,Low,Not Picked,1
72,2024-03-16,Medium,Not Picked,1
72,2024-03-17,Low,Not Picked,0
72,2024-03-18,Low,Not Picked,0
72,2024-03-19,Medium,Picked,0
72,2024-03-20,Low,Not Picked,0
72,2024-03-21,Medium,Not Picked,1
72,2024-03-22,High,Not Picked,2
72,2024-03-23,Medium,Not Picked,2
72,2024-03-24,Low,Not Picked,2
72,2024-03-25,Low,Not Picked,1
72,2024-03-26,Medium,Not Picked,2
72,2024-03-27,Medium,Picked,0
72,2024-03-28,Medium,Not Picked,0
72,2024-03-29,Low,Not Picked,0
72,2024-03-30,Medium,Picked,0
72,2024-03-31,High,Not Picked,1
72,2024-04-01,Low,Not Picked,0
72,2024-04-02,Low,Not Picked,0
72,2024-04-03,High,Picked,0
72,2024-04-04,Medium,Picked,0
72,2024-04-05,Medium,Not Picked,1
72,2024-04-06,High,Not Picked,3
72,2024-04-07,High,Picked,0
72,2024-04-08,Low,Not Picked,0
72,2024-04-09,Medium,Not Picked,0
72,2024-04-10,Medium,Picked,0
72,2024-04-11,Low,Not Picked,0
72,2024-04-12,Low,Not Picked,0
72,2024-04-13,Medium,Picked,0
72,2024-04-14,Medium,Not Picked,1
72,2024-04-15,Medium,Not Picked,1
72,2024-04-16,Low,Picked,0
72,2024-04-17,Low,Not Picked,0
72,2024-04-18,Medium,Not Picked,1
72,2024-04-19,Medium,Picked,0
72,2024-04-20,Medium,Not Picked,1
72,2024-04-21,Medium,Picked,0
72,2024-04-22,Medium,Not Picked,0
72,2024-04-23,Medium,Picked,0
72,2024-04-24,Low,Not Picked,0
72,2024-04-25,Low,Not Picked,0
72,2024-04-26,High,Not Picked,1
72,2024-04-27,High,Not Picked,2
72,2024-04-28,Low,Not Picked,2
72,2024-04-29,Low,Not Picked,1
73,2024-01-01,High,Not Picked,1
73,2024-01-02,Medium,Not Picked,1
73,2024-01-03,Low,Not Picked,1
73,2024-01-04,High,Not Picked,3
73,2024-01-05,Low,Not Picked,2
73,2024-01-06,Medium,Not Picked,2
73,2024-01-07,Medium,Not Picked,2
73,2024-01-08,Low,Not Picked,2
73,2024-01-09,Medium,Not Picked,3
73,2024-01-10,Low,Picked,0
73,2024-01-11,Medium,Picked,0
73,2024-01-12,Medium,Not Picked,0
73,2024-01-13,Medium,Not Picked,0
73,2024-01-14,Medium,Picked,0
73,2024-01-15,Medium,Picked,0
73,2024-01-16,Medium,Not Picked,1
73,2024-01-17,Medium,Not Picked,2
73,2024-01-18,Medium,Picked,0
73,2024-01-19,Low,Not Picked,0
73,2024-01-20,Medium,Not Picked,1
73,2024-01-21,Low,Not Picked,1
73,2024-01-22,Medium,Not Picked,1
73,2024-01-23,Low,Picked,0
73,2024-01-24,Low,Picked,0
73,2024-01-25,High,Picked,0
73,2024-01-26,Low,Not Picked,0
73,2024-01-27,Medium,Not Picked,1
73,2024-01-28,Medium,Picked,0
73,2024-01-29,High,Not Picked,1
73,2024-01-30,High,Picked,0
73,2024-01-31,Low,Picked,0
73,2024-02-01,Low,Not Picked,0
73,2024-02-02,Medium,Not Picked,1
73,2024-02-03,Medium,Picked,0
73,2024-02-04,Medium,Picked,0
73,2024-02-05,Medium,Not Picked,0
73,2024-02-06,Medium,Not Picked,0
73,2024-02-07,High,Not Picked,2
73,2024-02-08,High,Not Picked,3
73,2024-02-09,Low,Not Picked,3
73,2024-02-10,Low,Not Picked,3
73,2024-02-11,Medium,Not Picked,4
73,2024-02-12,Low,Picked,0
73,2024-02-13,Low,Not Picked,0
73,2024-02-14,Low,Not Picked,0
73,2024-02-15,High,Not Picked,1
73,2024-02-16,Low,Not Picked,0
73,2024-02-17,Medium,Not Picked,0
73,2024-02-18,Medium,Not Picked,1
73,2024-02-19,Low,Not Picked,0
73,2024-02-20,Medium,Not Picked,1
73,2024-02-21,Low,Not Picked,1
73,2024-02-22,Medium,Picked,0
73,2024-02-23,Medium,Picked,0
73,2024-02-24,High,Picked,0
73,2024-02-25,Low,Not Picked,0
73,2024-02-26,Low,Not Picked,0
73,2024-02-27,Low,Not Picked,0
73,2024-02-28,Medium,Not Picked,1
73,2024-02-29,Medium,Picked,0
73,2024-03-01,High,Not Picked,1
73,2024-03-02,Medium,Picked,0
73,2024-03-03,Low,Not Picked,0
73,2024-03-04,Low,Not Picked,0
73,2024-03-05,High,Not Picked,1
73,2024-03-06,Low,Not Picked,0
73,2024-03-07,Medium,Not Picked,0
73,2024-03-08,Low,Picked,0
73,2024-03-09,Low,Not Picked,0
73,2024-03-10,High,Picked,0
73,2024-03-11,Low,Not Picked,0
73,2024-03-12,Medium,Not Picked,0
73,2024-03-13,High,Not Picked,1
73,2024-03-14,Medium,Not Picked,1
73,2024-03-15,Medium,Not Picked,1
73,2024-03-16,Medium,Not Picked,1
73,2024-03-17,High,Not Picked,2
73,2024-03-18,Medium,Not Picked,2
73,2024-03-19,Medium,Not Picked,3
73,2024-03-20,High,Picked,0
73,2024-03-21,Medium,Not Picked,0
73,2024-03-22,Low,Not Picked,0
73,2024-03-23,Low,Not Picked,0
73,2024-03-24,Low,Not Picked,0
73,2024-03-25,Low,Not Picked,0
73,2024-03-26,Medium,Not Picked,0
73,2024-03-27,Low,Picked,0
73,2024-03-28,Medium,Not Picked,0
73,2024-03-29,Low,Not Picked,0
73,2024-03-30,Low,Not Picked,0
73,2024-03-31,High,Picked,0
73,2024-04-01,Medium,Picked,0
73,2024-04-02,Low,Picked,0
73,2024-04-03,Low,Not Picked,0
73,2024-04-04,Medium,Not Picked,1
73,2024-04-05,High,Not Picked,2
73,2024-04-06,Medium,Not Picked,2
73,2024-04-07,Low,Not Picked,2
73,2024-04-08,Low,Not Picked,1
73,2024-04-09,Low,Not Picked,0
73,2024-04-10,High,Not Picked,2
73,2024-04-11,High,Picked,0
73,2024-04-12,High,Not Picked,1
73,2024-04-13,High,Not Picked,2
73,2024-04-14,Low,Not Picked,1
73,2024-04-15,High,Picked,0
73,2024-04-16,Medium,Not Picked,1
73,2024-04-17,Low,Not Picked,1
73,2024-04-18,Low,Not Picked,1
73,2024-04-19,Low,Picked,0
73,2024-04-20,Low,Not Picked,0
73,2024-04-21,Low,Not Picked,0
73,2024-04-22,Medium,Not Picked,0
73,2024-04-23,Low,Not Picked,0
73,2024-04-24,High,Picked,0
73,2024-04-25,Medium,Picked,0
73,2024-04-26,Medium,Not Picked,1
73,2024-04-27,Medium,Not Picked,2
73,2024-04-28,Low,Not Picked,1
73,2024-04-29,Low,Picked,0
74,2024-01-01,High,Not Picked,2
74,2024-01-02,High,Picked,0
74,2024-01-03,Low,Picked,0
74,2024-01-04,High,Picked,0
74,2024-01-05,High,Not Picked,1
74,2024-01-06,High,Not Picked,2
74,2024-01-07,High,Picked,0
74,2024-01-08,High,Not Picked,1
74,2024-01-09,High,Not Picked,3
74,2024-01-10,High,Picked,0
74,2024-01-11,High,Picked,0
74,2024-01-12,High,Not Picked,1
74,2024-01-13,Low,Not Picked,1
74,2024-01-14,Medium,Picked,0
74,2024-01-15,Medium,Not Picked,0
74,2024-01-16,Low,Not Picked,0
74,2024-01-17,Low,Picked,0
74,2024-01-18,Low,Not Picked,0
74,2024-01-19,Low,Not Picked,0
74,2024-01-20,High,Not Picked,2
74,2024-01-21,Medium,Not Picked,3
74,2024-01-22,High,Not Picked,4
74,2024-01-23,High,Picked,0
74,2024-01-24,High,Not Picked,1
74,2024-01-25,Low,Picked,0
74,2024-01-26,High,Not Picked,1
74,2024-01-27,High,Not Picked,2
74,2024-01-28,High,Not Picked,4
74,2024-01-29,Medium,Picked,0
74,2024-01-30,High,Not Picked,1
74,2024-01-31,High,Not Picked,2
74,2024-02-01,Medium,Not Picked,2
74,2024-02-02,High,Not Picked,4
74,2024-02-03,High,Picked,0
74,2024-02-04,Medium,Not Picked,0
74,2024-02-05,Medium,Not Picked,0
74,2024-02-06,Medium,Not Picked,0
74,2024-02-07,High,Not Picked,1
74,2024-02-08,High,Picked,0
74,2024-02-09,Medium,Not Picked,1
74,2024-02-10,Medium,Not Picked,1
74,2024-02-11,Medium,Picked,0
74,2024-02-12,Medium,Not Picked,1
74,2024-02-13,Medium,Picked,0
74,2024-02-14,Medium,Not Picked,1
74,2024-02-15,Medium,Picked,0
74,2024-02-16,Low,Not Picked,0
74,2024-02-17,Medium,Not Picked,0
74,2024-02-18,Medium,Picked,0
74,2024-02-19,High,Picked,0
74,2024-02-20,High,Picked,0
74,2024-02-21,Medium,Picked,0
74,2024-02-22,High,Not Picked,1
74,2024-02-23,High,Not Picked,2
74,2024-02-24,Medium,Picked,0
74,2024-02-25,High,Not Picked,1
74,2024-02-26,Low,Not Picked,1
74,2024-02-27,Medium,Not Picked,2
74,2024-02-28,Medium,Not Picked,3
74,2024-02-29,Medium,Picked,0
74,2024-03-01,Medium,Not Picked,1
74,2024-03-02,High,Picked,0
74,2024-03-03,Medium,Not Picked,0
74,2024-03-04,High,Not Picked,1
74,2024-03-05,Medium,Not Picked,2
74,2024-03-06,Medium,Not Picked,3
74,2024-03-07,Medium,Picked,0
74,2024-03-08,High,Picked,0
74,2024-03-09,High,Not Picked,2
74,2024-03-10,High,Picked,0
74,2024-03-11,High,Not Picked,1
74,2024-03-12,High,Not Picked,2
74,2024-03-13,Medium,Not Picked,2
74,2024-03-14,Medium,Not Picked,2
74,2024-03-15,Medium,Not Picked,2
74,2024-03-16,Medium,Not Picked,3
74,2024-03-17,Medium,Picked,0
74,2024-03-18,High,Not Picked,1
74,2024-03-19,High,Picked,0
74,2024-03-20,High,Not Picked,1
74,2024-03-21,High,Not Picked,3
74,2024-03-22,High,Not Picked,5
74,2024-03-23,High,Picked,0
74,2024-03-24,Medium,Not Picked,0
74,2024-03-25,High,Picked,0
74,2024-03-26,Medium,Not Picked,0
74,2024-03-27,Medium,Not Picked,0
74,2024-03-28,Low,Not Picked,0
74,2024-03-29,High,Not Picked,1
74,2024-03-30,Medium,Picked,0
74,2024-03-31,High,Picked,0
74,2024-04-01,High,Not Picked,1
74,2024-04-02,High,Picked,0
74,2024-04-03,Medium,Not Picked,0
74,2024-04-04,High,Picked,0
74,2024-04-05,Medium,Not Picked,0
74,2024-04-06,High,Picked,0
74,2024-04-07,Low,Not Picked,0
74,2024-04-08,Medium,Not Picked,0
74,2024-04-09,High,Picked,0
74,2024-04-10,High,Not Picked,1
74,2024-04-11,High,Not Picked,3
74,2024-04-12,High,Picked,0
74,2024-04-13,High,Not Picked,2
74,2024-04-14,High,Picked,0
74,2024-04-15,High,Not Picked,2
74,2024-04-16,Low,Not Picked,1
74,2024-04-17,High,Not Picked,2
74,2024-04-18,High,Picked,0
74,2024-04-19,Medium,Not Picked,1
74,2024-04-20,High,Picked,0
74,2024-04-21,Medium,Not Picked,0
74,2024-04-22,Medium,Not Picked,0
74,2024-04-23,High,Not Picked,1
74,2024-04-24,High,Picked,0
74,2024-04-25,Low,Picked,0
74,2024-04-26,Low,Not Picked,0
74,2024-04-27,High,Not Picked,2
74,2024-04-28,Medium,Not Picked,3
74,2024-04-29,High,Picked,0
75,2024-01-01,High,Not Picked,1
75,2024-01-02,Medium,Not Picked,1
75,2024-01-03,Medium,Picked,0
75,2024-01-04,High,Not Picked,2
75,2024-01-05,High,Not Picked,3
75,2024-01-06,Medium,Not Picked,3
75,2024-01-07,Low,Picked,0
75,2024-01-08,High,Picked,0
75,2024-01-09,High,Not Picked,2
75,2024-01-10,High,Picked,0
75,2024-01-11,Medium,Not Picked,0
75,2024-01-12,Medium,Not Picked,0
75,2024-01-13,Medium,Not Picked,1
75,2024-01-14,High,Picked,0
75,2024-01-15,Medium,Not Picked,0
75,2024-01-16,Medium,Not Picked,1
75,2024-01-17,Low,Not Picked,1
75,2024-01-18,Medium,Picked,0
75,2024-01-19,High,Not Picked,2
75,2024-01-20,High,Not Picked,3
75,2024-01-21,High,Picked,0
75,2024-01-22,Low,Not Picked,0
75,2024-01-23,Low,Not Picked,0
75,2024-01-24,Medium,Not Picked,0
75,2024-01-25,Low,Picked,0
75,2024-01-26,High,Not Picked,1
75,2024-01-27,High,Picked,0
75,2024-01-28,Medium,Not Picked,1
75,2024-01-29,High,Not Picked,3
75,2024-01-30,Low,Picked,0
75,2024-01-31,High,Not Picked,1
75,2024-02-01,High,Picked,0
75,2024-02-02,High,Picked,0
75,2024-02-03,Medium,Not Picked,0
75,2024-02-04,Medium,Not Picked,1
75,2024-02-05,High,Picked,0
75,2024-02-06,Low,Not Picked,0
75,2024-02-07,High,Not Picked,1
75,2024-02-08,High,Picked,0
75,2024-02-09,Medium,Not Picked,0
75,2024-02-10,Medium,Picked,0
75,2024-02-11,Low,Picked,0
75,2024-02-12,High,Picked,0
75,2024-02-13,Medium,Picked,0
75,2024-02-14,Low,Not Picked,0
75,2024-02-15,Medium,Not Picked,0
75,2024-02-16,Medium,Picked,0
75,2024-02-17,High,Picked,0
75,2024-02-18,High,Not Picked,2
75,2024-02-19,High,Picked,0
75,2024-02-20,High,Not Picked,1
75,2024-02-21,Medium,Not Picked,1
75,2024-02-22,Medium,Picked,0
75,2024-02-23,Medium,Not Picked,1
75,2024-02-24,Medium,Not Picked,1
75,2024-02-25,High,Not Picked,3
75,2024-02-26,Medium,Picked,0
75,2024-02-27,High,Not Picked,2
75,2024-02-28,High,Picked,0
75,2024-02-29,High,Picked,0
75,2024-03-01,Medium,Not Picked,0
75,2024-03-02,High,Not Picked,2
75,2024-03-03,High,Not Picked,3
75,2024-03-04,Medium,Picked,0
75,2024-03-05,High,Not Picked,2
75,2024-03-06,High,Picked,0
75,2024-03-07,Medium,Picked,0
75,2024-03-08,High,Picked,0
75,2024-03-09,High,Picked,0
75,2024-03-10,High,Not Picked,2
75,2024-03-11,Medium,Picked,0
75,2024-03-12,Medium,Not Picked,0
75,2024-03-13,Low,Not Picked,0
75,2024-03-14,Medium,Picked,0
75,2024-03-15,High,Not Picked,1
75,2024-03-16,High,Picked,0
75,2024-03-17,Medium,Not Picked,1
75,2024-03-18,High,Not Picked,2
75,2024-03-19,High,Picked,0
75,2024-03-20,Medium,Not Picked,0
75,2024-03-21,Low,Not Picked,0
75,2024-03-22,Low,Not Picked,0
75,2024-03-23,High,Not Picked,1
75,2024-03-24,High,Picked,0
75,2024-03-25,High,Not Picked,1
75,2024-03-26,Medium,Picked,0
75,2024-03-27,Medium,Not Picked,0
75,2024-03-28,Medium,Not Picked,1
75,2024-03-29,Low,Not Picked,0
75,2024-03-30,Medium,Not Picked,1
75,2024-03-31,Medium,Not Picked,2
75,2024-04-01,Medium,Not Picked,2
75,2024-04-02,High,Picked,0
75,2024-04-03,Medium,Not Picked,1
75,2024-04-04,High,Picked,0
75,2024-04-05,Medium,Not Picked,0
75,2024-04-06,High,Picked,0
75,2024-04-07,Medium,Not Picked,0
75,2024-04-08,High,Not Picked,2
75,2024-04-09,Medium,Picked,0
75,2024-04-10,High,Not Picked,1
75,2024-04-11,Low,Not Picked,0
75,2024-04-12,High,Not Picked,2
75,2024-04-13,High,Picked,0
75,2024-04-14,Medium,Not Picked,1
75,2024-04-15,High,Picked,0
75,2024-04-16,High,Picked,0
75,2024-04-17,Low,Not Picked,0
75,2024-04-18,Medium,Not Picked,0
75,2024-04-19,Medium,Not Picked,0
75,2024-04-20,High,Picked,0
75,2024-04-21,High,Picked,0
75,2024-04-22,High,Picked,0
75,2024-04-23,Low,Picked,0
75,2024-04-24,High,Not Picked,1
75,2024-04-25,High,Not Picked,2
75,2024-04-26,High,Picked,0
75,2024-04-27,Medium,Not Picked,0
75,2024-04-28,Medium,Not Picked,1
75,2024-04-29,High,Picked,0
76,2024-01-01,High,Picked,0
76,2024-01-02,Medium,Not Picked,1
76,2024-01-03,High,Picked,0
76,2024-01-04,Medium,Picked,0
76,2024-01-05,Medium,Not Picked,1
76,2024-01-06,High,Picked,0
76,2024-01-07,Low,Not Picked,0
76,2024-01-08,High,Not Picked,2
76,2024-01-09,Low,Not Picked,2
76,2024-01-10,High,Picked,0
76,2024-01-11,Medium,Not Picked,1
76,2024-01-12,High,Not Picked,2
76,2024-01-13,Medium,Not Picked,2
76,2024-01-14,Medium,Not Picked,3
76,2024-01-15,High,Picked,0
76,2024-01-16,High,Picked,0
76,2024-01-17,Medium,Not Picked,1
76,2024-01-18,High,Not Picked,2
76,2024-01-19,High,Not Picked,3
76,2024-01-20,High,Not Picked,4
76,2024-01-21,High,Picked,0
76,2024-01-22,High,Not Picked,2
76,2024-01-23,Medium,Picked,0
76,2024-01-24,High,Not Picked,2
76,2024-01-25,Medium,Picked,0
76,2024-01-26,High,Not Picked,2
76,2024-01-27,Medium,Picked,0
76,2024-01-28,Medium,Not Picked,1
76,2024-01-29,Medium,Not Picked,2
76,2024-01-30,Medium,Not Picked,2
76,2024-01-31,High,Not Picked,3
76,2024-02-01,High,Not Picked,4
76,2024-02-02,Medium,Picked,0
76,2024-02-03,High,Not Picked,1
76,2024-02-04,Medium,Not Picked,2
76,2024-02-05,High,Not Picked,4
76,2024-02-06,High,Picked,0
76,2024-02-07,High,Not Picked,1
76,2024-02-08,High,Picked,0
76,2024-02-09,Low,Not Picked,0
76,2024-02-10,Medium,Not Picked,1
76,2024-02-11,Medium,Not Picked,1
76,2024-02-12,Medium,Not Picked,2
76,2024-02-13,Low,Not Picked,1
76,2024-02-14,Medium,Picked,0
76,2024-02-15,High,Picked,0
76,2024-02-16,High,Not Picked,2
76,2024-02-17,High,Picked,0
76,2024-02-18,Medium,Not Picked,0
76,2024-02-19,High,Not Picked,2
76,2024-02-20,Medium,Not Picked,2
76,2024-02-21,High,Picked,0
76,2024-02-22,Low,Not Picked,0
76,2024-02-23,Medium,Not Picked,0
76,2024-02-24,Medium,Picked,0
76,2024-02-25,High,Picked,0
76,2024-02-26,High,Picked,0
76,2024-02-27,High,Picked,0
76,2024-02-28,Medium,Not Picked,0
76,2024-02-29,Medium,Not Picked,0
76,2024-03-01,Medium,Picked,0
76,2024-03-02,High,Not Picked,1
76,2024-03-03,Medium,Picked,0
76,2024-03-04,Medium,Not Picked,0
76,2024-03-05,Medium,Not Picked,0
76,2024-03-06,Medium,Not Picked,0
76,2024-03-07,High,Picked,0
76,2024-03-08,Medium,Not Picked,1
76,2024-03-09,High,Not Picked,3
76,2024-03-10,High,Picked,0
76,2024-03-11,High,Picked,0
76,2024-03-12,High,Not Picked,2
76,2024-03-13,High,Picked,0
76,2024-03-14,High,Not Picked,1
76,2024-03-15,High,Picked,0
76,2024-03-16,High,Picked,0
76,2024-03-17,High,Not Picked,2
76,2024-03-18,Medium,Not Picked,2
76,2024-03-19,Medium,Picked,0
76,2024-03-20,Low,Not Picked,0
76,2024-03-21,High,Picked,0
76,2024-03-22,High,Picked,0
76,2024-03-23,Medium,Not Picked,0
76,2024-03-24,Medium,Picked,0
76,2024-03-25,High,Picked,0
76,2024-03-26,Medium,Not Picked,0
76,2024-03-27,High,Not Picked,1
76,2024-03-28,High,Picked,0
76,2024-03-29,High,Picked,0
76,2024-03-30,Medium,Picked,0
76,2024-03-31,High,Picked,0
76,2024-04-01,High,Not Picked,2
76,2024-04-02,High,Picked,0
76,2024-04-03,High,Not Picked,1
76,2024-04-04,High,Not Picked,3
76,2024-04-05,High,Picked,0
76,2024-04-06,Medium,Not Picked,1
76,2024-04-07,Medium,Not Picked,1
76,2024-04-08,High,Not Picked,2
76,2024-04-09,Low,Not Picked,1
76,2024-04-10,Low,Not Picked,0
76,2024-04-11,High,Not Picked,1
76,2024-04-12,Low,Picked,0
76,2024-04-13,High,Not Picked,2
76,2024-04-14,Medium,Not Picked,2
76,2024-04-15,Medium,Picked,0
76,2024-04-16,High,Not Picked,2
76,2024-04-17,High,Picked,0
76,2024-04-18,Low,Not Picked,0
76,2024-04-19,High,Not Picked,1
76,2024-04-20,Low,Picked,0
76,2024-04-21,Medium,Not Picked,0
76,2024-04-22,High,Not Picked,1
76,2024-04-23,Medium,Picked,0
76,2024-04-24,High,Picked,0
76,2024-04-25,Medium,Picked,0
76,2024-04-26,High,Not Picked,1
76,2024-04-27,High,Picked,0
76,2024-04-28,Low,Not Picked,0
76,2024-04-29,Medium,Not Picked,0
77,2024-01-01,High,Picked,0
77,2024-01-02,High,Not Picked,2
77,2024-01-03,Low,Not Picked,1
77,2024-01-04,High,Not Picked,3
77,2024-01-05,High,Not Picked,4
77,2024-01-06,Low,Not Picked,4
77,2024-01-07,Medium,Picked,0
77,2024-01-08,High,Picked,0
77,2024-01-09,Medium,Not Picked,1
77,2024-01-10,High,Not Picked,2
77,2024-01-11,Medium,Not Picked,3
77,2024-01-12,High,Picked,0
77,2024-01-13,High,Not Picked,2
77,2024-01-14,High,Picked,0
77,2024-01-15,High,Not Picked,2
77,2024-01-16,Low,Picked,0
77,2024-01-17,High,Not Picked,1
77,2024-01-18,High,Picked,0
77,2024-01-19,High,Not Picked,1
77,2024-01-20,Medium,Picked,0
77,2024-01-21,High,Picked,0
77,2024-01-22,High,Picked,0
77,2024-01-23,High,Not Picked,1
77,2024-01-24,High,Picked,0
77,2024-01-25,High,Not Picked,2
77,2024-01-26,Medium,Not Picked,2
77,2024-01-27,High,Not Picked,4
77,2024-01-28,High,Picked,0
77,2024-01-29,Low,Not Picked,0
77,2024-01-30,High,Not Picked,2
77,2024-01-31,High,Not Picked,3
77,2024-02-01,High,Picked,0
77,2024-02-02,Medium,Not Picked,1
77,2024-02-03,Low,Not Picked,1
77,2024-02-04,Medium,Not Picked,1
77,2024-02-05,High,Not Picked,2
77,2024-02-06,Medium,Picked,0
77,2024-02-07,Medium,Picked,0
77,2024-02-08,High,Not Picked,1
77,2024-02-09,Medium,Picked,0
77,2024-02-10,High,Picked,0
77,2024-02-11,High,Not Picked,2
77,2024-02-12,High,Picked,0
77,2024-02-13,Medium,Not Picked,1
77,2024-02-14,Medium,Not Picked,1
77,2024-02-15,High,Picked,0
77,2024-02-16,Medium,Not Picked,1
77,2024-02-17,Medium,Not Picked,1
77,2024-02-18,High,Not Picked,2
77,2024-02-19,Low,Not Picked,1
77,2024-02-20,High,Picked,0
77,2024-02-21,High,Not Picked,2
77,2024-02-22,High,Not Picked,3
77,2024-02-23,Medium,Picked,0
77,2024-02-24,High,Picked,0
77,2024-02-25,Medium,Not Picked,1
77,2024-02-26,Medium,Picked,0
77,2024-02-27,High,Picked,0
77,2024-02-28,Low,Not Picked,0
77,2024-02-29,High,Not Picked,1
77,2024-03-01,High,Not Picked,2
77,2024-03-02,High,Picked,0
77,2024-03-03,Medium,Not Picked,1
77,2024-03-04,Low,Picked,0
77,2024-03-05,Medium,Not Picked,1
77,2024-03-06,Low,Not Picked,0
77,2024-03-07,High,Not Picked,1
77,2024-03-08,Medium,Not Picked,2
77,2024-03-09,Low,Picked,0
77,2024-03-10,Low,Not Picked,0
77,2024-03-11,High,Not Picked,2
77,2024-03-12,Medium,Not Picked,2
77,2024-03-13,Medium,Picked,0
77,2024-03-14,Low,Not Picked,0
77,2024-03-15,Medium,Not Picked,1
77,2024-03-16,Medium,Not Picked,1
77,2024-03-17,Medium,Picked,0
77,2024-03-18,High,Not Picked,2
77,2024-03-19,High,Picked,0
77,2024-03-20,High,Not Picked,2
77,2024-03-21,High,Picked,0
77,2024-03-22,Medium,Not Picked,0
77,2024-03-23,High,Picked,0
77,2024-03-24,High,Picked,0
77,2024-03-25,High,Picked,0
77,2024-03-26,High,Not Picked,2
77,2024-03-27,High,Picked,0
77,2024-03-28,High,Picked,0
77,2024-03-29,High,Not Picked,1
77,2024-03-30,High,Picked,0
77,2024-03-31,High,Not Picked,1
77,2024-04-01,Medium,Picked,0
77,2024-04-02,High,Not Picked,1
77,2024-04-03,High,Not Picked,2
77,2024-04-04,Low,Not Picked,2
77,2024-04-05,High,Picked,0
77,2024-04-06,High,Picked,0
77,2024-04-07,Medium,Not Picked,0
77,2024-04-08,Medium,Not Picked,1
77,2024-04-09,Medium,Not Picked,2
77,2024-04-10,Medium,Picked,0
77,2024-04-11,Medium,Not Picked,0
77,2024-04-12,Medium,Not Picked,0
77,2024-04-13,High,Picked,0
77,2024-04-14,Medium,Picked,0
77,2024-04-15,High,Not Picked,1
77,2024-04-16,High,Not Picked,2
77,2024-04-17,Medium,Picked,0
77,2024-04-18,Medium,Not Picked,0
77,2024-04-19,High,Not Picked,1
77,2024-04-20,Medium,Not Picked,1
77,2024-04-21,High,Not Picked,3
77,2024-04-22,Medium,Picked,0
77,2024-04-23,Medium,Picked,0
77,2024-04-24,High,Not Picked,1
77,2024-04-25,Low,Not Picked,0
77,2024-04-26,High,Not Picked,1
77,2024-04-27,Medium,Picked,0
77,2024-04-28,High,Picked,0
77,2024-04-29,High,Picked,0
78,2024-01-01,High,Not Picked,2
78,2024-01-02,Low,Not Picked,1
78,2024-01-03,High,Picked,0
78,2024-01-04,Medium,Picked,0
78,2024-01-05,Low,Not Picked,0
78,2024-01-06,Low,Not Picked,0
78,2024-01-07,Medium,Not Picked,0
78,2024-01-08,Low,Not Picked,0
78,2024-01-09,Medium,Not Picked,1
78,2024-01-10,Medium,Picked,0
78,2024-01-11,Low,Not Picked,0
78,2024-01-12,High,Not Picked,1
78,2024-01-13,Medium,Not Picked,2
78,2024-01-14,High,Picked,0
78,2024-01-15,Low,Not Picked,0
78,2024-01-16,Low,Not Picked,0
78,2024-01-17,Medium,Not Picked,0
78,2024-01-18,Low,Not Picked,0
78,2024-01-19,Medium,Picked,0
78,2024-01-20,Medium,Not Picked,1
78,2024-01-21,Medium,Not Picked,1
78,2024-01-22,High,Picked,0
78,2024-01-23,Medium,Not Picked,0
78,2024-01-24,Low,Not Picked,0
78,2024-01-25,Low,Not Picked,0
78,2024-01-26,Low,Not Picked,0
78,2024-01-27,Medium,Picked,0
78,2024-01-28,Low,Not Picked,0
78,2024-01-29,Low,Picked,0
78,2024-01-30,High,Picked,0
78,2024-01-31,Medium,Picked,0
78,2024-02-01,High,Not Picked,1
78,2024-02-02,Low,Not Picked,1
78,2024-02-03,High,Picked,0
78,2024-02-04,Low,Not Picked,0
78,2024-02-05,Medium,Not Picked,0
78,2024-02-06,Low,Picked,0
78,2024-02-07,High,Not Picked,1
78,2024-02-08,Low,Not Picked,1
78,2024-02-09,Medium,Not Picked,1
78,2024-02-10,Low,Not Picked,0
78,2024-02-11,Low,Not Picked,0
78,2024-02-12,Low,Not Picked,0
78,2024-02-13,Low,Not Picked,0
78,2024-02-14,Low,Not Picked,0
78,2024-02-15,Low,Not Picked,0
78,2024-02-16,High,Picked,0
78,2024-02-17,Low,Not Picked,0
78,2024-02-18,Medium,Picked,0
78,2024-02-19,Low,Not Picked,0
78,2024-02-20,Medium,Not Picked,1
78,2024-02-21,Medium,Not Picked,2
78,2024-02-22,High,Picked,0
78,2024-02-23,Medium,Not Picked,0
78,2024-02-24,Low,Not Picked,0
78,2024-02-25,Medium,Not Picked,0
78,2024-02-26,High,Picked,0
78,2024-02-27,Medium,Not Picked,1
78,2024-02-28,Medium,Picked,0
78,2024-02-29,Medium,Not Picked,0
78,2024-03-01,Medium,Not Picked,0
78,2024-03-02,Low,Picked,0
78,2024-03-03,High,Picked,0
78,2024-03-04,High,Not Picked,2
78,2024-03-05,Low,Picked,0
78,2024-03-06,Low,Not Picked,0
78,2024-03-07,Medium,Not Picked,0
78,2024-03-08,Low,Not Picked,0
78,2024-03-09,Medium,Not Picked,0
78,2024-03-10,Medium,Not Picked,0
78,2024-03-11,Low,Not Picked,0
78,2024-03-12,Medium,Not Picked,0
78,2024-03-13,Medium,Not Picked,0
78,2024-03-14,Low,Not Picked,0
78,2024-03-15,High,Not Picked,1
78,2024-03-16,Medium,Not Picked,2
78,2024-03-17,Medium,Not Picked,2
78,2024-03-18,Low,Picked,0
78,2024-03-19,Medium,Not Picked,0
78,2024-03-20,Medium,Not Picked,1
78,2024-03-21,Low,Not Picked,1
78,2024-03-22,Low,Not Picked,1
78,2024-03-23,Low,Not Picked,1
78,2024-03-24,High,Not Picked,3
78,2024-03-25,Low,Not Picked,2
78,2024-03-26,Low,Not Picked,2
78,2024-03-27,Low,Picked,0
78,2024-03-28,Medium,Not Picked,1
78,2024-03-29,Low,Not Picked,0
78,2024-03-30,Low,Not Picked,0
78,2024-03-31,Medium,Picked,0
78,2024-04-01,Low,Not Picked,0
78,2024-04-02,High,Picked,0
78,2024-04-03,Medium,Not Picked,0
78,2024-04-04,Medium,Not Picked,0
78,2024-04-05,Medium,Picked,0
78,2024-04-06,Low,Not Picked,0
78,2024-04-07,High,Picked,0
78,2024-04-08,Medium,Not Picked,0
78,2024-04-09,Medium,Not Picked,0
78,2024-04-10,Medium,Not Picked,1
78,2024-04-11,Medium,Not Picked,1
78,2024-04-12,High,Not Picked,3
78,2024-04-13,Low,Not Picked,3
78,2024-04-14,High,Picked,0
78,2024-04-15,Low,Not Picked,0
78,2024-04-16,Medium,Not Picked,1
78,2024-04-17,Low,Not Picked,0
78,2024-04-18,High,Picked,0
78,2024-04-19,High,Picked,0
78,2024-04-20,High,Picked,0
78,2024-04-21,Medium,Not Picked,1
78,2024-04-22,Low,Not Picked,1
78,2024-04-23,Low,Picked,0
78,2024-04-24,High,Not Picked,1
78,2024-04-25,Low,Not Picked,1
78,2024-04-26,Low,Not Picked,1
78,2024-04-27,Medium,Not Picked,1
78,2024-04-28,Low,Not Picked,1
78,2024-04-29,Low,Not Picked,0
79,2024-01-01,High,Picked,0
79,2024-01-02,Low,Not Picked,0
79,2024-01-03,High,Not Picked,2
79,2024-01-04,Low,Not Picked,2
79,2024-01-05,Low,Not Picked,1
79,2024-01-06,Medium,Not Picked,1
79,2024-01-07,Low,Not Picked,0
79,2024-01-08,Medium,Picked,0
79,2024-01-09,Medium,Not Picked,0
79,2024-01-10,Low,Not Picked,0
79,2024-01-11,Low,Not Picked,0
79,2024-01-12,High,Not Picked,2
79,2024-01-13,Medium,Picked,0
79,2024-01-14,Medium,Picked,0
79,2024-01-15,Medium,Not Picked,0
79,2024-01-16,Medium,Picked,0
79,2024-01-17,Medium,Not Picked,1
79,2024-01-18,High,Picked,0
79,2024-01-19,Medium,Not Picked,0
79,2024-01-20,High,Not Picked,1
79,2024-01-21,Medium,Not Picked,1
79,2024-01-22,Low,Not Picked,0
79,2024-01-23,Low,Not Picked,0
79,2024-01-24,Medium,Not Picked,1
79,2024-01-25,High,Not Picked,3
79,2024-01-26,High,Picked,0
79,2024-01-27,Low,Not Picked,0
79,2024-01-28,Medium,Not Picked,0
79,2024-01-29,High,Not Picked,2
79,2024-01-30,Low,Picked,0
79,2024-01-31,Medium,Not Picked,0
79,2024-02-01,High,Not Picked,1
79,2024-02-02,High,Picked,0
79,2024-02-03,Medium,Not Picked,1
79,2024-02-04,Medium,Not Picked,2
79,2024-02-05,High,Picked,0
79,2024-02-06,High,Picked,0
79,2024-02-07,Low,Not Picked,0
79,2024-02-08,Medium,Not Picked,1
79,2024-02-09,Medium,Picked,0
79,2024-02-10,Low,Not Picked,0
79,2024-02-11,Low,Not Picked,0
79,2024-02-12,Medium,Not Picked,1
79,2024-02-13,High,Not Picked,2
79,2024-02-14,Medium,Picked,0
79,2024-02-15,Low,Not Picked,0
79,2024-02-16,Low,Picked,0
79,2024-02-17,High,Picked,0
79,2024-02-18,Low,Not Picked,0
79,2024-02-19,Medium,Not Picked,1
79,2024-02-20,High,Picked,0
79,2024-02-21,High,Not Picked,2
79,2024-02-22,High,Picked,0
79,2024-02-23,Medium,Not Picked,0
79,2024-02-24,Medium,Not Picked,1
79,2024-02-25,High,Picked,0
79,2024-02-26,Low,Not Picked,0
79,2024-02-27,Medium,Not Picked,0
79,2024-02-28,Medium,Picked,0
79,2024-02-29,Medium,Picked,0
79,2024-03-01,Low,Picked,0
79,2024-03-02,Low,Not Picked,0
79,2024-03-03,Medium,Not Picked,1
79,2024-03-04,Low,Not Picked,0
79,2024-03-05,Medium,Not Picked,1
79,2024-03-06,Low,Not Picked,1
79,2024-03-07,Low,Not Picked,1
79,2024-03-08,Medium,Not Picked,2
79,2024-03-09,Medium,Not Picked,2
79,2024-03-10,Low,Picked,0
79,2024-03-11,High,Not Picked,2
79,2024-03-12,Low,Not Picked,1
79,2024-03-13,Low,Not Picked,1
79,2024-03-14,Low,Not Picked,0
79,2024-03-15,High,Not Picked,1
79,2024-03-16,Medium,Picked,0
79,2024-03-17,Low,Not Picked,0
79,2024-03-18,Medium,Not Picked,1
79,2024-03-19,Low,Not Picked,1
79,2024-03-20,Low,Not Picked,1
79,2024-03-21,Low,Not Picked,0
79,2024-03-22,Medium,Not Picked,0
79,2024-03-23,Low,Not Picked,0
79,2024-03-24,Medium,Not Picked,0
79,2024-03-25,Medium,Not Picked,0
79,2024-03-26,High,Not Picked,1
79,2024-03-27,Medium,Not Picked,1
79,2024-03-28,Medium,Not Picked,1
79,2024-03-29,Low,Picked,0
79,2024-03-30,Medium,Not Picked,0
79,2024-03-31,Medium,Not Picked,0
79,2024-04-01,Medium,Picked,0
79,2024-04-02,Medium,Not Picked,1
79,2024-04-03,Medium,Picked,0
79,2024-04-04,Medium,Not Picked,1
79,2024-04-05,High,Picked,0
79,2024-04-06,Low,Not Picked,0
79,2024-04-07,Low,Not Picked,0
79,2024-04-08,Medium,Not Picked,1
79,2024-04-09,Low,Not Picked,1
79,2024-04-10,Medium,Not Picked,2
79,2024-04-11,Medium,Not Picked,2
79,2024-04-12,High,Picked,0
79,2024-04-13,Medium,Not Picked,0
79,2024-04-14,High,Not Picked,1
79,2024-04-15,Low,Not Picked,1
79,2024-04-16,High,Not Picked,3
79,2024-04-17,High,Picked,0
79,2024-04-18,Low,Not Picked,0
79,2024-04-19,Medium,Not Picked,0
79,2024-04-20,Low,Not Picked,0
79,2024-04-21,Medium,Not Picked,0
79,2024-04-22,Low,Not Picked,0
79,2024-04-23,Medium,Picked,0
79,2024-04-24,Medium,Not Picked,0
79,2024-04-25,Medium,Picked,0
79,2024-04-26,Low,Not Picked,0
79,2024-04-27,Medium,Not Picked,1
79,2024-04-28,Low,Not Picked,1
79,2024-04-29,Low,Not Picked,0
80,2024-01-01,Medium,Not Picked,1
80,2024-01-02,Low,Not Picked,1
80,2024-01-03,Medium,Not Picked,1
80,2024-01-04,Low,Not Picked,0
80,2024-01-05,Low,Not Picked,0
80,2024-01-06,Low,Not Picked,0
80,2024-01-07,High,Not Picked,1
80,2024-01-08,Medium,Picked,0
80,2024-01-09,High,Picked,0
80,2024-01-10,Low,Not Picked,0
80,2024-01-11,Medium,Not Picked,0
80,2024-01-12,Medium,Not Picked,0
80,2024-01-13,Medium,Not Picked,1
80,2024-01-14,Medium,Not Picked,2
80,2024-01-15,High,Not Picked,4
80,2024-01-16,Medium,Picked,0
80,2024-01-17,High,Not Picked,1
80,2024-01-18,High,Not Picked,2
80,2024-01-19,Low,Picked,0
80,2024-01-20,Low,Not Picked,0
80,2024-01-21,High,Not Picked,1
80,2024-01-22,Medium,Picked,0
80,2024-01-23,Medium,Not Picked,1
80,2024-01-24,Low,Picked,0
80,2024-01-25,Medium,Not Picked,0
80,2024-01-26,Low,Not Picked,0
80,2024-01-27,High,Picked,0
80,2024-01-28,Low,Not Picked,0
80,2024-01-29,Low,Not Picked,0
80,2024-01-30,Medium,Not Picked,0
80,2024-01-31,Medium,Not Picked,1
80,2024-02-01,Medium,Not Picked,1
80,2024-02-02,High,Picked,0
80,2024-02-03,High,Picked,0
80,2024-02-04,Low,Not Picked,0
80,2024-02-05,High,Not Picked,1
80,2024-02-06,Low,Not Picked,1
80,2024-02-07,Medium,Picked,0
80,2024-02-08,Medium,Not Picked,1
80,2024-02-09,Low,Picked,0
80,2024-02-10,High,Not Picked,1
80,2024-02-11,Medium,Picked,0
80,2024-02-12,Medium,Not Picked,0
80,2024-02-13,Low,Not Picked,0
80,2024-02-14,High,Not Picked,2
80,2024-02-15,High,Not Picked,3
80,2024-02-16,Low,Not Picked,2
80,2024-02-17,High,Not Picked,3
80,2024-02-18,Low,Picked,0
80,2024-02-19,Low,Not Picked,0
80,2024-02-20,High,Picked,0
80,2024-02-21,Medium,Not Picked,0
80,2024-02-22,Medium,Picked,0
80,2024-02-23,Medium,Picked,0
80,2024-02-24,Medium,Picked,0
80,2024-02-25,Medium,Not Picked,1
80,2024-02-26,High,Not Picked,3
80,2024-02-27,Medium,Not Picked,3
80,2024-02-28,Medium,Picked,0
80,2024-02-29,Low,Not Picked,0
80,2024-03-01,Medium,Not Picked,0
80,2024-03-02,High,Not Picked,2
80,2024-03-03,Medium,Not Picked,3
80,2024-03-04,Low,Picked,0
80,2024-03-05,Medium,Not Picked,1
80,2024-03-06,Medium,Not Picked,2
80,2024-03-07,Low,Picked,0
80,2024-03-08,Medium,Picked,0
80,2024-03-09,Low,Not Picked,0
80,2024-03-10,Low,Picked,0
80,2024-03-11,Low,Not Picked,0
80,2024-03-12,Medium,Not Picked,0
80,2024-03-13,Low,Not Picked,0
80,2024-03-14,Medium,Not Picked,1
80,2024-03-15,Medium,Picked,0
80,2024-03-16,High,Picked,0
80,2024-03-17,Medium,Not Picked,0
80,2024-03-18,High,Not Picked,1
80,2024-03-19,Medium,Picked,0
80,2024-03-20,Medium,Not Picked,1
80,2024-03-21,Medium,Picked,0
80,2024-03-22,Low,Not Picked,0
80,2024-03-23,Medium,Not Picked,1
80,2024-03-24,Low,Not Picked,0
80,2024-03-25,Medium,Picked,0
80,2024-03-26,Medium,Not Picked,0
80,2024-03-27,High,Not Picked,1
80,2024-03-28,High,Picked,0
80,2024-03-29,Medium,Not Picked,0
80,2024-03-30,Medium,Picked,0
80,2024-03-31,Medium,Picked,0
80,2024-04-01,Medium,Not Picked,1
80,2024-04-02,Medium,Not Picked,1
80,2024-04-03,High,Picked,0
80,2024-04-04,Medium,Not Picked,0
80,2024-04-05,Low,Not Picked,0
80,2024-04-06,Low,Not Picked,0
80,2024-04-07,Medium,Picked,0
80,2024-04-08,Medium,Not Picked,0
80,2024-04-09,Medium,Not Picked,0
80,2024-04-10,Low,Not Picked,0
80,2024-04-11,Low,Not Picked,0
80,2024-04-12,High,Picked,0
80,2024-04-13,High,Not Picked,1
80,2024-04-14,Low,Not Picked,0
80,2024-04-15,Low,Not Picked,0
80,2024-04-16,Medium,Not Picked,0
80,2024-04-17,High,Not Picked,1
80,2024-04-18,Low,Picked,0
80,2024-04-19,Low,Not Picked,0
80,2024-04-20,Medium,Picked,0
80,2024-04-21,Low,Not Picked,0
80,2024-04-22,Low,Not Picked,0
80,2024-04-23,High,Picked,0
80,2024-04-24,High,Picked,0
80,2024-04-25,Low,Not Picked,0
80,2024-04-26,Medium,Not Picked,1
80,2024-04-27,High,Not Picked,2
80,2024-04-28,Low,Not Picked,2
80,2024-04-29,Medium,Not Picked,2
81,2024-01-01,High,Picked,0
81,2024-01-02,High,Picked,0
81,2024-01-03,High,Picked,0
81,2024-01-04,Medium,Not Picked,0
81,2024-01-05,High,Not Picked,2
81,2024-01-06,Medium,Picked,0
81,2024-01-07,High,Picked,0
81,2024-01-08,Low,Picked,0
81,2024-01-09,High,Not Picked,1
81,2024-01-10,High,Picked,0
81,2024-01-11,Medium,Picked,0
81,2024-01-12,Medium,Not Picked,0
81,2024-01-13,Medium,Not Picked,0
81,2024-01-14,High,Picked,0
81,2024-01-15,Medium,Not Picked,1
81,2024-01-16,Medium,Picked,0
81,2024-01-17,High,Not Picked,1
81,2024-01-18,Medium,Not Picked,1
81,2024-01-19,Medium,Picked,0
81,2024-01-20,High,Picked,0
81,2024-01-21,Medium,Not Picked,1
81,2024-01-22,Low,Not Picked,0
81,2024-01-23,High,Not Picked,1
81,2024-01-24,Medium,Not Picked,1
81,2024-01-25,Medium,Picked,0
81,2024-01-26,High,Picked,0
81,2024-01-27,High,Not Picked,1
81,2024-01-28,High,Not Picked,3
81,2024-01-29,High,Picked,0
81,2024-01-30,Medium,Not Picked,0
81,2024-01-31,Medium,Not Picked,1
81,2024-02-01,High,Not Picked,3
81,2024-02-02,Medium,Picked,0
81,2024-02-03,Low,Not Picked,0
81,2024-02-04,High,Picked,0
81,2024-02-05,High,Not Picked,1
81,2024-02-06,High,Picked,0
81,2024-02-07,High,Not Picked,2
81,2024-02-08,Medium,Not Picked,2
81,2024-02-09,High,Not Picked,4
81,2024-02-10,High,Picked,0
81,2024-02-11,Low,Not Picked,0
81,2024-02-12,Medium,Not Picked,1
81,2024-02-13,Medium,Not Picked,2
81,2024-02-14,High,Not Picked,3
81,2024-02-15,High,Picked,0
81,2024-02-16,High,Not Picked,2
81,2024-02-17,High,Picked,0
81,2024-02-18,Medium,Not Picked,1
81,2024-02-19,Low,Not Picked,1
81,2024-02-20,Medium,Picked,0
81,2024-02-21,High,Picked,0
81,2024-02-22,Medium,Picked,0
81,2024-02-23,Low,Picked,0
81,2024-02-24,High,Picked,0
81,2024-02-25,Medium,Not Picked,1
81,2024-02-26,Medium,Not Picked,2
81,2024-02-27,Medium,Picked,0
81,2024-02-28,High,Not Picked,2
81,2024-02-29,High,Picked,0
81,2024-03-01,Low,Not Picked,0
81,2024-03-02,High,Picked,0
81,2024-03-03,Medium,Not Picked,0
81,2024-03-04,Low,Not Picked,0
81,2024-03-05,High,Picked,0
81,2024-03-06,High,Not Picked,1
81,2024-03-07,Low,Not Picked,1
81,2024-03-08,Low,Not Picked,1
81,2024-03-09,High,Not Picked,3
81,2024-03-10,High,Not Picked,5
81,2024-03-11,Low,Picked,0
81,2024-03-12,Medium,Not Picked,0
81,2024-03-13,High,Not Picked,1
81,2024-03-14,Medium,Picked,0
81,2024-03-15,High,Not Picked,2
81,2024-03-16,Medium,Not Picked,2
81,2024-03-17,High,Picked,0
81,2024-03-18,High,Not Picked,1
81,2024-03-19,High,Not Picked,2
81,2024-03-20,High,Picked,0
81,2024-03-21,Low,Not Picked,0
81,2024-03-22,Medium,Not Picked,0
81,2024-03-23,High,Picked,0
81,2024-03-24,High,Not Picked,1
81,2024-03-25,High,Not Picked,2
81,2024-03-26,Low,Picked,0
81,2024-03-27,High,Not Picked,2
81,2024-03-28,Medium,Picked,0
81,2024-03-29,High,Not Picked,1
81,2024-03-30,Medium,Picked,0
81,2024-03-31,High,Picked,0
81,2024-04-01,Medium,Picked,0
81,2024-04-02,Medium,Not Picked,1
81,2024-04-03,Medium,Not Picked,1
81,2024-04-04,High,Picked,0
81,2024-04-05,Medium,Not Picked,1
81,2024-04-06,Medium,Picked,0
81,2024-04-07,Medium,Not Picked,1
81,2024-04-08,High,Picked,0
81,2024-04-09,Medium,Not Picked,0
81,2024-04-10,High,Not Picked,2
81,2024-04-11,Medium,Picked,0
81,2024-04-12,Medium,Picked,0
81,2024-04-13,Medium,Not Picked,0
81,2024-04-14,High,Picked,0
81,2024-04-15,Medium,Not Picked,1
81,2024-04-16,Medium,Not Picked,2
81,2024-04-17,High,Picked,0
81,2024-04-18,Medium,Not Picked,0
81,2024-04-19,High,Not Picked,1
81,2024-04-20,High,Picked,0
81,2024-04-21,Medium,Not Picked,1
81,2024-04-22,High,Picked,0
81,2024-04-23,High,Not Picked,2
81,2024-04-24,High,Picked,0
81,2024-04-25,High,Not Picked,1
81,2024-04-26,Medium,Not Picked,2
81,2024-04-27,Low,Not Picked,2
81,2024-04-28,High,Not Picked,3
81,2024-04-29,High,Picked,0
82,2024-01-01,High,Picked,0
82,2024-01-02,Medium,Not Picked,1
82,2024-01-03,High,Not Picked,2
82,2024-01-04,High,Not Picked,4
82,2024-01-05,Medium,Picked,0
82,2024-01-06,Medium,Not Picked,1
82,2024-01-07,High,Not Picked,2
82,2024-01-08,Low,Not Picked,2
82,2024-01-09,Medium,Picked,0
82,2024-01-10,High,Not Picked,2
82,2024-01-11,High,Picked,0
82,2024-01-12,High,Not Picked,2
82,2024-01-13,Medium,Not Picked,2
82,2024-01-14,Low,Picked,0
82,2024-01-15,Medium,Not Picked,0
82,2024-01-16,Medium,Not Picked,0
82,2024-01-17,High,Picked,0
82,2024-01-18,High,Not Picked,1
82,2024-01-19,Medium,Picked,0
82,2024-01-20,High,Picked,0
82,2024-01-21,High,Not Picked,2
82,2024-01-22,Low,Picked,0
82,2024-01-23,High,Not Picked,1
82,2024-01-24,High,Picked,0
82,2024-01-25,Medium,Picked,0
82,2024-01-26,High,Picked,0
82,2024-01-27,Medium,Not Picked,0
82,2024-01-28,Medium,Picked,0
82,2024-01-29,High,Picked,0
82,2024-01-30,High,Not Picked,1
82,2024-01-31,High,Not Picked,2
82,2024-02-01,Medium,Picked,0
82,2024-02-02,High,Not Picked,2
82,2024-02-03,Low,Not Picked,1
82,2024-02-04,High,Picked,0
82,2024-02-05,High,Not Picked,2
82,2024-02-06,Medium,Not Picked,2
82,2024-02-07,Medium,Picked,0
82,2024-02-08,Low,Not Picked,0
82,2024-02-09,Low,Not Picked,0
82,2024-02-10,Low,Not Picked,0
82,2024-02-11,High,Not Picked,2
82,2024-02-12,Medium,Picked,0
82,2024-02-13,Medium,Not Picked,1
82,2024-02-14,Low,Picked,0
82,2024-02-15,High,Not Picked,1
82,2024-02-16,Low,Picked,0
82,2024-02-17,High,Not Picked,1
82,2024-02-18,Medium,Not Picked,1
82,2024-02-19,Low,Not Picked,0
82,2024-02-20,High,Not Picked,1
82,2024-02-21,High,Picked,0
82,2024-02-22,High,Picked,0
82,2024-02-23,Low,Not Picked,0
82,2024-02-24,Low,Picked,0
82,2024-02-25,Low,Picked,0
82,2024-02-26,Medium,Not Picked,1
82,2024-02-27,Medium,Picked,0
82,2024-02-28,Medium,Not Picked,0
82,2024-02-29,Low,Picked,0
82,2024-03-01,Medium,Not Picked,1
82,2024-03-02,Low,Not Picked,0
82,2024-03-03,High,Picked,0
82,2024-03-04,Medium,Not Picked,1
82,2024-03-05,Medium,Picked,0
82,2024-03-06,High,Picked,0
82,2024-03-07,High,Picked,0
82,2024-03-08,High,Picked,0
82,2024-03-09,High,Not Picked,1
82,2024-03-10,Medium,Not Picked,2
82,2024-03-11,High,Picked,0
82,2024-03-12,High,Picked,0
82,2024-03-13,High,Picked,0
82,2024-03-14,High,Not Picked,1
82,2024-03-15,Medium,Not Picked,1
82,2024-03-16,Medium,Picked,0
82,2024-03-17,High,Picked,0
82,2024-03-18,High,Not Picked,2
82,2024-03-19,Low,Picked,0
82,2024-03-20,Low,Picked,0
82,2024-03-21,Low,Not Picked,0
82,2024-03-22,High,Not Picked,1
82,2024-03-23,High,Not Picked,3
82,2024-03-24,High,Picked,0
82,2024-03-25,Medium,Not Picked,1
82,2024-03-26,High,Picked,0
82,2024-03-27,Medium,Picked,0
82,2024-03-28,Medium,Not Picked,0
82,2024-03-29,Low,Not Picked,0
82,2024-03-30,High,Not Picked,1
82,2024-03-31,High,Picked,0
82,2024-04-01,High,Not Picked,1
82,2024-04-02,Medium,Picked,0
82,2024-04-03,High,Not Picked,1
82,2024-04-04,Low,Not Picked,1
82,2024-04-05,Medium,Not Picked,1
82,2024-04-06,Medium,Not Picked,2
82,2024-04-07,High,Picked,0
82,2024-04-08,High,Picked,0
82,2024-04-09,High,Not Picked,1
82,2024-04-10,High,Picked,0
82,2024-04-11,Low,Not Picked,0
82,2024-04-12,High,Not Picked,2
82,2024-04-13,Medium,Picked,0
82,2024-04-14,Medium,Not Picked,0
82,2024-04-15,High,Not Picked,2
82,2024-04-16,High,Picked,0
82,2024-04-17,Low,Not Picked,0
82,2024-04-18,Low,Not Picked,0
82,2024-04-19,High,Not Picked,1
82,2024-04-20,High,Not Picked,3
82,2024-04-21,Medium,Not Picked,3
82,2024-04-22,High,Picked,0
82,2024-04-23,High,Not Picked,1
82,2024-04-24,High,Picked,0
82,2024-04-25,High,Picked,0
82,2024-04-26,High,Not Picked,1
82,2024-04-27,Medium,Not Picked,2
82,2024-04-28,Medium,Not Picked,2
82,2024-04-29,Medium,Picked,0
83,2024-01-01,High,Not Picked,1
83,2024-01-02,Low,Not Picked,0
83,2024-01-03,Low,Not Picked,0
83,2024-01-04,Medium,Not Picked,0
83,2024-01-05,Medium,Not Picked,0
83,2024-01-06,Low,Not Picked,0
83,2024-01-07,Medium,Not Picked,0
83,2024-01-08,Low,Picked,0
83,2024-01-09,Low,Not Picked,0
83,2024-01-10,Low,Not Picked,0
83,2024-01-11,Medium,Not Picked,0
83,2024-01-12,Low,Not Picked,0
83,2024-01-13,Low,Not Picked,0
83,2024-01-14,Low,Not Picked,0
83,2024-01-15,Low,Picked,0
83,2024-01-16,Low,Not Picked,0
83,2024-01-17,Medium,Not Picked,1
83,2024-01-18,Medium,Picked,0
83,2024-01-19,Low,Picked,0
83,2024-01-20,Medium,Not Picked,0
83,2024-01-21,Medium,Not Picked,0
83,2024-01-22,Medium,Not Picked,0
83,2024-01-23,High,Picked,0
83,2024-01-24,Low,Not Picked,0
83,2024-01-25,Low,Picked,0
83,2024-01-26,High,Not Picked,2
83,2024-01-27,Low,Not Picked,2
83,2024-01-28,Medium,Not Picked,3
83,2024-01-29,Medium,Not Picked,3
83,2024-01-30,Low,Picked,0
83,2024-01-31,Low,Not Picked,0
83,2024-02-01,Medium,Not Picked,0
83,2024-02-02,Medium,Not Picked,1
83,2024-02-03,Medium,Not Picked,2
83,2024-02-04,Low,Picked,0
83,2024-02-05,Low,Not Picked,0
83,2024-02-06,Medium,Picked,0
83,2024-02-07,High,Not Picked,1
83,2024-02-08,Medium,Not Picked,1
83,2024-02-09,Medium,Picked,0
83,2024-02-10,Low,Not Picked,0
83,2024-02-11,Medium,Not Picked,0
83,2024-02-12,Low,Not Picked,0
83,2024-02-13,Low,Not Picked,0
83,2024-02-14,Medium,Not Picked,1
83,2024-02-15,Medium,Not Picked,1
83,2024-02-16,Low,Not Picked,0
83,2024-02-17,Low,Not Picked,0
83,2024-02-18,Low,Not Picked,0
83,2024-02-19,High,Picked,0
83,2024-02-20,Medium,Not Picked,0
83,2024-02-21,Low,Not Picked,0
83,2024-02-22,Low,Not Picked,0
83,2024-02-23,High,Not Picked,2
83,2024-02-24,Low,Not Picked,1
83,2024-02-25,Medium,Not Picked,1
83,2024-02-26,Medium,Not Picked,2
83,2024-02-27,Medium,Picked,0
83,2024-02-28,Low,Not Picked,0
83,2024-02-29,Low,Not Picked,0
83,2024-03-01,High,Not Picked,1
83,2024-03-02,Low,Not Picked,0
83,2024-03-03,Medium,Not Picked,0
83,2024-03-04,Low,Not Picked,0
83,2024-03-05,Medium,Not Picked,1
83,2024-03-06,Low,Picked,0
83,2024-03-07,Low,Not Picked,0
83,2024-03-08,Medium,Not Picked,0
83,2024-03-09,Low,Not Picked,0
83,2024-03-10,Medium,Picked,0
83,2024-03-11,Medium,Picked,0
83,2024-03-12,Medium,Not Picked,1
83,2024-03-13,Low,Not Picked,0
83,2024-03-14,Medium,Not Picked,1
83,2024-03-15,Medium,Picked,0
83,2024-03-16,Medium,Picked,0
83,2024-03-17,Medium,Not Picked,0
83,2024-03-18,Low,Not Picked,0
83,2024-03-19,High,Not Picked,2
83,2024-03-20,Low,Picked,0
83,2024-03-21,Medium,Picked,0
83,2024-03-22,High,Not Picked,2
83,2024-03-23,Medium,Picked,0
83,2024-03-24,Low,Not Picked,0
83,2024-03-25,Low,Not Picked,0
83,2024-03-26,Low,Not Picked,0
83,2024-03-27,Medium,Not Picked,0
83,2024-03-28,Low,Not Picked,0
83,2024-03-29,High,Not Picked,1
83,2024-03-30,Medium,Not Picked,2
83,2024-03-31,Low,Not Picked,2
83,2024-04-01,Low,Picked,0
83,2024-04-02,Medium,Not Picked,1
83,2024-04-03,Low,Picked,0
83,2024-04-04,Medium,Picked,0
83,2024-04-05,Low,Not Picked,0
83,2024-04-06,Low,Not Picked,0
83,2024-04-07,Low,Not Picked,0
83,2024-04-08,Low,Not Picked,0
83,2024-04-09,Medium,Not Picked,0
83,2024-04-10,Medium,Not Picked,0
83,2024-04-11,Low,Not Picked,0
83,2024-04-12,Low,Not Picked,0
83,2024-04-13,Medium,Not Picked,0
83,2024-04-14,Medium,Not Picked,0
83,2024-04-15,Medium,Picked,0
83,2024-04-16,Medium,Not Picked,1
83,2024-04-17,Medium,Picked,0
83,2024-04-18,Medium,Not Picked,0
83,2024-04-19,Low,Not Picked,0
83,2024-04-20,Medium,Not Picked,1
83,2024-04-21,Medium,Picked,0
83,2024-04-22,Low,Not Picked,0
83,2024-04-23,Low,Not Picked,0
83,2024-04-24,Low,Not Picked,0
83,2024-04-25,Low,Not Picked,0
83,2024-04-26,Low,Not Picked,0
83,2024-04-27,Medium,Not Picked,1
83,2024-04-28,Medium,Not Picked,1
83,2024-04-29,Low,Not Picked,0
84,2024-01-01,Low,Not Picked,0
84,2024-01-02,Low,Picked,0
84,2024-01-03,High,Not Picked,1
84,2024-01-04,Medium,Not Picked,2
84,2024-01-05,Low,Not Picked,1
84,2024-01-06,Low,Not Picked,0
84,2024-01-07,Low,Picked,0
84,2024-01-08,Low,Not Picked,0
84,2024-01-09,Low,Not Picked,0
84,2024-01-10,Medium,Picked,0
84,2024-01-11,Low,Not Picked,0
84,2024-01-12,Low,Picked,0
84,2024-01-13,Low,Not Picked,0
84,2024-01-14,Medium,Picked,0
84,2024-01-15,Low,Not Picked,0
84,2024-01-16,Low,Not Picked,0
84,2024-01-17,Low,Not Picked,0
84,2024-01-18,High,Not Picked,2
84,2024-01-19,Low,Not Picked,1
84,2024-01-20,Low,Not Picked,1
84,2024-01-21,Medium,Not Picked,1
84,2024-01-22,Medium,Picked,0
84,2024-01-23,High,Not Picked,1
84,2024-01-24,Medium,Picked,0
84,2024-01-25,Low,Not Picked,0
84,2024-01-26,Low,Not Picked,0
84,2024-01-27,Medium,Picked,0
84,2024-01-28,Low,Not Picked,0
84,2024-01-29,Medium,Not Picked,1
84,2024-01-30,Low,Not Picked,0
84,2024-01-31,Low,Not Picked,0
84,2024-02-01,Low,Not Picked,0
84,2024-02-02,Low,Not Picked,0
84,2024-02-03,Low,Not Picked,0
84,2024-02-04,Low,Not Picked,0
84,2024-02-05,Medium,Picked,0
84,2024-02-06,High,Picked,0
84,2024-02-07,Low,Not Picked,0
84,2024-02-08,Low,Not Picked,0
84,2024-02-09,Medium,Not Picked,0
84,2024-02-10,Medium,Not Picked,0
84,2024-02-11,Medium,Not Picked,0
84,2024-02-12,High,Picked,0
84,2024-02-13,Low,Not Picked,0
84,2024-02-14,Low,Not Picked,0
84,2024-02-15,High,Picked,0
84,2024-02-16,Medium,Picked,0
84,2024-02-17,High,Not Picked,1
84,2024-02-18,Medium,Picked,0
84,2024-02-19,High,Not Picked,2
84,2024-02-20,Low,Picked,0
84,2024-02-21,High,Not Picked,1
84,2024-02-22,Low,Not Picked,1
84,2024-02-23,High,Not Picked,3
84,2024-02-24,Low,Picked,0
84,2024-02-25,Low,Not Picked,0
84,2024-02-26,High,Not Picked,2
84,2024-02-27,High,Not Picked,3
84,2024-02-28,Low,Picked,0
84,2024-02-29,Medium,Picked,0
84,2024-03-01,Low,Not Picked,0
84,2024-03-02,Medium,Picked,0
84,2024-03-03,Medium,Not Picked,0
84,2024-03-04,High,Not Picked,1
84,2024-03-05,High,Picked,0
84,2024-03-06,Medium,Not Picked,0
84,2024-03-07,Low,Not Picked,0
84,2024-03-08,High,Not Picked,1
84,2024-03-09,Medium,Picked,0
84,2024-03-10,Medium,Picked,0
84,2024-03-11,High,Picked,0
84,2024-03-12,Medium,Not Picked,1
84,2024-03-13,Low,Not Picked,0
84,2024-03-14,Medium,Not Picked,1
84,2024-03-15,Low,Not Picked,0
84,2024-03-16,Low,Not Picked,0
84,2024-03-17,High,Not Picked,2
84,2024-03-18,Low,Not Picked,1
84,2024-03-19,High,Picked,0
84,2024-03-20,Medium,Picked,0
84,2024-03-21,Medium,Not Picked,0
84,2024-03-22,Low,Not Picked,0
84,2024-03-23,Low,Not Picked,0
84,2024-03-24,Medium,Picked,0
84,2024-03-25,Medium,Not Picked,1
84,2024-03-26,Low,Not Picked,1
84,2024-03-27,Low,Not Picked,1
84,2024-03-28,High,Not Picked,2
84,2024-03-29,Medium,Not Picked,2
84,2024-03-30,Medium,Picked,0
84,2024-03-31,High,Picked,0
84,2024-04-01,Medium,Picked,0
84,2024-04-02,Medium,Not Picked,1
84,2024-04-03,High,Not Picked,2
84,2024-04-04,Low,Not Picked,1
84,2024-04-05,Low,Picked,0
84,2024-04-06,High,Picked,0
84,2024-04-07,High,Picked,0
84,2024-04-08,Medium,Not Picked,0
84,2024-04-09,Low,Picked,0
84,2024-04-10,Medium,Not Picked,1
84,2024-04-11,High,Not Picked,2
84,2024-04-12,Low,Not Picked,2
84,2024-04-13,High,Not Picked,4
84,2024-04-14,High,Picked,0
84,2024-04-15,Medium,Picked,0
84,2024-04-16,Medium,Not Picked,1
84,2024-04-17,Low,Not Picked,0
84,2024-04-18,Low,Not Picked,0
84,2024-04-19,High,Not Picked,2
84,2024-04-20,Low,Picked,0
84,2024-04-21,Medium,Not Picked,0
84,2024-04-22,Low,Not Picked,0
84,2024-04-23,Low,Picked,0
84,2024-04-24,High,Not Picked,2
84,2024-04-25,Medium,Picked,0
84,2024-04-26,Low,Not Picked,0
84,2024-04-27,Medium,Picked,0
84,2024-04-28,High,Picked,0
84,2024-04-29,High,Not Picked,2
85,2024-01-01,Low,Not Picked,0
85,2024-01-02,Low,Not Picked,0
85,2024-01-03,Low,Picked,0
85,2024-01-04,Medium,Picked,0
85,2024-01-05,High,Not Picked,2
85,2024-01-06,Medium,Picked,0
85,2024-01-07,Low,Not Picked,0
85,2024-01-08,Medium,Picked,0
85,2024-01-09,Medium,Not Picked,1
85,2024-01-10,Low,Picked,0
85,2024-01-11,High,Picked,0
85,2024-01-12,High,Picked,0
85,2024-01-13,Low,Not Picked,0
85,2024-01-14,Low,Not Picked,0
85,2024-01-15,Low,Not Picked,0
85,2024-01-16,High,Not Picked,1
85,2024-01-17,Low,Not Picked,0
85,2024-01-18,Low,Not Picked,0
85,2024-01-19,High,Not Picked,2
85,2024-01-20,Medium,Not Picked,3
85,2024-01-21,Medium,Picked,0
85,2024-01-22,Medium,Not Picked,1
85,2024-01-23,Medium,Picked,0
85,2024-01-24,Medium,Not Picked,0
85,2024-01-25,Low,Not Picked,0
85,2024-01-26,Low,Not Picked,0
85,2024-01-27,Low,Not Picked,0
85,2024-01-28,Low,Not Picked,0
85,2024-01-29,Low,Not Picked,0
85,2024-01-30,Low,Not Picked,0
85,2024-01-31,Medium,Not Picked,1
85,2024-02-01,High,Not Picked,2
85,2024-02-02,Low,Not Picked,1
85,2024-02-03,High,Not Picked,2
85,2024-02-04,High,Picked,0
85,2024-02-05,Low,Not Picked,0
85,2024-02-06,Low,Not Picked,0
85,2024-02-07,Medium,Not Picked,0
85,2024-02-08,High,Not Picked,1
85,2024-02-09,Medium,Not Picked,2
85,2024-02-10,Medium,Picked,0
85,2024-02-11,High,Picked,0
85,2024-02-12,Low,Not Picked,0
85,2024-02-13,High,Not Picked,1
85,2024-02-14,Medium,Picked,0
85,2024-02-15,Low,Not Picked,0
85,2024-02-16,Medium,Not Picked,0
85,2024-02-17,Low,Not Picked,0
85,2024-02-18,Medium,Not Picked,0
85,2024-02-19,Medium,Not Picked,1
85,2024-02-20,Medium,Picked,0
85,2024-02-21,Low,Not Picked,0
85,2024-02-22,Medium,Not Picked,0
85,2024-02-23,Medium,Picked,0
85,2024-02-24,Low,Picked,0
85,2024-02-25,Low,Not Picked,0
85,2024-02-26,Medium,Picked,0
85,2024-02-27,Low,Not Picked,0
85,2024-02-28,Medium,Not Picked,1
85,2024-02-29,Low,Not Picked,0
85,2024-03-01,Low,Picked,0
85,2024-03-02,High,Not Picked,1
85,2024-03-03,High,Picked,0
85,2024-03-04,Low,Not Picked,0
85,2024-03-05,Low,Not Picked,0
85,2024-03-06,Medium,Picked,0
85,2024-03-07,High,Picked,0
85,2024-03-08,Low,Not Picked,0
85,2024-03-09,High,Not Picked,2
85,2024-03-10,Medium,Not Picked,3
85,2024-03-11,Low,Not Picked,2
85,2024-03-12,Medium,Not Picked,2
85,2024-03-13,Medium,Not Picked,3
85,2024-03-14,Low,Picked,0
85,2024-03-15,Low,Not Picked,0
85,2024-03-16,High,Not Picked,2
85,2024-03-17,Low,Not Picked,2
85,2024-03-18,Medium,Picked,0
85,2024-03-19,Low,Not Picked,0
85,2024-03-20,Medium,Not Picked,0
85,2024-03-21,Low,Not Picked,0
85,2024-03-22,Low,Not Picked,0
85,2024-03-23,Low,Not Picked,0
85,2024-03-24,Medium,Not Picked,1
85,2024-03-25,Low,Not Picked,1
85,2024-03-26,Medium,Picked,0
85,2024-03-27,Medium,Not Picked,0
85,2024-03-28,Medium,Not Picked,1
85,2024-03-29,Low,Picked,0
85,2024-03-30,High,Not Picked,2
85,2024-03-31,Medium,Picked,0
85,2024-04-01,High,Picked,0
85,2024-04-02,Medium,Not Picked,0
85,2024-04-03,Medium,Not Picked,0
85,2024-04-04,Medium,Not Picked,0
85,2024-04-05,High,Not Picked,1
85,2024-04-06,Medium,Not Picked,1
85,2024-04-07,Medium,Picked,0
85,2024-04-08,Medium,Not Picked,1
85,2024-04-09,High,Not Picked,3
85,2024-04-10,Low,Picked,0
85,2024-04-11,Low,Not Picked,0
85,2024-04-12,Medium,Not Picked,1
85,2024-04-13,Medium,Not Picked,1
85,2024-04-14,Low,Not Picked,1
85,2024-04-15,Low,Picked,0
85,2024-04-16,High,Picked,0
85,2024-04-17,Medium,Not Picked,0
85,2024-04-18,High,Not Picked,1
85,2024-04-19,Low,Not Picked,0
85,2024-04-20,Low,Not Picked,0
85,2024-04-21,High,Not Picked,2
85,2024-04-22,High,Picked,0
85,2024-04-23,High,Not Picked,2
85,2024-04-24,Medium,Picked,0
85,2024-04-25,Low,Not Picked,0
85,2024-04-26,Low,Not Picked,0
85,2024-04-27,Medium,Not Picked,0
85,2024-04-28,Low,Not Picked,0
85,2024-04-29,Low,Not Picked,0
86,2024-01-01,Low,Not Picked,0
86,2024-01-02,Medium,Not Picked,0
86,2024-01-03,Low,Not Picked,0
86,2024-01-04,Medium,Not Picked,0
86,2024-01-05,Low,Not Picked,0
86,2024-01-06,Medium,Not Picked,0
86,2024-01-07,Medium,Not Picked,0
86,2024-01-08,Low,Not Picked,0
86,2024-01-09,Medium,Not Picked,0
86,2024-01-10,Medium,Not Picked,1
86,2024-01-11,Medium,Not Picked,1
86,2024-01-12,Medium,Not Picked,2
86,2024-01-13,Medium,Not Picked,3
86,2024-01-14,Medium,Picked,0
86,2024-01-15,Medium,Not Picked,1
86,2024-01-16,Medium,Not Picked,2
86,2024-01-17,Medium,Not Picked,2
86,2024-01-18,Low,Not Picked,2
86,2024-01-19,Low,Not Picked,2
86,2024-01-20,Medium,Not Picked,2
86,2024-01-21,Low,Not Picked,2
86,2024-01-22,Medium,Picked,0
86,2024-01-23,Low,Not Picked,0
86,2024-01-24,Medium,Picked,0
86,2024-01-25,Low,Not Picked,0
86,2024-01-26,Medium,Not Picked,1
86,2024-01-27,Medium,Picked,0
86,2024-01-28,Low,Not Picked,0
86,2024-01-29,Low,Not Picked,0
86,2024-01-30,Low,Picked,0
86,2024-01-31,Low,Not Picked,0
86,2024-02-01,High,Not Picked,1
86,2024-02-02,Medium,Not Picked,1
86,2024-02-03,Low,Not Picked,1
86,2024-02-04,Medium,Picked,0
86,2024-02-05,High,Not Picked,2
86,2024-02-06,Low,Picked,0
86,2024-02-07,Low,Not Picked,0
86,2024-02-08,Low,Not Picked,0
86,2024-02-09,High,Not Picked,1
86,2024-02-10,High,Picked,0
86,2024-02-11,Medium,Not Picked,0
86,2024-02-12,Medium,Not Picked,1
86,2024-02-13,Low,Not Picked,1
86,2024-02-14,Low,Picked,0
86,2024-02-15,Low,Not Picked,0
86,2024-02-16,High,Not Picked,2
86,2024-02-17,Low,Not Picked,1
86,2024-02-18,Low,Not Picked,0
86,2024-02-19,Medium,Not Picked,1
86,2024-02-20,Low,Not Picked,1
86,2024-02-21,Medium,Picked,0
86,2024-02-22,Medium,Not Picked,0
86,2024-02-23,Medium,Not Picked,0
86,2024-02-24,Medium,Not Picked,0
86,2024-02-25,Low,Not Picked,0
86,2024-02-26,Medium,Not Picked,0
86,2024-02-27,Medium,Not Picked,1
86,2024-02-28,Medium,Not Picked,1
86,2024-02-29,Low,Not Picked,0
86,2024-03-01,Medium,Not Picked,0
86,2024-03-02,Medium,Picked,0
86,2024-03-03,Low,Not Picked,0
86,2024-03-04,Low,Not Picked,0
86,2024-03-05,Medium,Not Picked,0
86,2024-03-06,High,Not Picked,2
86,2024-03-07,Low,Not Picked,1
86,2024-03-08,Medium,Not Picked,2
86,2024-03-09,Medium,Not Picked,3
86,2024-03-10,Low,Not Picked,2
86,2024-03-11,Low,Not Picked,1
86,2024-03-12,Low,Not Picked,1
86,2024-03-13,Low,Not Picked,1
86,2024-03-14,Medium,Not Picked,1
86,2024-03-15,Medium,Picked,0
86,2024-03-16,Medium,Picked,0
86,2024-03-17,Low,Not Picked,0
86,2024-03-18,High,Picked,0
86,2024-03-19,Low,Picked,0
86,2024-03-20,Medium,Picked,0
86,2024-03-21,Medium,Not Picked,1
86,2024-03-22,Medium,Not Picked,1
86,2024-03-23,Medium,Not Picked,2
86,2024-03-24,Low,Picked,0
86,2024-03-25,Low,Not Picked,0
86,2024-03-26,Medium,Picked,0
86,2024-03-27,Medium,Not Picked,0
86,2024-03-28,Low,Not Picked,0
86,2024-03-29,High,Picked,0
86,2024-03-30,High,Picked,0
86,2024-03-31,Low,Not Picked,0
86,2024-04-01,Medium,Not Picked,0
86,2024-04-02,Medium,Not Picked,0
86,2024-04-03,High,Not Picked,2
86,2024-04-04,High,Picked,0
86,2024-04-05,Low,Picked,0
86,2024-04-06,Low,Not Picked,0
86,2024-04-07,Low,Not Picked,0
86,2024-04-08,Low,Not Picked,0
86,2024-04-09,Medium,Not Picked,0
86,2024-04-10,Low,Not Picked,0
86,2024-04-11,Medium,Not Picked,0
86,2024-04-12,Low,Not Picked,0
86,2024-04-13,High,Picked,0
86,2024-04-14,High,Not Picked,1
86,2024-04-15,Low,Not Picked,1
86,2024-04-16,Low,Not Picked,1
86,2024-04-17,Medium,Not Picked,1
86,2024-04-18,High,Picked,0
86,2024-04-19,Low,Not Picked,0
86,2024-04-20,Low,Not Picked,0
86,2024-04-21,Low,Not Picked,0
86,2024-04-22,Medium,Not Picked,1
86,2024-04-23,High,Picked,0
86,2024-04-24,Low,Not Picked,0
86,2024-04-25,Medium,Not Picked,1
86,2024-04-26,Medium,Picked,0
86,2024-04-27,Low,Picked,0
86,2024-04-28,Medium,Not Picked,0
86,2024-04-29,Low,Not Picked,0
87,2024-01-01,Medium,Not Picked,0
87,2024-01-02,Medium,Not Picked,0
87,2024-01-03,High,Picked,0
87,2024-01-04,Low,Not Picked,0
87,2024-01-05,Medium,Not Picked,1
87,2024-01-06,Medium,Not Picked,1
87,2024-01-07,Low,Not Picked,0
87,2024-01-08,Low,Not Picked,0
87,2024-01-09,High,Picked,0
87,2024-01-10,Medium,Picked,0
87,2024-01-11,High,Not Picked,1
87,2024-01-12,Medium,Not Picked,1
87,2024-01-13,Medium,Not Picked,2
87,2024-01-14,Medium,Not Picked,2
87,2024-01-15,High,Picked,0
87,2024-01-16,Medium,Not Picked,1
87,2024-01-17,Medium,Not Picked,1
87,2024-01-18,High,Picked,0
87,2024-01-19,Medium,Not Picked,1
87,2024-01-20,Medium,Not Picked,2
87,2024-01-21,High,Not Picked,3
87,2024-01-22,High,Picked,0
87,2024-01-23,Low,Picked,0
87,2024-01-24,Medium,Picked,0
87,2024-01-25,Medium,Not Picked,1
87,2024-01-26,Low,Not Picked,1
87,2024-01-27,Medium,Not Picked,1
87,2024-01-28,High,Picked,0
87,2024-01-29,High,Picked,0
87,2024-01-30,High,Picked,0
87,2024-01-31,High,Picked,0
87,2024-02-01,Low,Not Picked,0
87,2024-02-02,High,Not Picked,2
87,2024-02-03,High,Picked,0
87,2024-02-04,Low,Not Picked,0
87,2024-02-05,Low,Not Picked,0
87,2024-02-06,Medium,Not Picked,0
87,2024-02-07,Medium,Not Picked,1
87,2024-02-08,Low,Not Picked,1
87,2024-02-09,Medium,Picked,0
87,2024-02-10,Medium,Not Picked,1
87,2024-02-11,High,Picked,0
87,2024-02-12,Medium,Not Picked,1
87,2024-02-13,High,Not Picked,2
87,2024-02-14,Medium,Not Picked,2
87,2024-02-15,High,Picked,0
87,2024-02-16,High,Not Picked,1
87,2024-02-17,Medium,Not Picked,1
87,2024-02-18,High,Picked,0
87,2024-02-19,Medium,Picked,0
87,2024-02-20,Medium,Not Picked,0
87,2024-02-21,Medium,Not Picked,0
87,2024-02-22,Low,Not Picked,0
87,2024-02-23,Medium,Not Picked,1
87,2024-02-24,High,Picked,0
87,2024-02-25,Medium,Picked,0
87,2024-02-26,Medium,Not Picked,1
87,2024-02-27,Medium,Not Picked,1
87,2024-02-28,Medium,Not Picked,2
87,2024-02-29,High,Picked,0
87,2024-03-01,Medium,Not Picked,0
87,2024-03-02,High,Not Picked,2
87,2024-03-03,High,Picked,0
87,2024-03-04,Medium,Not Picked,1
87,2024-03-05,Medium,Not Picked,1
87,2024-03-06,High,Picked,0
87,2024-03-07,High,Not Picked,1
87,2024-03-08,High,Not Picked,2
87,2024-03-09,Medium,Not Picked,3
87,2024-03-10,Medium,Picked,0
87,2024-03-11,High,Not Picked,1
87,2024-03-12,Low,Not Picked,1
87,2024-03-13,High,Picked,0
87,2024-03-14,Low,Not Picked,0
87,2024-03-15,Low,Not Picked,0
87,2024-03-16,Medium,Not Picked,0
87,2024-03-17,Low,Not Picked,0
87,2024-03-18,Medium,Not Picked,1
87,2024-03-19,Medium,Picked,0
87,2024-03-20,High,Not Picked,1
87,2024-03-21,High,Picked,0
87,2024-03-22,Medium,Not Picked,0
87,2024-03-23,High,Not Picked,2
87,2024-03-24,High,Picked,0
87,2024-03-25,Low,Not Picked,0
87,2024-03-26,High,Picked,0
87,2024-03-27,Medium,Not Picked,1
87,2024-03-28,Medium,Not Picked,1
87,2024-03-29,Medium,Not Picked,2
87,2024-03-30,High,Not Picked,3
87,2024-03-31,Medium,Not Picked,3
87,2024-04-01,Low,Not Picked,2
87,2024-04-02,Low,Picked,0
87,2024-04-03,High,Not Picked,2
87,2024-04-04,High,Picked,0
87,2024-04-05,High,Picked,0
87,2024-04-06,Medium,Not Picked,1
87,2024-04-07,High,Picked,0
87,2024-04-08,Medium,Not Picked,0
87,2024-04-09,Low,Not Picked,0
87,2024-04-10,High,Not Picked,2
87,2024-04-11,Medium,Not Picked,2
87,2024-04-12,High,Picked,0
87,2024-04-13,Low,Not Picked,0
87,2024-04-14,Medium,Not Picked,1
87,2024-04-15,High,Picked,0
87,2024-04-16,High,Not Picked,2
87,2024-04-17,Low,Not Picked,1
87,2024-04-18,Low,Not Picked,0
87,2024-04-19,Medium,Picked,0
87,2024-04-20,Low,Not Picked,0
87,2024-04-21,High,Picked,0
87,2024-04-22,High,Not Picked,1
87,2024-04-23,Medium,Picked,0
87,2024-04-24,High,Not Picked,1
87,2024-04-25,Low,Not Picked,1
87,2024-04-26,High,Picked,0
87,2024-04-27,Low,Not Picked,0
87,2024-04-28,High,Not Picked,1
87,2024-04-29,Low,Not Picked,1
88,2024-01-01,Low,Not Picked,0
88,2024-01-02,High,Not Picked,1
88,2024-01-03,Medium,Not Picked,2
88,2024-01-04,Low,Picked,0
88,2024-01-05,High,Not Picked,2
88,2024-01-06,Medium,Picked,0
88,2024-01-07,Medium,Not Picked,0
88,2024-01-08,High,Picked,0
88,2024-01-09,High,Not Picked,1
88,2024-01-10,Low,Picked,0
88,2024-01-11,High,Not Picked,2
88,2024-01-12,High,Picked,0
88,2024-01-13,Medium,Not Picked,0
88,2024-01-14,High,Not Picked,2
88,2024-01-15,Low,Not Picked,2
88,2024-01-16,High,Not Picked,3
88,2024-01-17,High,Picked,0
88,2024-01-18,Medium,Not Picked,0
88,2024-01-19,Medium,Picked,0
88,2024-01-20,High,Not Picked,2
88,2024-01-21,High,Picked,0
88,2024-01-22,High,Not Picked,2
88,2024-01-23,High,Not Picked,4
88,2024-01-24,Low,Not Picked,4
88,2024-01-25,Low,Not Picked,4
88,2024-01-26,High,Picked,0
88,2024-01-27,High,Not Picked,2
88,2024-01-28,Medium,Not Picked,3
88,2024-01-29,Low,Not Picked,2
88,2024-01-30,Medium,Picked,0
88,2024-01-31,High,Not Picked,2
88,2024-02-01,High,Not Picked,4
88,2024-02-02,Medium,Not Picked,4
88,2024-02-03,High,Picked,0
88,2024-02-04,Low,Not Picked,0
88,2024-02-05,Low,Picked,0
88,2024-02-06,High,Picked,0
88,2024-02-07,High,Picked,0
88,2024-02-08,Medium,Not Picked,0
88,2024-02-09,High,Picked,0
88,2024-02-10,High,Not Picked,2
88,2024-02-11,Low,Picked,0
88,2024-02-12,Medium,Not Picked,1
88,2024-02-13,Medium,Not Picked,1
88,2024-02-14,Medium,Not Picked,2
88,2024-02-15,High,Picked,0
88,2024-02-16,High,Not Picked,1
88,2024-02-17,Low,Not Picked,1
88,2024-02-18,Medium,Picked,0
88,2024-02-19,Low,Picked,0
88,2024-02-20,High,Not Picked,1
88,2024-02-21,High,Not Picked,2
88,2024-02-22,High,Not Picked,3
88,2024-02-23,High,Picked,0
88,2024-02-24,High,Picked,0
88,2024-02-25,Medium,Not Picked,1
88,2024-02-26,Medium,Not Picked,1
88,2024-02-27,Low,Not Picked,0
88,2024-02-28,High,Picked,0
88,2024-02-29,High,Not Picked,1
88,2024-03-01,Low,Not Picked,1
88,2024-03-02,Low,Not Picked,1
88,2024-03-03,Low,Picked,0
88,2024-03-04,Medium,Picked,0
88,2024-03-05,Low,Not Picked,0
88,2024-03-06,Medium,Not Picked,0
88,2024-03-07,Medium,Not Picked,1
88,2024-03-08,High,Picked,0
88,2024-03-09,High,Picked,0
88,2024-03-10,Medium,Not Picked,0
88,2024-03-11,High,Picked,0
88,2024-03-12,High,Picked,0
88,2024-03-13,Medium,Picked,0
88,2024-03-14,Medium,Not Picked,1
88,2024-03-15,Medium,Not Picked,1
88,2024-03-16,Medium,Not Picked,1
88,2024-03-17,High,Not Picked,2
88,2024-03-18,Low,Not Picked,1
88,2024-03-19,Medium,Not Picked,1
88,2024-03-20,Medium,Picked,0
88,2024-03-21,Low,Not Picked,0
88,2024-03-22,Medium,Picked,0
88,2024-03-23,High,Not Picked,1
88,2024-03-24,High,Not Picked,2
88,2024-03-25,High,Picked,0
88,2024-03-26,Medium,Not Picked,0
88,2024-03-27,High,Not Picked,2
88,2024-03-28,Medium,Picked,0
88,2024-03-29,High,Not Picked,1
88,2024-03-30,High,Not Picked,2
88,2024-03-31,Medium,Not Picked,2
88,2024-04-01,Medium,Not Picked,2
88,2024-04-02,Medium,Picked,0
88,2024-04-03,Medium,Not Picked,0
88,2024-04-04,Low,Not Picked,0
88,2024-04-05,High,Not Picked,1
88,2024-04-06,High,Not Picked,2
88,2024-04-07,Medium,Not Picked,3
88,2024-04-08,High,Picked,0
88,2024-04-09,High,Not Picked,2
88,2024-04-10,High,Picked,0
88,2024-04-11,Medium,Not Picked,0
88,2024-04-12,Medium,Picked,0
88,2024-04-13,High,Picked,0
88,2024-04-14,High,Not Picked,1
88,2024-04-15,Medium,Picked,0
88,2024-04-16,Medium,Not Picked,1
88,2024-04-17,High,Picked,0
88,2024-04-18,Medium,Not Picked,1
88,2024-04-19,High,Not Picked,3
88,2024-04-20,High,Picked,0
88,2024-04-21,High,Picked,0
88,2024-04-22,High,Picked,0
88,2024-04-23,High,Not Picked,2
88,2024-04-24,Medium,Picked,0
88,2024-04-25,Medium,Not Picked,0
88,2024-04-26,Medium,Not Picked,1
88,2024-04-27,High,Picked,0
88,2024-04-28,Low,Not Picked,0
88,2024-04-29,High,Not Picked,2
89,2024-01-01,Medium,Not Picked,0
89,2024-01-02,Low,Not Picked,0
89,2024-01-03,Low,Not Picked,0
89,2024-01-04,High,Not Picked,2
89,2024-01-05,High,Not Picked,4
89,2024-01-06,Medium,Picked,0
89,2024-01-07,High,Not Picked,1
89,2024-01-08,High,Not Picked,2
89,2024-01-09,Low,Picked,0
89,2024-01-10,High,Picked,0
89,2024-01-11,High,Not Picked,2
89,2024-01-12,Medium,Picked,0
89,2024-01-13,Low,Not Picked,0
89,2024-01-14,Medium,Not Picked,1
89,2024-01-15,Medium,Picked,0
89,2024-01-16,High,Not Picked,1
89,2024-01-17,Low,Not Picked,0
89,2024-01-18,High,Not Picked,2
89,2024-01-19,High,Picked,0
89,2024-01-20,Low,Not Picked,0
89,2024-01-21,Low,Not Picked,0
89,2024-01-22,Medium,Not Picked,1
89,2024-01-23,High,Picked,0
89,2024-01-24,Medium,Picked,0
89,2024-01-25,High,Picked,0
89,2024-01-26,Low,Not Picked,0
89,2024-01-27,Low,Not Picked,0
89,2024-01-28,High,Picked,0
89,2024-01-29,Low,Not Picked,0
89,2024-01-30,High,Picked,0
89,2024-01-31,Low,Not Picked,0
89,2024-02-01,High,Picked,0
89,2024-02-02,High,Picked,0
89,2024-02-03,Medium,Not Picked,1
89,2024-02-04,Medium,Not Picked,1
89,2024-02-05,Medium,Not Picked,2
89,2024-02-06,High,Picked,0
89,2024-02-07,High,Picked,0
89,2024-02-08,Medium,Not Picked,0
89,2024-02-09,High,Not Picked,1
89,2024-02-10,Low,Not Picked,0
89,2024-02-11,Low,Not Picked,0
89,2024-02-12,High,Not Picked,2
89,2024-02-13,Low,Not Picked,2
89,2024-02-14,High,Not Picked,4
89,2024-02-15,High,Picked,0
89,2024-02-16,Medium,Not Picked,0
89,2024-02-17,Medium,Not Picked,0
89,2024-02-18,High,Not Picked,1
89,2024-02-19,Medium,Picked,0
89,2024-02-20,Low,Not Picked,0
89,2024-02-21,High,Not Picked,1
89,2024-02-22,High,Picked,0
89,2024-02-23,High,Picked,0
89,2024-02-24,High,Not Picked,1
89,2024-02-25,Low,Not Picked,0
89,2024-02-26,High,Picked,0
89,2024-02-27,Medium,Not Picked,0
89,2024-02-28,Low,Picked,0
89,2024-02-29,High,Picked,0
89,2024-03-01,High,Picked,0
89,2024-03-02,Medium,Not Picked,0
89,2024-03-03,High,Picked,0
89,2024-03-04,Medium,Not Picked,0
89,2024-03-05,Medium,Not Picked,0
89,2024-03-06,High,Picked,0
89,2024-03-07,Low,Not Picked,0
89,2024-03-08,Medium,Not Picked,0
89,2024-03-09,Medium,Not Picked,0
89,2024-03-10,High,Not Picked,1
89,2024-03-11,High,Picked,0
89,2024-03-12,Medium,Not Picked,1
89,2024-03-13,High,Not Picked,3
89,2024-03-14,Medium,Picked,0
89,2024-03-15,Medium,Not Picked,0
89,2024-03-16,Medium,Picked,0
89,2024-03-17,Medium,Not Picked,0
89,2024-03-18,Low,Not Picked,0
89,2024-03-19,High,Picked,0
89,2024-03-20,High,Not Picked,1
89,2024-03-21,Medium,Not Picked,2
89,2024-03-22,Medium,Not Picked,3
89,2024-03-23,Medium,Picked,0
89,2024-03-24,Low,Not Picked,0
89,2024-03-25,High,Picked,0
89,2024-03-26,High,Not Picked,1
89,2024-03-27,High,Not Picked,2
89,2024-03-28,High,Not Picked,3
89,2024-03-29,High,Picked,0
89,2024-03-30,High,Picked,0
89,2024-03-31,Medium,Not Picked,0
89,2024-04-01,High,Not Picked,1
89,2024-04-02,Medium,Picked,0
89,2024-04-03,Medium,Not Picked,1
89,2024-04-04,High,Picked,0
89,2024-04-05,Low,Not Picked,0
89,2024-04-06,Medium,Not Picked,0
89,2024-04-07,Medium,Not Picked,1
89,2024-04-08,Medium,Picked,0
89,2024-04-09,High,Picked,0
89,2024-04-10,Low,Not Picked,0
89,2024-04-11,Low,Not Picked,0
89,2024-04-12,High,Picked,0
89,2024-04-13,Low,Not Picked,0
89,2024-04-14,Medium,Not Picked,0
89,2024-04-15,High,Not Picked,1
89,2024-04-16,Medium,Not Picked,2
89,2024-04-17,High,Not Picked,4
89,2024-04-18,High,Picked,0
89,2024-04-19,Low,Not Picked,0
89,2024-04-20,High,Not Picked,2
89,2024-04-21,High,Not Picked,4
89,2024-04-22,High,Picked,0
89,2024-04-23,High,Picked,0
89,2024-04-24,Low,Not Picked,0
89,2024-04-25,Medium,Not Picked,1
89,2024-04-26,Low,Not Picked,0
89,2024-04-27,Medium,Not Picked,0
89,2024-04-28,Low,Not Picked,0
89,2024-04-29,Medium,Not Picked,0
90,2024-01-01,Low,Not Picked,0
90,2024-01-02,Low,Picked,0
90,2024-01-03,Low,Not Picked,0
90,2024-01-04,Low,Picked,0
90,2024-01-05,Low,Not Picked,0
90,2024-01-06,Low,Not Picked,0
90,2024-01-07,Low,Not Picked,0
90,2024-01-08,Low,Not Picked,0
90,2024-01-09,Low,Not Picked,0
90,2024-01-10,Low,Not Picked,0
90,2024-01-11,Medium,Not Picked,0
90,2024-01-12,Medium,Not Picked,1
90,2024-01-13,Low,Not Picked,0
90,2024-01-14,Medium,Picked,0
90,2024-01-15,Low,Picked,0
90,2024-01-16,Low,Not Picked,0
90,2024-01-17,Medium,Picked,0
90,2024-01-18,Medium,Not Picked,0
90,2024-01-19,Low,Picked,0
90,2024-01-20,Medium,Not Picked,1
90,2024-01-21,Low,Not Picked,0
90,2024-01-22,Medium,Not Picked,0
90,2024-01-23,Medium,Not Picked,0
90,2024-01-24,Low,Not Picked,0
90,2024-01-25,Low,Picked,0
90,2024-01-26,Medium,Picked,0
90,2024-01-27,Medium,Not Picked,0
90,2024-01-28,Medium,Picked,0
90,2024-01-29,Low,Not Picked,0
90,2024-01-30,Low,Picked,0
90,2024-01-31,Low,Not Picked,0
90,2024-02-01,Low,Not Picked,0
90,2024-02-02,Low,Not Picked,0
90,2024-02-03,Low,Not Picked,0
90,2024-02-04,Low,Picked,0
90,2024-02-05,Low,Picked,0
90,2024-02-06,Low,Not Picked,0
90,2024-02-07,Medium,Not Picked,0
90,2024-02-08,Low,Picked,0
90,2024-02-09,Medium,Not Picked,1
90,2024-02-10,Low,Not Picked,0
90,2024-02-11,Medium,Not Picked,0
90,2024-02-12,Low,Not Picked,0
90,2024-02-13,Low,Picked,0
90,2024-02-14,Medium,Picked,0
90,2024-02-15,Medium,Picked,0
90,2024-02-16,Low,Not Picked,0
90,2024-02-17,Low,Not Picked,0
90,2024-02-18,Low,Not Picked,0
90,2024-02-19,Medium,Not Picked,0
90,2024-02-20,Medium,Not Picked,1
90,2024-02-21,Medium,Not Picked,1
90,2024-02-22,Low,Not Picked,0
90,2024-02-23,Medium,Not Picked,0
90,2024-02-24,Low,Not Picked,0
90,2024-02-25,Low,Not Picked,0
90,2024-02-26,Low,Not Picked,0
90,2024-02-27,Medium,Picked,0
90,2024-02-28,Low,Not Picked,0
90,2024-02-29,Medium,Not Picked,1
90,2024-03-01,Low,Not Picked,0
90,2024-03-02,Medium,Picked,0
90,2024-03-03,High,Not Picked,1
90,2024-03-04,Medium,Picked,0
90,2024-03-05,Low,Not Picked,0
90,2024-03-06,Low,Not Picked,0
90,2024-03-07,Low,Not Picked,0
90,2024-03-08,Medium,Not Picked,1
90,2024-03-09,Medium,Picked,0
90,2024-03-10,Medium,Not Picked,0
90,2024-03-11,Low,Not Picked,0
90,2024-03-12,Low,Not Picked,0
90,2024-03-13,Low,Not Picked,0
90,2024-03-14,Low,Not Picked,0
90,2024-03-15,Medium,Not Picked,1
90,2024-03-16,Medium,Not Picked,1
90,2024-03-17,Medium,Not Picked,1
90,2024-03-18,Medium,Not Picked,2
90,2024-03-19,Medium,Not Picked,2
90,2024-03-20,Low,Picked,0
90,2024-03-21,Medium,Not Picked,0
90,2024-03-22,Medium,Not Picked,0
90,2024-03-23,Medium,Not Picked,1
90,2024-03-24,Low,Not Picked,1
90,2024-03-25,Low,Picked,0
90,2024-03-26,Low,Not Picked,0
90,2024-03-27,Medium,Not Picked,0
90,2024-03-28,Medium,Not Picked,0
90,2024-03-29,Low,Picked,0
90,2024-03-30,Low,Not Picked,0
90,2024-03-31,Low,Not Picked,0
90,2024-04-01,Low,Picked,0
90,2024-04-02,Low,Not Picked,0
90,2024-04-03,Low,Not Picked,0
90,2024-04-04,Low,Not Picked,0
90,2024-04-05,Low,Not Picked,0
90,2024-04-06,Medium,Not Picked,0
90,2024-04-07,High,Picked,0
90,2024-04-08,Medium,Not Picked,0
90,2024-04-09,Medium,Not Picked,0
90,2024-04-10,Low,Picked,0
90,2024-04-11,Low,Not Picked,0
90,2024-04-12,Low,Not Picked,0
90,2024-04-13,Low,Not Picked,0
90,2024-04-14,Low,Not Picked,0
90,2024-04-15,Low,Not Picked,0
90,2024-04-16,Low,Not Picked,0
90,2024-04-17,Low,Not Picked,0
90,2024-04-18,Medium,Picked,0
90,2024-04-19,Medium,Not Picked,0
90,2024-04-20,Medium,Not Picked,1
90,2024-04-21,Low,Not Picked,1
90,2024-04-22,Medium,Not Picked,1
90,2024-04-23,Low,Not Picked,0
90,2024-04-24,Low,Not Picked,0
90,2024-04-25,Medium,Picked,0
90,2024-04-26,Medium,Not Picked,0
90,2024-04-27,High,Picked,0
90,2024-04-28,Low,Not Picked,0
90,2024-04-29,High,Not Picked,2
91,2024-01-01,Low,Not Picked,0
91,2024-01-02,Low,Not Picked,0
91,2024-01-03,Low,Not Picked,0
91,2024-01-04,High,Not Picked,1
91,2024-01-05,Low,Not Picked,0
91,2024-01-06,Low,Not Picked,0
91,2024-01-07,Medium,Not Picked,0
91,2024-01-08,Medium,Not Picked,0
91,2024-01-09,High,Not Picked,1
91,2024-01-10,Low,Picked,0
91,2024-01-11,Medium,Not Picked,0
91,2024-01-12,Medium,Picked,0
91,2024-01-13,Medium,Not Picked,1
91,2024-01-14,Low,Not Picked,0
91,2024-01-15,Medium,Not Picked,1
91,2024-01-16,Low,Not Picked,0
91,2024-01-17,Medium,Not Picked,0
91,2024-01-18,Medium,Not Picked,0
91,2024-01-19,Low,Not Picked,0
91,2024-01-20,High,Picked,0
91,2024-01-21,Medium,Not Picked,0
91,2024-01-22,Medium,Not Picked,1
91,2024-01-23,Medium,Not Picked,1
91,2024-01-24,Medium,Not Picked,1
91,2024-01-25,High,Picked,0
91,2024-01-26,Low,Picked,0
91,2024-01-27,Low,Not Picked,0
91,2024-01-28,Low,Not Picked,0
91,2024-01-29,Low,Not Picked,0
91,2024-01-30,Low,Not Picked,0
91,2024-01-31,Low,Not Picked,0
91,2024-02-01,High,Not Picked,2
91,2024-02-02,Low,Not Picked,2
91,2024-02-03,Medium,Picked,0
91,2024-02-04,High,Not Picked,1
91,2024-02-05,Medium,Not Picked,2
91,2024-02-06,High,Picked,0
91,2024-02-07,Medium,Not Picked,0
91,2024-02-08,Low,Not Picked,0
91,2024-02-09,Medium,Not Picked,1
91,2024-02-10,Medium,Picked,0
91,2024-02-11,Medium,Not Picked,1
91,2024-02-12,Low,Picked,0
91,2024-02-13,Low,Not Picked,0
91,2024-02-14,Medium,Not Picked,1
91,2024-02-15,Low,Not Picked,0
91,2024-02-16,High,Picked,0
91,2024-02-17,High,Picked,0
91,2024-02-18,Medium,Not Picked,0
91,2024-02-19,Medium,Not Picked,0
91,2024-02-20,Medium,Not Picked,0
91,2024-02-21,Medium,Not Picked,1
91,2024-02-22,Medium,Not Picked,1
91,2024-02-23,Medium,Picked,0
91,2024-02-24,Low,Not Picked,0
91,2024-02-25,Low,Picked,0
91,2024-02-26,Medium,Not Picked,0
91,2024-02-27,Low,Not Picked,0
91,2024-02-28,High,Not Picked,1
91,2024-02-29,Low,Picked,0
91,2024-03-01,Low,Picked,0
91,2024-03-02,High,Picked,0
91,2024-03-03,Low,Not Picked,0
91,2024-03-04,Medium,Picked,0
91,2024-03-05,Medium,Not Picked,1
91,2024-03-06,Medium,Picked,0
91,2024-03-07,Low,Not Picked,0
91,2024-03-08,Medium,Not Picked,0
91,2024-03-09,Low,Not Picked,0
91,2024-03-10,Low,Picked,0
91,2024-03-11,Low,Not Picked,0
91,2024-03-12,Low,Not Picked,0
91,2024-03-13,Medium,Not Picked,0
91,2024-03-14,Medium,Picked,0
91,2024-03-15,Medium,Not Picked,0
91,2024-03-16,Low,Not Picked,0
91,2024-03-17,Low,Not Picked,0
91,2024-03-18,Medium,Not Picked,1
91,2024-03-19,High,Not Picked,3
91,2024-03-20,Low,Not Picked,3
91,2024-03-21,Low,Picked,0
91,2024-03-22,Medium,Not Picked,0
91,2024-03-23,Medium,Not Picked,0
91,2024-03-24,Low,Not Picked,0
91,2024-03-25,Medium,Not Picked,0
91,2024-03-26,Medium,Not Picked,0
91,2024-03-27,Medium,Picked,0
91,2024-03-28,Medium,Picked,0
91,2024-03-29,Low,Picked,0
91,2024-03-30,Medium,Not Picked,0
91,2024-03-31,Low,Not Picked,0
91,2024-04-01,Low,Not Picked,0
91,2024-04-02,Medium,Not Picked,0
91,2024-04-03,Low,Not Picked,0
91,2024-04-04,Low,Not Picked,0
91,2024-04-05,Low,Not Picked,0
91,2024-04-06,Medium,Not Picked,0
91,2024-04-07,Medium,Picked,0
91,2024-04-08,Medium,Picked,0
91,2024-04-09,Medium,Not Picked,1
91,2024-04-10,High,Not Picked,3
91,2024-04-11,Medium,Not Picked,3
91,2024-04-12,Medium,Not Picked,3
91,2024-04-13,Medium,Not Picked,4
91,2024-04-14,Low,Not Picked,4
91,2024-04-15,Low,Picked,0
91,2024-04-16,Medium,Not Picked,0
91,2024-04-17,Low,Not Picked,0
91,2024-04-18,Medium,Not Picked,0
91,2024-04-19,High,Not Picked,1
91,2024-04-20,High,Picked,0
91,2024-04-21,High,Picked,0
91,2024-04-22,Low,Not Picked,0
91,2024-04-23,High,Not Picked,1
91,2024-04-24,High,Not Picked,2
91,2024-04-25,Low,Not Picked,2
91,2024-04-26,Low,Not Picked,1
91,2024-04-27,Low,Picked,0
91,2024-04-28,Low,Not Picked,0
91,2024-04-29,Low,Picked,0
92,2024-01-01,High,Picked,0
92,2024-01-02,Low,Not Picked,0
92,2024-01-03,High,Not Picked,2
92,2024-01-04,Low,Picked,0
92,2024-01-05,Medium,Picked,0
92,2024-01-06,Medium,Not Picked,0
92,2024-01-07,Medium,Not Picked,1
92,2024-01-08,Medium,Not Picked,1
92,2024-01-09,Medium,Not Picked,1
92,2024-01-10,High,Not Picked,2
92,2024-01-11,Medium,Not Picked,2
92,2024-01-12,High,Picked,0
92,2024-01-13,High,Not Picked,1
92,2024-01-14,Medium,Picked,0
92,2024-01-15,Medium,Picked,0
92,2024-01-16,High,Picked,0
92,2024-01-17,High,Picked,0
92,2024-01-18,Medium,Not Picked,0
92,2024-01-19,Low,Picked,0
92,2024-01-20,High,Picked,0
92,2024-01-21,Medium,Not Picked,1
92,2024-01-22,High,Picked,0
92,2024-01-23,Medium,Picked,0
92,2024-01-24,Low,Not Picked,0
92,2024-01-25,High,Not Picked,1
92,2024-01-26,Medium,Picked,0
92,2024-01-27,Medium,Picked,0
92,2024-01-28,Medium,Picked,0
92,2024-01-29,Medium,Not Picked,1
92,2024-01-30,High,Picked,0
92,2024-01-31,Medium,Not Picked,0
92,2024-02-01,Medium,Not Picked,0
92,2024-02-02,Medium,Not Picked,1
92,2024-02-03,Low,Not Picked,0
92,2024-02-04,Medium,Picked,0
92,2024-02-05,Low,Not Picked,0
92,2024-02-06,High,Not Picked,1
92,2024-02-07,Medium,Not Picked,2
92,2024-02-08,Low,Not Picked,1
92,2024-02-09,Low,Not Picked,1
92,2024-02-10,Medium,Not Picked,1
92,2024-02-11,High,Not Picked,2
92,2024-02-12,High,Picked,0
92,2024-02-13,High,Not Picked,1
92,2024-02-14,High,Picked,0
92,2024-02-15,High,Not Picked,2
92,2024-02-16,High,Not Picked,3
92,2024-02-17,High,Picked,0
92,2024-02-18,Medium,Picked,0
92,2024-02-19,Medium,Not Picked,1
92,2024-02-20,Medium,Picked,0
92,2024-02-21,Medium,Picked,0
92,2024-02-22,High,Picked,0
92,2024-02-23,Medium,Not Picked,0
92,2024-02-24,Medium,Picked,0
92,2024-02-25,Medium,Not Picked,0
92,2024-02-26,Low,Not Picked,0
92,2024-02-27,Medium,Not Picked,0
92,2024-02-28,Medium,Not Picked,0
92,2024-02-29,High,Not Picked,1
92,2024-03-01,High,Not Picked,3
92,2024-03-02,Low,Picked,0
92,2024-03-03,Medium,Not Picked,0
92,2024-03-04,High,Picked,0
92,2024-03-05,High,Picked,0
92,2024-03-06,High,Picked,0
92,2024-03-07,Low,Not Picked,0
92,2024-03-08,Medium,Not Picked,0
92,2024-03-09,Low,Not Picked,0
92,2024-03-10,High,Not Picked,1
92,2024-03-11,High,Picked,0
92,2024-03-12,High,Not Picked,2
92,2024-03-13,High,Picked,0
92,2024-03-14,High,Not Picked,1
92,2024-03-15,High,Picked,0
92,2024-03-16,Medium,Not Picked,1
92,2024-03-17,Medium,Not Picked,1
92,2024-03-18,High,Picked,0
92,2024-03-19,High,Not Picked,2
92,2024-03-20,Medium,Not Picked,3
92,2024-03-21,High,Picked,0
92,2024-03-22,High,Picked,0
92,2024-03-23,High,Picked,0
92,2024-03-24,High,Picked,0
92,2024-03-25,Medium,Not Picked,0
92,2024-03-26,High,Not Picked,2
92,2024-03-27,High,Picked,0
92,2024-03-28,High,Not Picked,2
92,2024-03-29,Medium,Picked,0
92,2024-03-30,Medium,Not Picked,1
92,2024-03-31,High,Picked,0
92,2024-04-01,High,Not Picked,1
92,2024-04-02,High,Not Picked,3
92,2024-04-03,High,Picked,0
92,2024-04-04,High,Picked,0
92,2024-04-05,Low,Not Picked,0
92,2024-04-06,Medium,Not Picked,1
92,2024-04-07,High,Not Picked,3
92,2024-04-08,High,Picked,0
92,2024-04-09,Medium,Picked,0
92,2024-04-10,High,Not Picked,2
92,2024-04-11,High,Picked,0
92,2024-04-12,High,Picked,0
92,2024-04-13,Medium,Not Picked,0
92,2024-04-14,High,Not Picked,2
92,2024-04-15,Low,Picked,0
92,2024-04-16,Low,Not Picked,0
92,2024-04-17,High,Picked,0
92,2024-04-18,High,Not Picked,1
92,2024-04-19,Medium,Not Picked,1
92,2024-04-20,High,Not Picked,2
92,2024-04-21,Low,Not Picked,2
92,2024-04-22,Low,Picked,0
92,2024-04-23,High,Picked,0
92,2024-04-24,Low,Not Picked,0
92,2024-04-25,High,Not Picked,1
92,2024-04-26,High,Not Picked,3
92,2024-04-27,Medium,Picked,0
92,2024-04-28,Low,Not Picked,0
92,2024-04-29,Medium,Not Picked,0
93,2024-01-01,Medium,Not Picked,1
93,2024-01-02,High,Not Picked,3
93,2024-01-03,High,Picked,0
93,2024-01-04,High,Picked,0
93,2024-01-05,High,Picked,0
93,2024-01-06,Medium,Not Picked,0
93,2024-01-07,Low,Not Picked,0
93,2024-01-08,Low,Not Picked,0
93,2024-01-09,High,Picked,0
93,2024-01-10,High,Not Picked,2
93,2024-01-11,Medium,Not Picked,3
93,2024-01-12,Medium,Picked,0
93,2024-01-13,High,Not Picked,1
93,2024-01-14,Medium,Not Picked,1
93,2024-01-15,High,Picked,0
93,2024-01-16,High,Picked,0
93,2024-01-17,High,Picked,0
93,2024-01-18,Medium,Not Picked,1
93,2024-01-19,Medium,Not Picked,2
93,2024-01-20,Medium,Not Picked,2
93,2024-01-21,High,Not Picked,3
93,2024-01-22,High,Picked,0
93,2024-01-23,High,Not Picked,1
93,2024-01-24,High,Picked,0
93,2024-01-25,Medium,Not Picked,1
93,2024-01-26,High,Not Picked,3
93,2024-01-27,Low,Picked,0
93,2024-01-28,Medium,Not Picked,1
93,2024-01-29,Medium,Not Picked,2
93,2024-01-30,Medium,Picked,0
93,2024-01-31,Medium,Not Picked,0
93,2024-02-01,Medium,Not Picked,0
93,2024-02-02,High,Not Picked,1
93,2024-02-03,Low,Not Picked,1
93,2024-02-04,High,Not Picked,2
93,2024-02-05,High,Not Picked,3
93,2024-02-06,High,Not Picked,5
93,2024-02-07,High,Picked,0
93,2024-02-08,Medium,Not Picked,0
93,2024-02-09,Medium,Picked,0
93,2024-02-10,Low,Not Picked,0
93,2024-02-11,High,Not Picked,2
93,2024-02-12,Medium,Not Picked,3
93,2024-02-13,Medium,Picked,0
93,2024-02-14,High,Picked,0
93,2024-02-15,High,Not Picked,1
93,2024-02-16,High,Not Picked,3
93,2024-02-17,Medium,Picked,0
93,2024-02-18,High,Not Picked,2
93,2024-02-19,High,Not Picked,4
93,2024-02-20,Medium,Picked,0
93,2024-02-21,Medium,Not Picked,0
93,2024-02-22,High,Not Picked,2
93,2024-02-23,Medium,Picked,0
93,2024-02-24,Medium,Not Picked,1
93,2024-02-25,High,Not Picked,3
93,2024-02-26,High,Not Picked,4
93,2024-02-27,High,Picked,0
93,2024-02-28,Low,Not Picked,0
93,2024-02-29,High,Not Picked,2
93,2024-03-01,High,Not Picked,3
93,2024-03-02,Medium,Picked,0
93,2024-03-03,High,Picked,0
93,2024-03-04,Medium,Picked,0
93,2024-03-05,High,Not Picked,2
93,2024-03-06,Low,Not Picked,2
93,2024-03-07,Medium,Picked,0
93,2024-03-08,Medium,Not Picked,0
93,2024-03-09,Low,Not Picked,0
93,2024-03-10,Medium,Not Picked,0
93,2024-03-11,Low,Not Picked,0
93,2024-03-12,High,Not Picked,2
93,2024-03-13,Medium,Picked,0
93,2024-03-14,Medium,Not Picked,0
93,2024-03-15,Medium,Not Picked,0
93,2024-03-16,High,Not Picked,1
93,2024-03-17,High,Picked,0
93,2024-03-18,High,Not Picked,1
93,2024-03-19,High,Not Picked,3
93,2024-03-20,High,Picked,0
93,2024-03-21,High,Not Picked,1
93,2024-03-22,Medium,Picked,0
93,2024-03-23,Low,Not Picked,0
93,2024-03-24,Medium,Not Picked,0
93,2024-03-25,Medium,Not Picked,1
93,2024-03-26,High,Not Picked,3
93,2024-03-27,High,Picked,0
93,2024-03-28,Low,Not Picked,0
93,2024-03-29,Low,Not Picked,0
93,2024-03-30,Medium,Not Picked,0
93,2024-03-31,Medium,Not Picked,0
93,2024-04-01,Medium,Not Picked,0
93,2024-04-02,Low,Picked,0
93,2024-04-03,High,Not Picked,1
93,2024-04-04,High,Picked,0
93,2024-04-05,High,Picked,0
93,2024-04-06,High,Not Picked,1
93,2024-04-07,High,Picked,0
93,2024-04-08,Medium,Not Picked,0
93,2024-04-09,High,Not Picked,2
93,2024-04-10,Low,Not Picked,1
93,2024-04-11,Low,Not Picked,0
93,2024-04-12,Medium,Picked,0
93,2024-04-13,High,Not Picked,1
93,2024-04-14,High,Not Picked,2
93,2024-04-15,High,Picked,0
93,2024-04-16,Medium,Picked,0
93,2024-04-17,Medium,Not Picked,0
93,2024-04-18,High,Not Picked,2
93,2024-04-19,High,Picked,0
93,2024-04-20,High,Not Picked,1
93,2024-04-21,Medium,Picked,0
93,2024-04-22,High,Picked,0
93,2024-04-23,Medium,Not Picked,1
93,2024-04-24,High,Picked,0
93,2024-04-25,High,Not Picked,1
93,2024-04-26,Medium,Not Picked,1
93,2024-04-27,Low,Not Picked,1
93,2024-04-28,High,Picked,0
93,2024-04-29,Medium,Picked,0
94,2024-01-01,Low,Not Picked,0
94,2024-01-02,Low,Not Picked,0
94,2024-01-03,High,Picked,0
94,2024-01-04,Low,Not Picked,0
94,2024-01-05,Medium,Not Picked,1
94,2024-01-06,Low,Picked,0
94,2024-01-07,Medium,Not Picked,1
94,2024-01-08,Low,Not Picked,1
94,2024-01-09,Low,Not Picked,1
94,2024-01-10,Low,Picked,0
94,2024-01-11,Medium,Not Picked,0
94,2024-01-12,Low,Not Picked,0
94,2024-01-13,Medium,Not Picked,1
94,2024-01-14,Low,Not Picked,1
94,2024-01-15,High,Picked,0
94,2024-01-16,Low,Not Picked,0
94,2024-01-17,Low,Not Picked,0
94,2024-01-18,Low,Not Picked,0
94,2024-01-19,Low,Not Picked,0
94,2024-01-20,Medium,Not Picked,0
94,2024-01-21,Low,Not Picked,0
94,2024-01-22,Medium,Not Picked,0
94,2024-01-23,Medium,Not Picked,1
94,2024-01-24,Medium,Not Picked,1
94,2024-01-25,Medium,Not Picked,1
94,2024-01-26,Medium,Not Picked,1
94,2024-01-27,Low,Picked,0
94,2024-01-28,Low,Picked,0
94,2024-01-29,Medium,Not Picked,1
94,2024-01-30,Low,Not Picked,1
94,2024-01-31,Medium,Picked,0
94,2024-02-01,Low,Not Picked,0
94,2024-02-02,Medium,Not Picked,0
94,2024-02-03,Medium,Not Picked,0
94,2024-02-04,Medium,Not Picked,0
94,2024-02-05,Medium,Not Picked,0
94,2024-02-06,Medium,Not Picked,1
94,2024-02-07,Medium,Not Picked,2
94,2024-02-08,High,Not Picked,3
94,2024-02-09,Medium,Picked,0
94,2024-02-10,High,Not Picked,2
94,2024-02-11,Low,Not Picked,2
94,2024-02-12,Low,Picked,0
94,2024-02-13,Medium,Not Picked,0
94,2024-02-14,Low,Not Picked,0
94,2024-02-15,Medium,Not Picked,1
94,2024-02-16,Low,Picked,0
94,2024-02-17,Medium,Not Picked,0
94,2024-02-18,Low,Not Picked,0
94,2024-02-19,Medium,Not Picked,1
94,2024-02-20,Medium,Not Picked,2
94,2024-02-21,Low,Not Picked,1
94,2024-02-22,Low,Not Picked,1
94,2024-02-23,Medium,Not Picked,1
94,2024-02-24,Low,Not Picked,0
94,2024-02-25,Medium,Picked,0
94,2024-02-26,Low,Not Picked,0
94,2024-02-27,High,Picked,0
94,2024-02-28,Medium,Not Picked,0
94,2024-02-29,Medium,Not Picked,1
94,2024-03-01,Medium,Not Picked,1
94,2024-03-02,Medium,Not Picked,2
94,2024-03-03,High,Picked,0
94,2024-03-04,Low,Not Picked,0
94,2024-03-05,Low,Not Picked,0
94,2024-03-06,Low,Picked,0
94,2024-03-07,Medium,Picked,0
94,2024-03-08,Medium,Not Picked,1
94,2024-03-09,Medium,Picked,0
94,2024-03-10,Low,Not Picked,0
94,2024-03-11,Medium,Picked,0
94,2024-03-12,Low,Picked,0
94,2024-03-13,Low,Not Picked,0
94,2024-03-14,Low,Not Picked,0
94,2024-03-15,Medium,Not Picked,1
94,2024-03-16,Low,Not Picked,0
94,2024-03-17,Medium,Not Picked,1
94,2024-03-18,Medium,Picked,0
94,2024-03-19,Low,Not Picked,0
94,2024-03-20,Low,Picked,0
94,2024-03-21,High,Not Picked,1
94,2024-03-22,High,Not Picked,3
94,2024-03-23,Medium,Picked,0
94,2024-03-24,Medium,Not Picked,1
94,2024-03-25,Low,Picked,0
94,2024-03-26,Low,Picked,0
94,2024-03-27,Low,Not Picked,0
94,2024-03-28,Medium,Not Picked,1
94,2024-03-29,Low,Not Picked,0
94,2024-03-30,High,Not Picked,2
94,2024-03-31,Medium,Picked,0
94,2024-04-01,Low,Picked,0
94,2024-04-02,Medium,Not Picked,1
94,2024-04-03,Low,Not Picked,1
94,2024-04-04,Low,Not Picked,1
94,2024-04-05,Medium,Not Picked,1
94,2024-04-06,Low,Picked,0
94,2024-04-07,Medium,Not Picked,0
94,2024-04-08,Low,Not Picked,0
94,2024-04-09,Low,Picked,0
94,2024-04-10,Low,Not Picked,0
94,2024-04-11,Medium,Not Picked,0
94,2024-04-12,Low,Picked,0
94,2024-04-13,Medium,Not Picked,0
94,2024-04-14,Low,Not Picked,0
94,2024-04-15,Medium,Picked,0
94,2024-04-16,High,Picked,0
94,2024-04-17,High,Not Picked,1
94,2024-04-18,Low,Not Picked,0
94,2024-04-19,Low,Not Picked,0
94,2024-04-20,Low,Not Picked,0
94,2024-04-21,Low,Not Picked,0
94,2024-04-22,Low,Picked,0
94,2024-04-23,Low,Not Picked,0
94,2024-04-24,Medium,Not Picked,0
94,2024-04-25,Low,Not Picked,0
94,2024-04-26,Low,Not Picked,0
94,2024-04-27,High,Picked,0
94,2024-04-28,Low,Not Picked,0
94,2024-04-29,Low,Not Picked,0
95,2024-01-01,Medium,Not Picked,0
95,2024-01-02,High,Picked,0
95,2024-01-03,Medium,Not Picked,0
95,2024-01-04,High,Picked,0
95,2024-01-05,Medium,Not Picked,1
95,2024-01-06,Medium,Not Picked,2
95,2024-01-07,Medium,Picked,0
95,2024-01-08,High,Not Picked,2
95,2024-01-09,Medium,Picked,0
95,2024-01-10,Medium,Picked,0
95,2024-01-11,High,Not Picked,1
95,2024-01-12,High,Not Picked,3
95,2024-01-13,Medium,Picked,0
95,2024-01-14,High,Not Picked,1
95,2024-01-15,Medium,Not Picked,1
95,2024-01-16,Medium,Picked,0
95,2024-01-17,Medium,Not Picked,0
95,2024-01-18,Medium,Picked,0
95,2024-01-19,Medium,Not Picked,0
95,2024-01-20,Medium,Picked,0
95,2024-01-21,Medium,Not Picked,1
95,2024-01-22,Medium,Not Picked,1
95,2024-01-23,High,Picked,0
95,2024-01-24,Medium,Not Picked,0
95,2024-01-25,High,Picked,0
95,2024-01-26,High,Not Picked,1
95,2024-01-27,High,Picked,0
95,2024-01-28,High,Not Picked,1
95,2024-01-29,High,Picked,0
95,2024-01-30,Medium,Picked,0
95,2024-01-31,Medium,Not Picked,0
95,2024-02-01,High,Picked,0
95,2024-02-02,High,Picked,0
95,2024-02-03,High,Not Picked,1
95,2024-02-04,High,Not Picked,2
95,2024-02-05,High,Not Picked,4
95,2024-02-06,High,Picked,0
95,2024-02-07,High,Not Picked,1
95,2024-02-08,High,Picked,0
95,2024-02-09,Medium,Not Picked,1
95,2024-02-10,High,Not Picked,3
95,2024-02-11,Medium,Picked,0
95,2024-02-12,Low,Picked,0
95,2024-02-13,Medium,Not Picked,1
95,2024-02-14,Low,Not Picked,0
95,2024-02-15,Medium,Not Picked,0
95,2024-02-16,High,Picked,0
95,2024-02-17,Medium,Not Picked,1
95,2024-02-18,High,Picked,0
95,2024-02-19,High,Not Picked,1
95,2024-02-20,High,Not Picked,3
95,2024-02-21,Medium,Picked,0
95,2024-02-22,High,Not Picked,1
95,2024-02-23,Medium,Picked,0
95,2024-02-24,High,Picked,0
95,2024-02-25,Low,Not Picked,0
95,2024-02-26,High,Picked,0
95,2024-02-27,High,Not Picked,1
95,2024-02-28,Medium,Not Picked,2
95,2024-02-29,High,Picked,0
95,2024-03-01,Medium,Not Picked,0
95,2024-03-02,High,Not Picked,2
95,2024-03-03,High,Picked,0
95,2024-03-04,High,Picked,0
95,2024-03-05,High,Picked,0
95,2024-03-06,High,Picked,0
95,2024-03-07,High,Not Picked,1
95,2024-03-08,Medium,Picked,0
95,2024-03-09,High,Not Picked,2
95,2024-03-10,Medium,Picked,0
95,2024-03-11,High,Not Picked,1
95,2024-03-12,High,Picked,0
95,2024-03-13,Medium,Picked,0
95,2024-03-14,High,Picked,0
95,2024-03-15,High,Not Picked,1
95,2024-03-16,High,Not Picked,2
95,2024-03-17,Low,Not Picked,2
95,2024-03-18,High,Picked,0
95,2024-03-19,High,Picked,0
95,2024-03-20,High,Picked,0
95,2024-03-21,Medium,Not Picked,1
95,2024-03-22,Low,Picked,0
95,2024-03-23,High,Not Picked,2
95,2024-03-24,High,Picked,0
95,2024-03-25,Medium,Picked,0
95,2024-03-26,High,Not Picked,2
95,2024-03-27,Low,Not Picked,2
95,2024-03-28,Low,Not Picked,2
95,2024-03-29,High,Picked,0
95,2024-03-30,Medium,Not Picked,0
95,2024-03-31,High,Not Picked,2
95,2024-04-01,High,Picked,0
95,2024-04-02,High,Picked,0
95,2024-04-03,High,Picked,0
95,2024-04-04,High,Not Picked,2
95,2024-04-05,Medium,Not Picked,2
95,2024-04-06,Medium,Not Picked,2
95,2024-04-07,Medium,Not Picked,2
95,2024-04-08,High,Picked,0
95,2024-04-09,High,Picked,0
95,2024-04-10,High,Not Picked,1
95,2024-04-11,High,Picked,0
95,2024-04-12,High,Picked,0
95,2024-04-13,High,Not Picked,1
95,2024-04-14,High,Picked,0
95,2024-04-15,High,Not Picked,1
95,2024-04-16,High,Not Picked,2
95,2024-04-17,Medium,Picked,0
95,2024-04-18,Medium,Not Picked,0
95,2024-04-19,High,Picked,0
95,2024-04-20,High,Picked,0
95,2024-04-21,High,Not Picked,1
95,2024-04-22,High,Not Picked,2
95,2024-04-23,Medium,Not Picked,2
95,2024-04-24,Low,Not Picked,1
95,2024-04-25,Medium,Not Picked,1
95,2024-04-26,Medium,Not Picked,2
95,2024-04-27,High,Picked,0
95,2024-04-28,Medium,Not Picked,1
95,2024-04-29,Medium,Not Picked,2
96,2024-01-01,Medium,Picked,0
96,2024-01-02,Low,Not Picked,0
96,2024-01-03,Medium,Picked,0
96,2024-01-04,High,Picked,0
96,2024-01-05,High,Picked,0
96,2024-01-06,High,Not Picked,2
96,2024-01-07,Medium,Picked,0
96,2024-01-08,Low,Not Picked,0
96,2024-01-09,Low,Not Picked,0
96,2024-01-10,Medium,Not Picked,1
96,2024-01-11,Low,Not Picked,0
96,2024-01-12,Low,Not Picked,0
96,2024-01-13,Low,Not Picked,0
96,2024-01-14,Low,Not Picked,0
96,2024-01-15,Low,Not Picked,0
96,2024-01-16,Low,Not Picked,0
96,2024-01-17,Low,Not Picked,0
96,2024-01-18,Medium,Not Picked,0
96,2024-01-19,Medium,Not Picked,1
96,2024-01-20,Medium,Picked,0
96,2024-01-21,Low,Picked,0
96,2024-01-22,Low,Not Picked,0
96,2024-01-23,Low,Picked,0
96,2024-01-24,Medium,Picked,0
96,2024-01-25,Medium,Not Picked,0
96,2024-01-26,Low,Picked,0
96,2024-01-27,Medium,Picked,0
96,2024-01-28,Medium,Not Picked,1
96,2024-01-29,Low,Not Picked,0
96,2024-01-30,Low,Not Picked,0
96,2024-01-31,Medium,Not Picked,1
96,2024-02-01,Medium,Not Picked,1
96,2024-02-02,Medium,Not Picked,2
96,2024-02-03,High,Not Picked,4
96,2024-02-04,Medium,Not Picked,4
96,2024-02-05,Low,Not Picked,4
96,2024-02-06,Low,Picked,0
96,2024-02-07,Medium,Not Picked,0
96,2024-02-08,High,Picked,0
96,2024-02-09,Medium,Not Picked,1
96,2024-02-10,Low,Not Picked,0
96,2024-02-11,Medium,Not Picked,1
96,2024-02-12,Low,Not Picked,0
96,2024-02-13,Low,Not Picked,0
96,2024-02-14,Medium,Picked,0
96,2024-02-15,Medium,Not Picked,1
96,2024-02-16,Low,Picked,0
96,2024-02-17,Medium,Not Picked,1
96,2024-02-18,Low,Not Picked,0
96,2024-02-19,Low,Not Picked,0
96,2024-02-20,Medium,Picked,0
96,2024-02-21,Low,Not Picked,0
96,2024-02-22,Medium,Picked,0
96,2024-02-23,Medium,Not Picked,1
96,2024-02-24,Low,Not Picked,0
96,2024-02-25,Medium,Picked,0
96,2024-02-26,Low,Not Picked,0
96,2024-02-27,Low,Not Picked,0
96,2024-02-28,Low,Not Picked,0
96,2024-02-29,Low,Not Picked,0
96,2024-03-01,High,Not Picked,2
96,2024-03-02,Low,Not Picked,1
96,2024-03-03,Low,Picked,0
96,2024-03-04,Low,Not Picked,0
96,2024-03-05,Medium,Picked,0
96,2024-03-06,Medium,Not Picked,1
96,2024-03-07,Low,Not Picked,1
96,2024-03-08,Medium,Not Picked,1
96,2024-03-09,Low,Not Picked,0
96,2024-03-10,Low,Picked,0
96,2024-03-11,Low,Not Picked,0
96,2024-03-12,Low,Not Picked,0
96,2024-03-13,Low,Not Picked,0
96,2024-03-14,Low,Not Picked,0
96,2024-03-15,Medium,Not Picked,0
96,2024-03-16,Low,Not Picked,0
96,2024-03-17,Medium,Not Picked,0
96,2024-03-18,Medium,Not Picked,1
96,2024-03-19,High,Picked,0
96,2024-03-20,Medium,Not Picked,0
96,2024-03-21,Medium,Not Picked,1
96,2024-03-22,Medium,Picked,0
96,2024-03-23,Low,Not Picked,0
96,2024-03-24,Low,Not Picked,0
96,2024-03-25,Low,Not Picked,0
96,2024-03-26,High,Not Picked,1
96,2024-03-27,Medium,Picked,0
96,2024-03-28,Medium,Picked,0
96,2024-03-29,Medium,Picked,0
96,2024-03-30,Medium,Not Picked,0
96,2024-03-31,Low,Not Picked,0
96,2024-04-01,Low,Picked,0
96,2024-04-02,Medium,Not Picked,1
96,2024-04-03,Low,Not Picked,0
96,2024-04-04,Low,Not Picked,0
96,2024-04-05,Low,Not Picked,0
96,2024-04-06,Low,Picked,0
96,2024-04-07,Low,Not Picked,0
96,2024-04-08,Medium,Not Picked,1
96,2024-04-09,Low,Not Picked,1
96,2024-04-10,Medium,Not Picked,1
96,2024-04-11,Medium,Not Picked,1
96,2024-04-12,Low,Picked,0
96,2024-04-13,Medium,Not Picked,1
96,2024-04-14,Medium,Not Picked,1
96,2024-04-15,Low,Picked,0
96,2024-04-16,Medium,Not Picked,1
96,2024-04-17,High,Picked,0
96,2024-04-18,Medium,Not Picked,0
96,2024-04-19,Low,Not Picked,0
96,2024-04-20,Medium,Not Picked,0
96,2024-04-21,Medium,Picked,0
96,2024-04-22,High,Picked,0
96,2024-04-23,Low,Not Picked,0
96,2024-04-24,Low,Not Picked,0
96,2024-04-25,Low,Not Picked,0
96,2024-04-26,Low,Not Picked,0
96,2024-04-27,Low,Picked,0
96,2024-04-28,Medium,Not Picked,0
96,2024-04-29,Medium,Not Picked,0
97,2024-01-01,Medium,Not Picked,0
97,2024-01-02,Medium,Picked,0
97,2024-01-03,Low,Not Picked,0
97,2024-01-04,Medium,Picked,0
97,2024-01-05,Low,Not Picked,0
97,2024-01-06,High,Not Picked,2
97,2024-01-07,Medium,Not Picked,2
97,2024-01-08,Medium,Not Picked,2
97,2024-01-09,Medium,Picked,0
97,2024-01-10,High,Not Picked,2
97,2024-01-11,Medium,Picked,0
97,2024-01-12,Low,Not Picked,0
97,2024-01-13,Low,Picked,0
97,2024-01-14,Low,Picked,0
97,2024-01-15,Medium,Not Picked,0
97,2024-01-16,Low,Not Picked,0
97,2024-01-17,Medium,Not Picked,1
97,2024-01-18,Low,Not Picked,0
97,2024-01-19,Medium,Not Picked,0
97,2024-01-20,Low,Not Picked,0
97,2024-01-21,Low,Not Picked,0
97,2024-01-22,Medium,Not Picked,0
97,2024-01-23,Low,Not Picked,0
97,2024-01-24,Medium,Not Picked,1
97,2024-01-25,Medium,Picked,0
97,2024-01-26,Medium,Not Picked,1
97,2024-01-27,Medium,Picked,0
97,2024-01-28,Medium,Not Picked,0
97,2024-01-29,Medium,Not Picked,0
97,2024-01-30,Medium,Not Picked,1
97,2024-01-31,Medium,Not Picked,2
97,2024-02-01,Low,Picked,0
97,2024-02-02,Medium,Not Picked,0
97,2024-02-03,Medium,Not Picked,1
97,2024-02-04,Low,Not Picked,0
97,2024-02-05,Medium,Not Picked,0
97,2024-02-06,High,Not Picked,1
97,2024-02-07,Medium,Not Picked,2
97,2024-02-08,Low,Not Picked,2
97,2024-02-09,Low,Not Picked,2
97,2024-02-10,Medium,Not Picked,2
97,2024-02-11,Low,Not Picked,2
97,2024-02-12,Medium,Not Picked,3
97,2024-02-13,Low,Picked,0
97,2024-02-14,High,Not Picked,2
97,2024-02-15,Medium,Picked,0
97,2024-02-16,Medium,Not Picked,0
97,2024-02-17,Low,Not Picked,0
97,2024-02-18,Medium,Picked,0
97,2024-02-19,Medium,Not Picked,0
97,2024-02-20,Low,Not Picked,0
97,2024-02-21,Medium,Not Picked,0
97,2024-02-22,Low,Picked,0
97,2024-02-23,Medium,Not Picked,1
97,2024-02-24,High,Picked,0
97,2024-02-25,Medium,Not Picked,0
97,2024-02-26,Medium,Not Picked,0
97,2024-02-27,Medium,Not Picked,0
97,2024-02-28,Low,Not Picked,0
97,2024-02-29,Medium,Not Picked,1
97,2024-03-01,Low,Not Picked,0
97,2024-03-02,Low,Not Picked,0
97,2024-03-03,High,Not Picked,1
97,2024-03-04,Low,Not Picked,0
97,2024-03-05,Low,Picked,0
97,2024-03-06,High,Picked,0
97,2024-03-07,Medium,Not Picked,0
97,2024-03-08,Medium,Not Picked,0
97,2024-03-09,Medium,Picked,0
97,2024-03-10,Medium,Not Picked,0
97,2024-03-11,High,Picked,0
97,2024-03-12,Medium,Not Picked,0
97,2024-03-13,Low,Not Picked,0
97,2024-03-14,High,Not Picked,1
97,2024-03-15,Low,Not Picked,1
97,2024-03-16,Medium,Picked,0
97,2024-03-17,Low,Not Picked,0
97,2024-03-18,High,Not Picked,2
97,2024-03-19,Medium,Picked,0
97,2024-03-20,High,Not Picked,1
97,2024-03-21,Low,Picked,0
97,2024-03-22,Medium,Not Picked,1
97,2024-03-23,Low,Not Picked,1
97,2024-03-24,Medium,Picked,0
97,2024-03-25,Medium,Not Picked,1
97,2024-03-26,High,Not Picked,3
97,2024-03-27,High,Picked,0
97,2024-03-28,Medium,Not Picked,0
97,2024-03-29,Medium,Picked,0
97,2024-03-30,Medium,Not Picked,1
97,2024-03-31,Low,Picked,0
97,2024-04-01,Low,Not Picked,0
97,2024-04-02,Medium,Not Picked,0
97,2024-04-03,Medium,Not Picked,0
97,2024-04-04,High,Picked,0
97,2024-04-05,Low,Picked,0
97,2024-04-06,Low,Not Picked,0
97,2024-04-07,Low,Not Picked,0
97,2024-04-08,Low,Not Picked,0
97,2024-04-09,Medium,Not Picked,1
97,2024-04-10,Low,Not Picked,0
97,2024-04-11,High,Picked,0
97,2024-04-12,Medium,Not Picked,0
97,2024-04-13,Low,Not Picked,0
97,2024-04-14,Low,Not Picked,0
97,2024-04-15,Medium,Not Picked,1
97,2024-04-16,Medium,Picked,0
97,2024-04-17,Low,Not Picked,0
97,2024-04-18,Medium,Not Picked,0
97,2024-04-19,Medium,Picked,0
97,2024-04-20,Low,Not Picked,0
97,2024-04-21,Medium,Not Picked,0
97,2024-04-22,Low,Not Picked,0
97,2024-04-23,High,Not Picked,2
97,2024-04-24,Medium,Not Picked,3
97,2024-04-25,Low,Not Picked,2
97,2024-04-26,Low,Not Picked,1
97,2024-04-27,Medium,Not Picked,2
97,2024-04-28,Medium,Not Picked,2
97,2024-04-29,Medium,Picked,0
98,2024-01-01,High,Not Picked,1
98,2024-01-02,Medium,Not Picked,2
98,2024-01-03,Medium,Not Picked,2
98,2024-01-04,High,Picked,0
98,2024-01-05,Low,Not Picked,0
98,2024-01-06,Low,Not Picked,0
98,2024-01-07,Medium,Not Picked,0
98,2024-01-08,Low,Not Picked,0
98,2024-01-09,Medium,Not Picked,0
98,2024-01-10,High,Not Picked,2
98,2024-01-11,High,Picked,0
98,2024-01-12,Low,Not Picked,0
98,2024-01-13,High,Picked,0
98,2024-01-14,Medium,Picked,0
98,2024-01-15,High,Picked,0
98,2024-01-16,Low,Not Picked,0
98,2024-01-17,Medium,Not Picked,1
98,2024-01-18,Medium,Picked,0
98,2024-01-19,Medium,Not Picked,0
98,2024-01-20,Medium,Not Picked,0
98,2024-01-21,Medium,Not Picked,0
98,2024-01-22,Low,Not Picked,0
98,2024-01-23,High,Picked,0
98,2024-01-24,Medium,Picked,0
98,2024-01-25,Medium,Picked,0
98,2024-01-26,Medium,Not Picked,1
98,2024-01-27,Low,Not Picked,0
98,2024-01-28,Low,Not Picked,0
98,2024-01-29,High,Picked,0
98,2024-01-30,Low,Picked,0
98,2024-01-31,Low,Not Picked,0
98,2024-02-01,Medium,Not Picked,1
98,2024-02-02,Medium,Not Picked,2
98,2024-02-03,Low,Picked,0
98,2024-02-04,Medium,Not Picked,1
98,2024-02-05,Medium,Picked,0
98,2024-02-06,Low,Not Picked,0
98,2024-02-07,Low,Not Picked,0
98,2024-02-08,Low,Not Picked,0
98,2024-02-09,Low,Not Picked,0
98,2024-02-10,Medium,Not Picked,0
98,2024-02-11,Medium,Not Picked,0
98,2024-02-12,High,Picked,0
98,2024-02-13,Medium,Picked,0
98,2024-02-14,High,Not Picked,1
98,2024-02-15,Medium,Picked,0
98,2024-02-16,Medium,Not Picked,0
98,2024-02-17,Low,Not Picked,0
98,2024-02-18,Low,Not Picked,0
98,2024-02-19,Medium,Picked,0
98,2024-02-20,Medium,Not Picked,0
98,2024-02-21,Low,Not Picked,0
98,2024-02-22,Low,Not Picked,0
98,2024-02-23,Medium,Not Picked,1
98,2024-02-24,Medium,Not Picked,2
98,2024-02-25,Low,Picked,0
98,2024-02-26,Low,Not Picked,0
98,2024-02-27,Low,Not Picked,0
98,2024-02-28,Low,Not Picked,0
98,2024-02-29,Low,Not Picked,0
98,2024-03-01,Low,Not Picked,0
98,2024-03-02,High,Not Picked,1
98,2024-03-03,High,Picked,0
98,2024-03-04,Low,Not Picked,0
98,2024-03-05,Medium,Not Picked,0
98,2024-03-06,Medium,Not Picked,0
98,2024-03-07,Low,Not Picked,0
98,2024-03-08,Medium,Not Picked,0
98,2024-03-09,Medium,Not Picked,0
98,2024-03-10,Medium,Not Picked,1
98,2024-03-11,High,Picked,0
98,2024-03-12,High,Picked,0
98,2024-03-13,High,Not Picked,2
98,2024-03-14,Low,Picked,0
98,2024-03-15,Medium,Not Picked,1
98,2024-03-16,Medium,Not Picked,2
98,2024-03-17,Medium,Not Picked,3
98,2024-03-18,Low,Not Picked,2
98,2024-03-19,Low,Not Picked,2
98,2024-03-20,Low,Picked,0
98,2024-03-21,High,Not Picked,1
98,2024-03-22,Low,Picked,0
98,2024-03-23,Medium,Not Picked,0
98,2024-03-24,Medium,Not Picked,0
98,2024-03-25,High,Picked,0
98,2024-03-26,High,Picked,0
98,2024-03-27,High,Picked,0
98,2024-03-28,Medium,Not Picked,1
98,2024-03-29,Medium,Not Picked,2
98,2024-03-30,Medium,Picked,0
98,2024-03-31,Low,Not Picked,0
98,2024-04-01,Low,Not Picked,0
98,2024-04-02,High,Not Picked,2
98,2024-04-03,Low,Not Picked,1
98,2024-04-04,Medium,Not Picked,2
98,2024-04-05,High,Picked,0
98,2024-04-06,High,Picked,0
98,2024-04-07,High,Picked,0
98,2024-04-08,Low,Not Picked,0
98,2024-04-09,High,Not Picked,1
98,2024-04-10,Low,Not Picked,0
98,2024-04-11,Medium,Not Picked,0
98,2024-04-12,Low,Picked,0
98,2024-04-13,Medium,Not Picked,0
98,2024-04-14,Low,Not Picked,0
98,2024-04-15,Medium,Not Picked,1
98,2024-04-16,Low,Not Picked,0
98,2024-04-17,Medium,Not Picked,1
98,2024-04-18,Medium,Not Picked,2
98,2024-04-19,High,Picked,0
98,2024-04-20,High,Picked,0
98,2024-04-21,High,Not Picked,2
98,2024-04-22,Low,Not Picked,1
98,2024-04-23,Low,Not Picked,1
98,2024-04-24,High,Not Picked,3
98,2024-04-25,Medium,Picked,0
98,2024-04-26,High,Picked,0
98,2024-04-27,Low,Picked,0
98,2024-04-28,Low,Not Picked,0
98,2024-04-29,Medium,Picked,0
99,2024-01-01,Low,Not Picked,0
99,2024-01-02,High,Picked,0
99,2024-01-03,High,Not Picked,2
99,2024-01-04,High,Not Picked,3
99,2024-01-05,Medium,Picked,0
99,2024-01-06,Low,Not Picked,0
99,2024-01-07,Low,Picked,0
99,2024-01-08,High,Picked,0
99,2024-01-09,Medium,Not Picked,0
99,2024-01-10,Medium,Not Picked,1
99,2024-01-11,Low,Not Picked,1
99,2024-01-12,Medium,Not Picked,1
99,2024-01-13,Medium,Not Picked,2
99,2024-01-14,Medium,Not Picked,3
99,2024-01-15,Low,Not Picked,2
99,2024-01-16,Medium,Picked,0
99,2024-01-17,Medium,Picked,0
99,2024-01-18,Medium,Not Picked,1
99,2024-01-19,Low,Picked,0
99,2024-01-20,Medium,Not Picked,1
99,2024-01-21,Low,Picked,0
99,2024-01-22,High,Not Picked,1
99,2024-01-23,High,Not Picked,2
99,2024-01-24,High,Not Picked,3
99,2024-01-25,Low,Picked,0
99,2024-01-26,Medium,Picked,0
99,2024-01-27,Medium,Picked,0
99,2024-01-28,Medium,Not Picked,0
99,2024-01-29,Low,Picked,0
99,2024-01-30,Low,Not Picked,0
99,2024-01-31,Medium,Not Picked,1
99,2024-02-01,Low,Not Picked,1
99,2024-02-02,Medium,Not Picked,1
99,2024-02-03,Low,Not Picked,0
99,2024-02-04,Low,Not Picked,0
99,2024-02-05,Low,Not Picked,0
99,2024-02-06,Medium,Not Picked,1
99,2024-02-07,High,Picked,0
99,2024-02-08,High,Not Picked,1
99,2024-02-09,Low,Not Picked,0
99,2024-02-10,Low,Not Picked,0
99,2024-02-11,Low,Picked,0
99,2024-02-12,Low,Not Picked,0
99,2024-02-13,Low,Not Picked,0
99,2024-02-14,Low,Picked,0
99,2024-02-15,Medium,Not Picked,1
99,2024-02-16,High,Picked,0
99,2024-02-17,Low,Not Picked,0
99,2024-02-18,High,Not Picked,2
99,2024-02-19,Low,Picked,0
99,2024-02-20,High,Not Picked,1
99,2024-02-21,Medium,Not Picked,2
99,2024-02-22,Low,Picked,0
99,2024-02-23,Low,Not Picked,0
99,2024-02-24,Medium,Picked,0
99,2024-02-25,Medium,Not Picked,0
99,2024-02-26,Medium,Not Picked,0
99,2024-02-27,High,Not Picked,1
99,2024-02-28,Medium,Picked,0
99,2024-02-29,High,Not Picked,1
99,2024-03-01,Low,Picked,0
99,2024-03-02,Medium,Picked,0
99,2024-03-03,Low,Not Picked,0
99,2024-03-04,Medium,Not Picked,1
99,2024-03-05,Low,Not Picked,0
99,2024-03-06,Medium,Picked,0
99,2024-03-07,Medium,Not Picked,1
99,2024-03-08,Low,Not Picked,1
99,2024-03-09,Medium,Picked,0
99,2024-03-10,Low,Not Picked,0
99,2024-03-11,Low,Not Picked,0
99,2024-03-12,Medium,Picked,0
99,2024-03-13,High,Not Picked,1
99,2024-03-14,Low,Picked,0
99,2024-03-15,Medium,Picked,0
99,2024-03-16,High,Not Picked,1
99,2024-03-17,Medium,Picked,0
99,2024-03-18,Low,Not Picked,0
99,2024-03-19,Low,Not Picked,0
99,2024-03-20,Low,Not Picked,0
99,2024-03-21,Medium,Not Picked,1
99,2024-03-22,Low,Not Picked,1
99,2024-03-23,Low,Not Picked,0
99,2024-03-24,High,Picked,0
99,2024-03-25,Low,Not Picked,0
99,2024-03-26,Medium,Not Picked,0
99,2024-03-27,Medium,Picked,0
99,2024-03-28,High,Not Picked,2
99,2024-03-29,Medium,Picked,0
99,2024-03-30,Low,Picked,0
99,2024-03-31,Low,Not Picked,0
99,2024-04-01,Medium,Picked,0
99,2024-04-02,Low,Not Picked,0
99,2024-04-03,Medium,Picked,0
99,2024-04-04,Low,Not Picked,0
99,2024-04-05,Medium,Not Picked,0
99,2024-04-06,Low,Not Picked,0
99,2024-04-07,Low,Not Picked,0
99,2024-04-08,Low,Picked,0
99,2024-04-09,Low,Not Picked,0
99,2024-04-10,Medium,Picked,0
99,2024-04-11,Low,Not Picked,0
99,2024-04-12,Low,Not Picked,0
99,2024-04-13,Medium,Picked,0
99,2024-04-14,Low,Picked,0
99,2024-04-15,Medium,Picked,0
99,2024-04-16,Low,Picked,0
99,2024-04-17,Low,Picked,0
99,2024-04-18,Medium,Picked,0
99,2024-04-19,High,Not Picked,1
99,2024-04-20,Medium,Not Picked,1
99,2024-04-21,Medium,Not Picked,2
99,2024-04-22,Low,Not Picked,1
99,2024-04-23,Low,Not Picked,1
99,2024-04-24,Medium,Not Picked,1
99,2024-04-25,Low,Not Picked,0
99,2024-04-26,Low,Not Picked,0
99,2024-04-27,Medium,Not Picked,1
99,2024-04-28,Medium,Not Picked,2
99,2024-04-29,Medium,Picked,0
100,2024-01-01,High,Picked,0
100,2024-01-02,High,Picked,0
100,2024-01-03,High,Not Picked,2
100,2024-01-04,Low,Not Picked,1
100,2024-01-05,Medium,Not Picked,1
100,2024-01-06,Medium,Not Picked,2
100,2024-01-07,Medium,Not Picked,2
100,2024-01-08,Medium,Picked,0
100,2024-01-09,High,Not Picked,2
100,2024-01-10,Low,Not Picked,2
100,2024-01-11,Medium,Not Picked,3
100,2024-01-12,Medium,Picked,0
100,2024-01-13,Medium,Not Picked,0
100,2024-01-14,High,Not Picked,2
100,2024-01-15,Medium,Picked,0
100,2024-01-16,Medium,Not Picked,0
100,2024-01-17,Medium,Not Picked,0
100,2024-01-18,Low,Picked,0
100,2024-01-19,Medium,Not Picked,0
100,2024-01-20,Low,Picked,0
100,2024-01-21,Medium,Picked,0
100,2024-01-22,Low,Not Picked,0
100,2024-01-23,Low,Picked,0
100,2024-01-24,Medium,Not Picked,0
100,2024-01-25,Low,Not Picked,0
100,2024-01-26,Low,Not Picked,0
100,2024-01-27,Low,Not Picked,0
100,2024-01-28,Medium,Not Picked,1
100,2024-01-29,Low,Not Picked,0
100,2024-01-30,Low,Not Picked,0
100,2024-01-31,High,Not Picked,1
100,2024-02-01,High,Not Picked,2
100,2024-02-02,Low,Not Picked,2
100,2024-02-03,High,Picked,0
100,2024-02-04,Low,Not Picked,0
100,2024-02-05,High,Not Picked,1
100,2024-02-06,Low,Not Picked,0
100,2024-02-07,Medium,Not Picked,0
100,2024-02-08,High,Picked,0
100,2024-02-09,Low,Picked,0
100,2024-02-10,Medium,Not Picked,1
100,2024-02-11,Medium,Picked,0
100,2024-02-12,Low,Not Picked,0
100,2024-02-13,High,Not Picked,1
100,2024-02-14,Medium,Picked,0
100,2024-02-15,High,Not Picked,2
100,2024-02-16,Low,Not Picked,1
100,2024-02-17,Medium,Not Picked,2
100,2024-02-18,Low,Not Picked,1
100,2024-02-19,Low,Picked,0
100,2024-02-20,High,Not Picked,2
100,2024-02-21,Low,Not Picked,2
100,2024-02-22,Medium,Not Picked,3
100,2024-02-23,Low,Picked,0
100,2024-02-24,High,Picked,0
100,2024-02-25,Medium,Not Picked,0
100,2024-02-26,Medium,Not Picked,1
100,2024-02-27,Low,Picked,0
100,2024-02-28,Medium,Not Picked,0
100,2024-02-29,Medium,Not Picked,1
100,2024-03-01,Low,Not Picked,1
100,2024-03-02,Medium,Not Picked,2
100,2024-03-03,Low,Not Picked,1
100,2024-03-04,Low,Not Picked,0
100,2024-03-05,High,Not Picked,2
100,2024-03-06,High,Picked,0
100,2024-03-07,Medium,Picked,0
100,2024-03-08,Medium,Not Picked,1
100,2024-03-09,High,Not Picked,3
100,2024-03-10,Low,Not Picked,2
100,2024-03-11,Medium,Not Picked,2
100,2024-03-12,High,Picked,0
100,2024-03-13,Low,Not Picked,0
100,2024-03-14,Medium,Not Picked,1
100,2024-03-15,Medium,Not Picked,2
100,2024-03-16,Low,Not Picked,2
100,2024-03-17,Low,Not Picked,2
100,2024-03-18,Medium,Picked,0
100,2024-03-19,Medium,Not Picked,0
100,2024-03-20,Low,Picked,0
100,2024-03-21,Low,Picked,0
100,2024-03-22,Low,Not Picked,0
100,2024-03-23,High,Picked,0
100,2024-03-24,Low,Picked,0
100,2024-03-25,Low,Not Picked,0
100,2024-03-26,Low,Not Picked,0
100,2024-03-27,Medium,Not Picked,0
100,2024-03-28,High,Not Picked,2
100,2024-03-29,Low,Not Picked,1
100,2024-03-30,Low,Not Picked,1
100,2024-03-31,Medium,Picked,0
100,2024-04-01,Low,Not Picked,0
100,2024-04-02,Medium,Not Picked,0
100,2024-04-03,Low,Not Picked,0
100,2024-04-04,Low,Not Picked,0
100,2024-04-05,Low,Picked,0
100,2024-04-06,High,Picked,0
100,2024-04-07,Medium,Not Picked,0
100,2024-04-08,Low,Picked,0
100,2024-04-09,Low,Not Picked,0
100,2024-04-10,Low,Not Picked,0
100,2024-04-11,Medium,Not Picked,0
100,2024-04-12,Medium,Not Picked,0
100,2024-04-13,Medium,Not Picked,0
100,2024-04-14,Low,Not Picked,0
100,2024-04-15,Low,Not Picked,0
100,2024-04-16,Low,Not Picked,0
100,2024-04-17,Medium,Picked,0
100,2024-04-18,High,Picked,0
100,2024-04-19,Medium,Not Picked,0
100,2024-04-20,Low,Not Picked,0
100,2024-04-21,High,Not Picked,1
100,2024-04-22,Medium,Picked,0
100,2024-04-23,High,Picked,0
100,2024-04-24,Medium,Not Picked,0
100,2024-04-25,Low,Not Picked,0
100,2024-04-26,Medium,Not Picked,1
100,2024-04-27,Medium,Not Picked,2
100,2024-04-28,Medium,Not Picked,3
100,2024-04-29,Medium,Picked,0
101,2024-01-01,Medium,Not Picked,1
101,2024-01-02,Medium,Picked,0
101,2024-01-03,High,Not Picked,1
101,2024-01-04,Medium,Picked,0
101,2024-01-05,Low,Picked,0
101,2024-01-06,Medium,Picked,0
101,2024-01-07,Low,Not Picked,0
101,2024-01-08,High,Not Picked,1
101,2024-01-09,High,Not Picked,2
101,2024-01-10,Low,Not Picked,1
101,2024-01-11,Medium,Picked,0
101,2024-01-12,Medium,Not Picked,0
101,2024-01-13,High,Picked,0
101,2024-01-14,Medium,Not Picked,1
101,2024-01-15,High,Not Picked,3
101,2024-01-16,Low,Not Picked,2
101,2024-01-17,Low,Not Picked,1
101,2024-01-18,Low,Not Picked,0
101,2024-01-19,Low,Picked,0
101,2024-01-20,High,Picked,0
101,2024-01-21,High,Picked,0
101,2024-01-22,Low,Not Picked,0
101,2024-01-23,Low,Not Picked,0
101,2024-01-24,Medium,Picked,0
101,2024-01-25,Medium,Not Picked,0
101,2024-01-26,Medium,Not Picked,1
101,2024-01-27,Low,Not Picked,0
101,2024-01-28,Low,Not Picked,0
101,2024-01-29,High,Not Picked,1
101,2024-01-30,Medium,Not Picked,1
101,2024-01-31,High,Picked,0
101,2024-02-01,Medium,Not Picked,1
101,2024-02-02,Medium,Picked,0
101,2024-02-03,High,Not Picked,1
101,2024-02-04,High,Picked,0
101,2024-02-05,Low,Not Picked,0
101,2024-02-06,Low,Not Picked,0
101,2024-02-07,High,Not Picked,2
101,2024-02-08,Low,Not Picked,2
101,2024-02-09,Low,Not Picked,1
101,2024-02-10,High,Not Picked,2
101,2024-02-11,Low,Not Picked,1
101,2024-02-12,High,Not Picked,3
101,2024-02-13,Medium,Picked,0
101,2024-02-14,Low,Not Picked,0
101,2024-02-15,Medium,Picked,0
101,2024-02-16,High,Picked,0
101,2024-02-17,Low,Not Picked,0
101,2024-02-18,Medium,Not Picked,1
101,2024-02-19,Medium,Picked,0
101,2024-02-20,Low,Not Picked,0
101,2024-02-21,Medium,Not Picked,0
101,2024-02-22,Low,Not Picked,0
101,2024-02-23,Low,Not Picked,0
101,2024-02-24,Medium,Not Picked,0
101,2024-02-25,Medium,Not Picked,1
101,2024-02-26,Low,Picked,0
101,2024-02-27,Medium,Not Picked,0
101,2024-02-28,Low,Not Picked,0
101,2024-02-29,Medium,Not Picked,1
101,2024-03-01,Low,Not Picked,1
101,2024-03-02,Medium,Not Picked,1
101,2024-03-03,Low,Not Picked,1
101,2024-03-04,High,Picked,0
101,2024-03-05,Low,Not Picked,0
101,2024-03-06,Low,Not Picked,0
101,2024-03-07,Medium,Not Picked,1
101,2024-03-08,Medium,Not Picked,1
101,2024-03-09,Medium,Picked,0
101,2024-03-10,Medium,Not Picked,0
101,2024-03-11,High,Picked,0
101,2024-03-12,Low,Not Picked,0
101,2024-03-13,Low,Not Picked,0
101,2024-03-14,Medium,Not Picked,1
101,2024-03-15,Medium,Not Picked,2
101,2024-03-16,Low,Picked,0
101,2024-03-17,High,Picked,0
101,2024-03-18,Low,Not Picked,0
101,2024-03-19,Medium,Not Picked,1
101,2024-03-20,Medium,Picked,0
101,2024-03-21,Medium,Not Picked,1
101,2024-03-22,Low,Not Picked,1
101,2024-03-23,Medium,Picked,0
101,2024-03-24,Medium,Not Picked,1
101,2024-03-25,Low,Not Picked,1
101,2024-03-26,Low,Not Picked,1
101,2024-03-27,Medium,Picked,0
101,2024-03-28,Medium,Not Picked,1
101,2024-03-29,Medium,Not Picked,2
101,2024-03-30,Low,Not Picked,1
101,2024-03-31,Medium,Not Picked,2
101,2024-04-01,Low,Picked,0
101,2024-04-02,Medium,Picked,0
101,2024-04-03,Low,Not Picked,0
101,2024-04-04,Low,Picked,0
101,2024-04-05,Low,Not Picked,0
101,2024-04-06,Low,Not Picked,0
101,2024-04-07,Low,Picked,0
101,2024-04-08,Medium,Not Picked,1
101,2024-04-09,Low,Not Picked,0
101,2024-04-10,Low,Picked,0
101,2024-04-11,Low,Not Picked,0
101,2024-04-12,Medium,Not Picked,1
101,2024-04-13,Medium,Not Picked,1
101,2024-04-14,High,Not Picked,3
101,2024-04-15,Medium,Picked,0
101,2024-04-16,Medium,Picked,0
101,2024-04-17,Medium,Picked,0
101,2024-04-18,Medium,Not Picked,1
101,2024-04-19,Medium,Picked,0
101,2024-04-20,High,Not Picked,2
101,2024-04-21,Medium,Not Picked,2
101,2024-04-22,Low,Picked,0
101,2024-04-23,Medium,Not Picked,1
101,2024-04-24,Medium,Not Picked,2
101,2024-04-25,Low,Not Picked,1
101,2024-04-26,Medium,Not Picked,1
101,2024-04-27,Low,Picked,0
101,2024-04-28,Medium,Picked,0
101,2024-04-29,Low,Not Picked,0
102,2024-01-01,Low,Not Picked,0
102,2024-01-02,High,Not Picked,2
102,2024-01-03,High,Picked,0
102,2024-01-04,Medium,Not Picked,0
102,2024-01-05,Medium,Not Picked,0
102,2024-01-06,Medium,Not Picked,1
102,2024-01-07,High,Picked,0
102,2024-01-08,Medium,Not Picked,1
102,2024-01-09,High,Not Picked,2
102,2024-01-10,Medium,Picked,0
102,2024-01-11,Medium,Picked,0
102,2024-01-12,High,Picked,0
102,2024-01-13,Medium,Not Picked,1
102,2024-01-14,High,Picked,0
102,2024-01-15,High,Not Picked,2
102,2024-01-16,High,Picked,0
102,2024-01-17,Low,Not Picked,0
102,2024-01-18,Low,Picked,0
102,2024-01-19,Medium,Not Picked,1
102,2024-01-20,Medium,Not Picked,1
102,2024-01-21,Medium,Not Picked,2
102,2024-01-22,Medium,Not Picked,3
102,2024-01-23,Medium,Picked,0
102,2024-01-24,Medium,Not Picked,1
102,2024-01-25,Medium,Picked,0
102,2024-01-26,High,Not Picked,2
102,2024-01-27,High,Picked,0
102,2024-01-28,Low,Not Picked,0
102,2024-01-29,High,Picked,0
102,2024-01-30,Low,Not Picked,0
102,2024-01-31,Medium,Not Picked,1
102,2024-02-01,High,Picked,0
102,2024-02-02,Medium,Not Picked,0
102,2024-02-03,High,Not Picked,1
102,2024-02-04,Medium,Picked,0
102,2024-02-05,High,Picked,0
102,2024-02-06,High,Picked,0
102,2024-02-07,Low,Not Picked,0
102,2024-02-08,Medium,Picked,0
102,2024-02-09,Low,Not Picked,0
102,2024-02-10,Low,Not Picked,0
102,2024-02-11,Medium,Picked,0
102,2024-02-12,Low,Not Picked,0
102,2024-02-13,High,Not Picked,1
102,2024-02-14,Low,Not Picked,0
102,2024-02-15,Medium,Not Picked,1
102,2024-02-16,High,Not Picked,3
102,2024-02-17,High,Picked,0
102,2024-02-18,High,Picked,0
102,2024-02-19,High,Not Picked,2
102,2024-02-20,Medium,Not Picked,2
102,2024-02-21,High,Not Picked,4
102,2024-02-22,Medium,Picked,0
102,2024-02-23,Medium,Not Picked,1
102,2024-02-24,Low,Not Picked,1
102,2024-02-25,Medium,Picked,0
102,2024-02-26,High,Picked,0
102,2024-02-27,Low,Not Picked,0
102,2024-02-28,High,Not Picked,2
102,2024-02-29,Medium,Picked,0
102,2024-03-01,Medium,Not Picked,0
102,2024-03-02,Medium,Picked,0
102,2024-03-03,Medium,Picked,0
102,2024-03-04,Medium,Not Picked,1
102,2024-03-05,Medium,Not Picked,1
102,2024-03-06,High,Picked,0
102,2024-03-07,Medium,Not Picked,1
102,2024-03-08,High,Not Picked,2
102,2024-03-09,High,Picked,0
102,2024-03-10,High,Not Picked,1
102,2024-03-11,High,Picked,0
102,2024-03-12,High,Picked,0
102,2024-03-13,High,Not Picked,2
102,2024-03-14,High,Picked,0
102,2024-03-15,Low,Not Picked,0
102,2024-03-16,Low,Not Picked,0
102,2024-03-17,Medium,Not Picked,0
102,2024-03-18,Medium,Picked,0
102,2024-03-19,High,Picked,0
102,2024-03-20,Medium,Not Picked,0
102,2024-03-21,Medium,Not Picked,0
102,2024-03-22,High,Picked,0
102,2024-03-23,High,Not Picked,2
102,2024-03-24,Low,Picked,0
102,2024-03-25,Medium,Not Picked,0
102,2024-03-26,Medium,Not Picked,1
102,2024-03-27,High,Picked,0
102,2024-03-28,High,Not Picked,1
102,2024-03-29,High,Picked,0
102,2024-03-30,Medium,Not Picked,0
102,2024-03-31,High,Picked,0
102,2024-04-01,Low,Not Picked,0
102,2024-04-02,Medium,Not Picked,0
102,2024-04-03,Medium,Not Picked,1
102,2024-04-04,Medium,Picked,0
102,2024-04-05,Low,Not Picked,0
102,2024-04-06,Low,Not Picked,0
102,2024-04-07,High,Not Picked,2
102,2024-04-08,Low,Not Picked,1
102,2024-04-09,High,Not Picked,3
102,2024-04-10,Medium,Picked,0
102,2024-04-11,Medium,Picked,0
102,2024-04-12,High,Picked,0
102,2024-04-13,High,Not Picked,2
102,2024-04-14,Low,Not Picked,1
102,2024-04-15,Low,Not Picked,0
102,2024-04-16,High,Not Picked,2
102,2024-04-17,Low,Not Picked,2
102,2024-04-18,Medium,Picked,0
102,2024-04-19,Low,Not Picked,0
102,2024-04-20,High,Not Picked,1
102,2024-04-21,High,Picked,0
102,2024-04-22,Low,Not Picked,0
102,2024-04-23,High,Not Picked,1
102,2024-04-24,High,Picked,0
102,2024-04-25,Medium,Not Picked,0
102,2024-04-26,Medium,Picked,0
102,2024-04-27,Medium,Not Picked,1
102,2024-04-28,Medium,Not Picked,2
102,2024-04-29,Medium,Not Picked,3
103,2024-01-01,Low,Not Picked,0
103,2024-01-02,Low,Not Picked,0
103,2024-01-03,Medium,Picked,0
103,2024-01-04,Low,Picked,0
103,2024-01-05,Low,Not Picked,0
103,2024-01-06,Medium,Not Picked,0
103,2024-01-07,Medium,Not Picked,1
103,2024-01-08,Low,Not Picked,0
103,2024-01-09,Medium,Picked,0
103,2024-01-10,Medium,Picked,0
103,2024-01-11,Low,Picked,0
103,2024-01-12,Medium,Not Picked,1
103,2024-01-13,Low,Picked,0
103,2024-01-14,Medium,Not Picked,1
103,2024-01-15,Medium,Not Picked,2
103,2024-01-16,High,Not Picked,3
103,2024-01-17,Low,Picked,0
103,2024-01-18,Medium,Picked,0
103,2024-01-19,Medium,Not Picked,0
103,2024-01-20,Medium,Not Picked,0
103,2024-01-21,Low,Not Picked,0
103,2024-01-22,Low,Not Picked,0
103,2024-01-23,Low,Not Picked,0
103,2024-01-24,Low,Not Picked,0
103,2024-01-25,Low,Not Picked,0
103,2024-01-26,Low,Picked,0
103,2024-01-27,Medium,Not Picked,0
103,2024-01-28,Low,Not Picked,0
103,2024-01-29,Medium,Not Picked,1
103,2024-01-30,Medium,Not Picked,2
103,2024-01-31,Low,Not Picked,1
103,2024-02-01,High,Picked,0
103,2024-02-02,Low,Not Picked,0
103,2024-02-03,Medium,Not Picked,0
103,2024-02-04,Medium,Not Picked,1
103,2024-02-05,Low,Picked,0
103,2024-02-06,High,Not Picked,1
103,2024-02-07,Low,Not Picked,1
103,2024-02-08,Low,Not Picked,0
103,2024-02-09,Medium,Not Picked,1
103,2024-02-10,Low,Not Picked,0
103,2024-02-11,Low,Not Picked,0
103,2024-02-12,High,Picked,0
103,2024-02-13,Medium,Not Picked,1
103,2024-02-14,High,Not Picked,3
103,2024-02-15,Low,Not Picked,2
103,2024-02-16,Low,Not Picked,2
103,2024-02-17,Low,Picked,0
103,2024-02-18,Medium,Not Picked,0
103,2024-02-19,Medium,Not Picked,1
103,2024-02-20,Low,Not Picked,0
103,2024-02-21,Medium,Not Picked,1
103,2024-02-22,Low,Not Picked,1
103,2024-02-23,Low,Not Picked,0
103,2024-02-24,Medium,Not Picked,0
103,2024-02-25,Low,Not Picked,0
103,2024-02-26,Low,Not Picked,0
103,2024-02-27,Medium,Not Picked,0
103,2024-02-28,Medium,Not Picked,1
103,2024-02-29,High,Not Picked,3
103,2024-03-01,Low,Picked,0
103,2024-03-02,Low,Not Picked,0
103,2024-03-03,Low,Not Picked,0
103,2024-03-04,Medium,Not Picked,0
103,2024-03-05,High,Not Picked,2
103,2024-03-06,Medium,Picked,0
103,2024-03-07,Low,Not Picked,0
103,2024-03-08,Medium,Not Picked,1
103,2024-03-09,Low,Picked,0
103,2024-03-10,High,Not Picked,2
103,2024-03-11,Low,Not Picked,1
103,2024-03-12,Medium,Not Picked,1
103,2024-03-13,Medium,Not Picked,1
103,2024-03-14,Medium,Not Picked,2
103,2024-03-15,Low,Not Picked,1
103,2024-03-16,Medium,Not Picked,2
103,2024-03-17,Medium,Not Picked,2
103,2024-03-18,Medium,Not Picked,2
103,2024-03-19,Medium,Not Picked,2
103,2024-03-20,Medium,Not Picked,2
103,2024-03-21,Low,Picked,0
103,2024-03-22,Low,Picked,0
103,2024-03-23,Medium,Not Picked,1
103,2024-03-24,Low,Picked,0
103,2024-03-25,Low,Not Picked,0
103,2024-03-26,Medium,Not Picked,0
103,2024-03-27,Medium,Picked,0
103,2024-03-28,Medium,Not Picked,0
103,2024-03-29,Medium,Picked,0
103,2024-03-30,Medium,Not Picked,0
103,2024-03-31,Low,Picked,0
103,2024-04-01,Low,Not Picked,0
103,2024-04-02,High,Picked,0
103,2024-04-03,Medium,Not Picked,1
103,2024-04-04,Low,Picked,0
103,2024-04-05,Low,Not Picked,0
103,2024-04-06,Low,Not Picked,0
103,2024-04-07,Medium,Not Picked,1
103,2024-04-08,Low,Not Picked,1
103,2024-04-09,Medium,Not Picked,2
103,2024-04-10,Low,Picked,0
103,2024-04-11,Medium,Picked,0
103,2024-04-12,Medium,Not Picked,0
103,2024-04-13,Medium,Not Picked,0
103,2024-04-14,Medium,Not Picked,0
103,2024-04-15,High,Picked,0
103,2024-04-16,Medium,Not Picked,1
103,2024-04-17,Low,Picked,0
103,2024-04-18,High,Not Picked,1
103,2024-04-19,Low,Picked,0
103,2024-04-20,Low,Not Picked,0
103,2024-04-21,High,Picked,0
103,2024-04-22,High,Not Picked,1
103,2024-04-23,Low,Picked,0
103,2024-04-24,Medium,Picked,0
103,2024-04-25,Low,Not Picked,0
103,2024-04-26,Low,Not Picked,0
103,2024-04-27,Medium,Not Picked,1
103,2024-04-28,Low,Not Picked,0
103,2024-04-29,Low,Not Picked,0
104,2024-01-01,Medium,Not Picked,0
104,2024-01-02,Medium,Picked,0
104,2024-01-03,High,Not Picked,1
104,2024-01-04,Medium,Not Picked,2
104,2024-01-05,Low,Not Picked,1
104,2024-01-06,Medium,Picked,0
104,2024-01-07,Medium,Not Picked,0
104,2024-01-08,Low,Not Picked,0
104,2024-01-09,Medium,Not Picked,1
104,2024-01-10,Low,Picked,0
104,2024-01-11,Low,Not Picked,0
104,2024-01-12,Medium,Not Picked,0
104,2024-01-13,High,Not Picked,2
104,2024-01-14,Medium,Not Picked,3
104,2024-01-15,Low,Not Picked,3
104,2024-01-16,High,Not Picked,4
104,2024-01-17,Medium,Picked,0
104,2024-01-18,High,Not Picked,2
104,2024-01-19,Medium,Picked,0
104,2024-01-20,Low,Not Picked,0
104,2024-01-21,Low,Not Picked,0
104,2024-01-22,Low,Not Picked,0
104,2024-01-23,Low,Not Picked,0
104,2024-01-24,Medium,Picked,0
104,2024-01-25,Low,Not Picked,0
104,2024-01-26,Medium,Not Picked,0
104,2024-01-27,Low,Not Picked,0
104,2024-01-28,Low,Not Picked,0
104,2024-01-29,Low,Not Picked,0
104,2024-01-30,Medium,Picked,0
104,2024-01-31,Low,Not Picked,0
104,2024-02-01,Medium,Picked,0
104,2024-02-02,Low,Not Picked,0
104,2024-02-03,Low,Picked,0
104,2024-02-04,Medium,Picked,0
104,2024-02-05,Medium,Picked,0
104,2024-02-06,Low,Not Picked,0
104,2024-02-07,Low,Not Picked,0
104,2024-02-08,Medium,Picked,0
104,2024-02-09,Medium,Not Picked,0
104,2024-02-10,Low,Not Picked,0
104,2024-02-11,Medium,Picked,0
104,2024-02-12,Low,Not Picked,0
104,2024-02-13,Low,Not Picked,0
104,2024-02-14,Medium,Picked,0
104,2024-02-15,Low,Not Picked,0
104,2024-02-16,High,Not Picked,1
104,2024-02-17,High,Picked,0
104,2024-02-18,Low,Picked,0
104,2024-02-19,Medium,Not Picked,0
104,2024-02-20,Low,Not Picked,0
104,2024-02-21,Medium,Picked,0
104,2024-02-22,Low,Not Picked,0
104,2024-02-23,Medium,Not Picked,1
104,2024-02-24,Medium,Not Picked,1
104,2024-02-25,Medium,Not Picked,2
104,2024-02-26,High,Picked,0
104,2024-02-27,Low,Not Picked,0
104,2024-02-28,Medium,Not Picked,0
104,2024-02-29,High,Not Picked,1
104,2024-03-01,Medium,Not Picked,1
104,2024-03-02,Medium,Not Picked,2
104,2024-03-03,High,Picked,0
104,2024-03-04,High,Not Picked,1
104,2024-03-05,Medium,Picked,0
104,2024-03-06,High,Not Picked,1
104,2024-03-07,Medium,Picked,0
104,2024-03-08,Medium,Not Picked,1
104,2024-03-09,High,Not Picked,3
104,2024-03-10,Low,Not Picked,2
104,2024-03-11,Low,Not Picked,2
104,2024-03-12,Low,Picked,0
104,2024-03-13,High,Not Picked,1
104,2024-03-14,Medium,Not Picked,1
104,2024-03-15,Medium,Not Picked,2
104,2024-03-16,Medium,Not Picked,2
104,2024-03-17,Medium,Not Picked,2
104,2024-03-18,Medium,Not Picked,2
104,2024-03-19,Medium,Picked,0
104,2024-03-20,Medium,Not Picked,0
104,2024-03-21,High,Not Picked,1
104,2024-03-22,High,Not Picked,2
104,2024-03-23,Low,Not Picked,1
104,2024-03-24,Low,Not Picked,0
104,2024-03-25,Low,Picked,0
104,2024-03-26,Low,Not Picked,0
104,2024-03-27,High,Picked,0
104,2024-03-28,Medium,Not Picked,0
104,2024-03-29,High,Not Picked,2
104,2024-03-30,Low,Not Picked,2
104,2024-03-31,Medium,Picked,0
104,2024-04-01,Medium,Not Picked,0
104,2024-04-02,Medium,Not Picked,1
104,2024-04-03,Medium,Not Picked,2
104,2024-04-04,Low,Not Picked,1
104,2024-04-05,Low,Not Picked,1
104,2024-04-06,Medium,Not Picked,2
104,2024-04-07,Low,Not Picked,1
104,2024-04-08,Low,Not Picked,1
104,2024-04-09,Medium,Picked,0
104,2024-04-10,High,Not Picked,2
104,2024-04-11,Medium,Picked,0
104,2024-04-12,High,Not Picked,2
104,2024-04-13,Low,Not Picked,2
104,2024-04-14,Low,Picked,0
104,2024-04-15,Low,Not Picked,0
104,2024-04-16,Medium,Picked,0
104,2024-04-17,Low,Not Picked,0
104,2024-04-18,Medium,Not Picked,1
104,2024-04-19,Low,Not Picked,1
104,2024-04-20,High,Not Picked,3
104,2024-04-21,Low,Picked,0
104,2024-04-22,High,Picked,0
104,2024-04-23,Medium,Not Picked,0
104,2024-04-24,Medium,Picked,0
104,2024-04-25,High,Not Picked,1
104,2024-04-26,Low,Not Picked,0
104,2024-04-27,High,Not Picked,1
104,2024-04-28,Medium,Picked,0
104,2024-04-29,Medium,Not Picked,1
105,2024-01-01,Medium,Picked,0
105,2024-01-02,High,Picked,0
105,2024-01-03,Medium,Not Picked,0
105,2024-01-04,Low,Not Picked,0
105,2024-01-05,Medium,Not Picked,1
105,2024-01-06,Medium,Not Picked,2
105,2024-01-07,Medium,Picked,0
105,2024-01-08,High,Picked,0
105,2024-01-09,High,Not Picked,2
105,2024-01-10,High,Not Picked,3
105,2024-01-11,High,Picked,0
105,2024-01-12,Low,Not Picked,0
105,2024-01-13,Medium,Not Picked,0
105,2024-01-14,Low,Not Picked,0
105,2024-01-15,High,Picked,0
105,2024-01-16,Medium,Not Picked,0
105,2024-01-17,Medium,Not Picked,1
105,2024-01-18,Medium,Not Picked,2
105,2024-01-19,Low,Not Picked,1
105,2024-01-20,Low,Picked,0
105,2024-01-21,Medium,Not Picked,1
105,2024-01-22,High,Picked,0
105,2024-01-23,Medium,Not Picked,0
105,2024-01-24,Medium,Picked,0
105,2024-01-25,High,Not Picked,1
105,2024-01-26,Medium,Picked,0
105,2024-01-27,High,Not Picked,2
105,2024-01-28,Medium,Not Picked,2
105,2024-01-29,High,Picked,0
105,2024-01-30,Medium,Not Picked,0
105,2024-01-31,High,Picked,0
105,2024-02-01,High,Picked,0
105,2024-02-02,Medium,Not Picked,0
105,2024-02-03,Medium,Not Picked,0
105,2024-02-04,Medium,Not Picked,0
105,2024-02-05,High,Picked,0
105,2024-02-06,Low,Not Picked,0
105,2024-02-07,Medium,Not Picked,1
105,2024-02-08,Low,Not Picked,1
105,2024-02-09,Medium,Not Picked,2
105,2024-02-10,Low,Not Picked,1
105,2024-02-11,Medium,Not Picked,2
105,2024-02-12,Medium,Picked,0
105,2024-02-13,Medium,Not Picked,1
105,2024-02-14,Medium,Picked,0
105,2024-02-15,High,Picked,0
105,2024-02-16,High,Picked,0
105,2024-02-17,Medium,Picked,0
105,2024-02-18,Medium,Not Picked,0
105,2024-02-19,High,Picked,0
105,2024-02-20,Low,Not Picked,0
105,2024-02-21,Low,Picked,0
105,2024-02-22,Medium,Not Picked,0
105,2024-02-23,Low,Not Picked,0
105,2024-02-24,High,Not Picked,2
105,2024-02-25,Low,Not Picked,1
105,2024-02-26,High,Not Picked,2
105,2024-02-27,High,Not Picked,4
105,2024-02-28,Low,Picked,0
105,2024-02-29,Medium,Picked,0
105,2024-03-01,Low,Not Picked,0
105,2024-03-02,Medium,Picked,0
105,2024-03-03,Medium,Not Picked,0
105,2024-03-04,High,Not Picked,1
105,2024-03-05,Low,Not Picked,0
105,2024-03-06,High,Picked,0
105,2024-03-07,Low,Not Picked,0
105,2024-03-08,Medium,Not Picked,0
105,2024-03-09,High,Picked,0
105,2024-03-10,Medium,Picked,0
105,2024-03-11,High,Not Picked,2
105,2024-03-12,High,Picked,0
105,2024-03-13,High,Not Picked,1
105,2024-03-14,High,Not Picked,2
105,2024-03-15,Medium,Picked,0
105,2024-03-16,Medium,Not Picked,1
105,2024-03-17,Medium,Not Picked,2
105,2024-03-18,High,Not Picked,3
105,2024-03-19,High,Picked,0
105,2024-03-20,High,Not Picked,1
105,2024-03-21,Medium,Picked,0
105,2024-03-22,High,Not Picked,2
105,2024-03-23,Low,Not Picked,2
105,2024-03-24,Medium,Not Picked,2
105,2024-03-25,Medium,Not Picked,2
105,2024-03-26,High,Picked,0
105,2024-03-27,Medium,Not Picked,1
105,2024-03-28,Medium,Not Picked,2
105,2024-03-29,Medium,Not Picked,2
105,2024-03-30,Medium,Picked,0
105,2024-03-31,High,Picked,0
105,2024-04-01,Medium,Not Picked,0
105,2024-04-02,Low,Not Picked,0
105,2024-04-03,Low,Picked,0
105,2024-04-04,High,Not Picked,1
105,2024-04-05,High,Not Picked,3
105,2024-04-06,Low,Not Picked,2
105,2024-04-07,Medium,Not Picked,3
105,2024-04-08,High,Not Picked,5
105,2024-04-09,High,Picked,0
105,2024-04-10,High,Picked,0
105,2024-04-11,High,Picked,0
105,2024-04-12,High,Picked,0
105,2024-04-13,High,Not Picked,2
105,2024-04-14,High,Picked,0
105,2024-04-15,High,Not Picked,1
105,2024-04-16,Medium,Not Picked,1
105,2024-04-17,Medium,Not Picked,1
105,2024-04-18,High,Not Picked,3
105,2024-04-19,Medium,Picked,0
105,2024-04-20,High,Picked,0
105,2024-04-21,Medium,Not Picked,1
105,2024-04-22,Medium,Not Picked,1
105,2024-04-23,Medium,Not Picked,1
105,2024-04-24,Low,Not Picked,1
105,2024-04-25,High,Not Picked,3
105,2024-04-26,High,Picked,0
105,2024-04-27,High,Not Picked,2
105,2024-04-28,High,Picked,0
105,2024-04-29,Medium,Picked,0
106,2024-01-01,Low,Not Picked,0
106,2024-01-02,Low,Not Picked,0
106,2024-01-03,Low,Not Picked,0
106,2024-01-04,High,Not Picked,1
106,2024-01-05,Low,Not Picked,1
106,2024-01-06,Low,Not Picked,0
106,2024-01-07,Medium,Not Picked,1
106,2024-01-08,Medium,Not Picked,1
106,2024-01-09,High,Not Picked,2
106,2024-01-10,High,Picked,0
106,2024-01-11,Medium,Not Picked,1
106,2024-01-12,Low,Not Picked,1
106,2024-01-13,High,Picked,0
106,2024-01-14,Medium,Picked,0
106,2024-01-15,Medium,Picked,0
106,2024-01-16,Medium,Picked,0
106,2024-01-17,Medium,Not Picked,0
106,2024-01-18,Low,Not Picked,0
106,2024-01-19,Low,Not Picked,0
106,2024-01-20,Low,Not Picked,0
106,2024-01-21,Medium,Not Picked,0
106,2024-01-22,High,Not Picked,1
106,2024-01-23,Low,Not Picked,0
106,2024-01-24,Medium,Picked,0
106,2024-01-25,High,Not Picked,2
106,2024-01-26,Medium,Not Picked,2
106,2024-01-27,Medium,Picked,0
106,2024-01-28,Medium,Not Picked,0
106,2024-01-29,Low,Not Picked,0
106,2024-01-30,Medium,Picked,0
106,2024-01-31,Medium,Not Picked,0
106,2024-02-01,Medium,Not Picked,1
106,2024-02-02,Medium,Not Picked,2
106,2024-02-03,Medium,Picked,0
106,2024-02-04,Low,Not Picked,0
106,2024-02-05,Low,Not Picked,0
106,2024-02-06,Medium,Not Picked,0
106,2024-02-07,Low,Not Picked,0
106,2024-02-08,Low,Not Picked,0
106,2024-02-09,Low,Picked,0
106,2024-02-10,Low,Not Picked,0
106,2024-02-11,Low,Not Picked,0
106,2024-02-12,Low,Picked,0
106,2024-02-13,Low,Not Picked,0
106,2024-02-14,Low,Picked,0
106,2024-02-15,Medium,Picked,0
106,2024-02-16,Medium,Not Picked,1
106,2024-02-17,Low,Not Picked,0
106,2024-02-18,Low,Not Picked,0
106,2024-02-19,Low,Picked,0
106,2024-02-20,Medium,Not Picked,1
106,2024-02-21,Low,Not Picked,0
106,2024-02-22,Medium,Not Picked,1
106,2024-02-23,Low,Picked,0
106,2024-02-24,Low,Not Picked,0
106,2024-02-25,Low,Not Picked,0
106,2024-02-26,Medium,Not Picked,1
106,2024-02-27,Medium,Not Picked,2
106,2024-02-28,Medium,Picked,0
106,2024-02-29,Medium,Picked,0
106,2024-03-01,Low,Picked,0
106,2024-03-02,Medium,Not Picked,1
106,2024-03-03,Medium,Not Picked,1
106,2024-03-04,Medium,Not Picked,1
106,2024-03-05,High,Picked,0
106,2024-03-06,Low,Picked,0
106,2024-03-07,Medium,Not Picked,0
106,2024-03-08,Medium,Not Picked,0
106,2024-03-09,Low,Not Picked,0
106,2024-03-10,Low,Not Picked,0
106,2024-03-11,Low,Not Picked,0
106,2024-03-12,Medium,Not Picked,1
106,2024-03-13,Low,Not Picked,1
106,2024-03-14,High,Picked,0
106,2024-03-15,Low,Not Picked,0
106,2024-03-16,Low,Not Picked,0
106,2024-03-17,High,Not Picked,1
106,2024-03-18,Medium,Not Picked,2
106,2024-03-19,Medium,Picked,0
106,2024-03-20,Medium,Not Picked,1
106,2024-03-21,Low,Picked,0
106,2024-03-22,Medium,Not Picked,1
106,2024-03-23,Medium,Not Picked,2
106,2024-03-24,Medium,Picked,0
106,2024-03-25,Medium,Not Picked,0
106,2024-03-26,Medium,Picked,0
106,2024-03-27,Low,Not Picked,0
106,2024-03-28,Medium,Not Picked,1
106,2024-03-29,Medium,Not Picked,2
106,2024-03-30,Low,Picked,0
106,2024-03-31,Medium,Not Picked,0
106,2024-04-01,Low,Not Picked,0
106,2024-04-02,Medium,Not Picked,0
106,2024-04-03,Low,Not Picked,0
106,2024-04-04,High,Not Picked,1
106,2024-04-05,Medium,Picked,0
106,2024-04-06,Low,Not Picked,0
106,2024-04-07,Medium,Not Picked,0
106,2024-04-08,Low,Not Picked,0
106,2024-04-09,High,Picked,0
106,2024-04-10,Medium,Not Picked,1
106,2024-04-11,High,Picked,0
106,2024-04-12,Low,Not Picked,0
106,2024-04-13,Low,Picked,0
106,2024-04-14,Low,Not Picked,0
106,2024-04-15,Medium,Not Picked,0
106,2024-04-16,Medium,Picked,0
106,2024-04-17,Low,Not Picked,0
106,2024-04-18,Low,Picked,0
106,2024-04-19,High,Not Picked,1
106,2024-04-20,Low,Picked,0
106,2024-04-21,Low,Picked,0
106,2024-04-22,Medium,Not Picked,0
106,2024-04-23,Medium,Not Picked,0
106,2024-04-24,Low,Not Picked,0
106,2024-04-25,Low,Picked,0
106,2024-04-26,Low,Not Picked,0
106,2024-04-27,Low,Not Picked,0
106,2024-04-28,Medium,Not Picked,1
106,2024-04-29,Low,Not Picked,1
107,2024-01-01,Low,Picked,0
107,2024-01-02,Low,Not Picked,0
107,2024-01-03,Low,Not Picked,0
107,2024-01-04,Low,Not Picked,0
107,2024-01-05,Medium,Not Picked,1
107,2024-01-06,Medium,Not Picked,2
107,2024-01-07,Medium,Picked,0
107,2024-01-08,Low,Not Picked,0
107,2024-01-09,Medium,Not Picked,0
107,2024-01-10,Medium,Not Picked,0
107,2024-01-11,Low,Not Picked,0
107,2024-01-12,Low,Not Picked,0
107,2024-01-13,Low,Not Picked,0
107,2024-01-14,Medium,Not Picked,0
107,2024-01-15,Low,Not Picked,0
107,2024-01-16,Low,Not Picked,0
107,2024-01-17,Low,Not Picked,0
107,2024-01-18,Low,Picked,0
107,2024-01-19,Low,Not Picked,0
107,2024-01-20,Low,Not Picked,0
107,2024-01-21,Low,Picked,0
107,2024-01-22,Medium,Not Picked,1
107,2024-01-23,High,Not Picked,2
107,2024-01-24,Medium,Not Picked,3
107,2024-01-25,Medium,Not Picked,3
107,2024-01-26,Low,Picked,0
107,2024-01-27,Low,Not Picked,0
107,2024-01-28,Medium,Not Picked,0
107,2024-01-29,Medium,Not Picked,1
107,2024-01-30,Low,Not Picked,1
107,2024-01-31,Low,Picked,0
107,2024-02-01,Medium,Not Picked,1
107,2024-02-02,High,Not Picked,3
107,2024-02-03,Medium,Picked,0
107,2024-02-04,High,Picked,0
107,2024-02-05,Low,Not Picked,0
107,2024-02-06,High,Not Picked,2
107,2024-02-07,Medium,Not Picked,2
107,2024-02-08,Low,Picked,0
107,2024-02-09,Low,Not Picked,0
107,2024-02-10,Low,Not Picked,0
107,2024-02-11,High,Picked,0
107,2024-02-12,Low,Picked,0
107,2024-02-13,High,Not Picked,2
107,2024-02-14,Low,Picked,0
107,2024-02-15,Low,Not Picked,0
107,2024-02-16,Medium,Picked,0
107,2024-02-17,Medium,Not Picked,0
107,2024-02-18,High,Not Picked,1
107,2024-02-19,Medium,Picked,0
107,2024-02-20,Low,Not Picked,0
107,2024-02-21,Low,Not Picked,0
107,2024-02-22,High,Picked,0
107,2024-02-23,Medium,Not Picked,1
107,2024-02-24,Low,Not Picked,0
107,2024-02-25,Low,Not Picked,0
107,2024-02-26,Low,Not Picked,0
107,2024-02-27,Low,Picked,0
107,2024-02-28,Medium,Picked,0
107,2024-02-29,Low,Not Picked,0
107,2024-03-01,Medium,Picked,0
107,2024-03-02,High,Picked,0
107,2024-03-03,Medium,Not Picked,0
107,2024-03-04,Low,Not Picked,0
107,2024-03-05,Medium,Not Picked,1
107,2024-03-06,Low,Not Picked,0
107,2024-03-07,Medium,Not Picked,1
107,2024-03-08,Low,Not Picked,1
107,2024-03-09,High,Picked,0
107,2024-03-10,Low,Not Picked,0
107,2024-03-11,Low,Not Picked,0
107,2024-03-12,Low,Not Picked,0
107,2024-03-13,Low,Not Picked,0
107,2024-03-14,High,Picked,0
107,2024-03-15,Medium,Picked,0
107,2024-03-16,Medium,Not Picked,1
107,2024-03-17,Low,Not Picked,1
107,2024-03-18,Medium,Not Picked,2
107,2024-03-19,Low,Picked,0
107,2024-03-20,Medium,Not Picked,0
107,2024-03-21,Low,Not Picked,0
107,2024-03-22,High,Picked,0
107,2024-03-23,Low,Picked,0
107,2024-03-24,High,Not Picked,2
107,2024-03-25,Low,Picked,0
107,2024-03-26,Medium,Not Picked,1
107,2024-03-27,Medium,Not Picked,2
107,2024-03-28,Low,Picked,0
107,2024-03-29,Medium,Not Picked,0
107,2024-03-30,Low,Not Picked,0
107,2024-03-31,High,Picked,0
107,2024-04-01,High,Not Picked,2
107,2024-04-02,Medium,Picked,0
107,2024-04-03,Medium,Not Picked,0
107,2024-04-04,High,Not Picked,1
107,2024-04-05,Low,Not Picked,1
107,2024-04-06,High,Not Picked,2
107,2024-04-07,Low,Picked,0
107,2024-04-08,High,Picked,0
107,2024-04-09,High,Not Picked,2
107,2024-04-10,Medium,Picked,0
107,2024-04-11,Low,Not Picked,0
107,2024-04-12,Medium,Not Picked,1
107,2024-04-13,Low,Picked,0
107,2024-04-14,High,Picked,0
107,2024-04-15,Low,Not Picked,0
107,2024-04-16,High,Picked,0
107,2024-04-17,Medium,Not Picked,1
107,2024-04-18,High,Not Picked,2
107,2024-04-19,Medium,Not Picked,3
107,2024-04-20,High,Picked,0
107,2024-04-21,Low,Not Picked,0
107,2024-04-22,Medium,Not Picked,1
107,2024-04-23,Medium,Not Picked,2
107,2024-04-24,High,Not Picked,3
107,2024-04-25,Medium,Picked,0
107,2024-04-26,Medium,Not Picked,0
107,2024-04-27,Medium,Not Picked,0
107,2024-04-28,Medium,Not Picked,1
107,2024-04-29,Low,Picked,0
108,2024-01-01,High,Not Picked,2
108,2024-01-02,High,Picked,0
108,2024-01-03,High,Not Picked,1
108,2024-01-04,Medium,Picked,0
108,2024-01-05,High,Not Picked,1
108,2024-01-06,High,Not Picked,2
108,2024-01-07,Low,Not Picked,2
108,2024-01-08,High,Not Picked,3
108,2024-01-09,High,Picked,0
108,2024-01-10,High,Picked,0
108,2024-01-11,Medium,Not Picked,0
108,2024-01-12,High,Not Picked,2
108,2024-01-13,Medium,Picked,0
108,2024-01-14,Medium,Picked,0
108,2024-01-15,Medium,Not Picked,0
108,2024-01-16,Low,Not Picked,0
108,2024-01-17,High,Not Picked,1
108,2024-01-18,Medium,Not Picked,1
108,2024-01-19,High,Not Picked,2
108,2024-01-20,High,Picked,0
108,2024-01-21,High,Picked,0
108,2024-01-22,High,Not Picked,2
108,2024-01-23,High,Picked,0
108,2024-01-24,Low,Not Picked,0
108,2024-01-25,Medium,Not Picked,0
108,2024-01-26,High,Picked,0
108,2024-01-27,Medium,Not Picked,1
108,2024-01-28,High,Picked,0
108,2024-01-29,Low,Not Picked,0
108,2024-01-30,Medium,Not Picked,0
108,2024-01-31,Medium,Not Picked,0
108,2024-02-01,High,Not Picked,2
108,2024-02-02,Medium,Not Picked,2
108,2024-02-03,Medium,Picked,0
108,2024-02-04,High,Not Picked,1
108,2024-02-05,Medium,Not Picked,2
108,2024-02-06,Medium,Picked,0
108,2024-02-07,High,Picked,0
108,2024-02-08,High,Not Picked,1
108,2024-02-09,High,Not Picked,2
108,2024-02-10,Low,Not Picked,2
108,2024-02-11,High,Not Picked,4
108,2024-02-12,High,Picked,0
108,2024-02-13,High,Picked,0
108,2024-02-14,High,Not Picked,1
108,2024-02-15,High,Not Picked,2
108,2024-02-16,Low,Not Picked,1
108,2024-02-17,Medium,Not Picked,1
108,2024-02-18,Low,Not Picked,0
108,2024-02-19,High,Not Picked,1
108,2024-02-20,High,Not Picked,2
108,2024-02-21,Medium,Not Picked,3
108,2024-02-22,High,Picked,0
108,2024-02-23,Medium,Not Picked,1
108,2024-02-24,High,Picked,0
108,2024-02-25,Medium,Not Picked,1
108,2024-02-26,High,Not Picked,3
108,2024-02-27,Low,Picked,0
108,2024-02-28,High,Not Picked,2
108,2024-02-29,High,Not Picked,3
108,2024-03-01,High,Picked,0
108,2024-03-02,High,Not Picked,2
108,2024-03-03,High,Picked,0
108,2024-03-04,High,Not Picked,1
108,2024-03-05,High,Picked,0
108,2024-03-06,High,Picked,0
108,2024-03-07,High,Picked,0
108,2024-03-08,Medium,Not Picked,1
108,2024-03-09,Medium,Not Picked,1
108,2024-03-10,High,Picked,0
108,2024-03-11,Low,Not Picked,0
108,2024-03-12,High,Not Picked,2
108,2024-03-13,Medium,Not Picked,2
108,2024-03-14,High,Picked,0
108,2024-03-15,High,Not Picked,2
108,2024-03-16,Low,Picked,0
108,2024-03-17,Medium,Picked,0
108,2024-03-18,Medium,Not Picked,0
108,2024-03-19,High,Not Picked,1
108,2024-03-20,High,Not Picked,2
108,2024-03-21,High,Not Picked,3
108,2024-03-22,Medium,Picked,0
108,2024-03-23,High,Not Picked,2
108,2024-03-24,High,Picked,0
108,2024-03-25,High,Not Picked,1
108,2024-03-26,High,Picked,0
108,2024-03-27,High,Picked,0
108,2024-03-28,High,Picked,0
108,2024-03-29,Medium,Not Picked,0
108,2024-03-30,High,Not Picked,2
108,2024-03-31,Medium,Not Picked,2
108,2024-04-01,Medium,Picked,0
108,2024-04-02,High,Not Picked,2
108,2024-04-03,Medium,Picked,0
108,2024-04-04,Medium,Picked,0
108,2024-04-05,High,Picked,0
108,2024-04-06,Medium,Not Picked,0
108,2024-04-07,Low,Not Picked,0
108,2024-04-08,Medium,Not Picked,0
108,2024-04-09,Low,Not Picked,0
108,2024-04-10,Low,Not Picked,0
108,2024-04-11,High,Picked,0
108,2024-04-12,Medium,Not Picked,1
108,2024-04-13,Medium,Picked,0
108,2024-04-14,Low,Not Picked,0
108,2024-04-15,Low,Not Picked,0
108,2024-04-16,High,Not Picked,2
108,2024-04-17,Medium,Picked,0
108,2024-04-18,Medium,Not Picked,1
108,2024-04-19,Low,Not Picked,0
108,2024-04-20,Medium,Not Picked,1
108,2024-04-21,Medium,Not Picked,1
108,2024-04-22,High,Picked,0
108,2024-04-23,High,Picked,0
108,2024-04-24,Medium,Picked,0
108,2024-04-25,Medium,Not Picked,0
108,2024-04-26,Low,Picked,0
108,2024-04-27,High,Picked,0
108,2024-04-28,High,Picked,0
108,2024-04-29,Medium,Not Picked,0
109,2024-01-01,Medium,Picked,0
109,2024-01-02,Low,Not Picked,0
109,2024-01-03,Low,Not Picked,0
109,2024-01-04,High,Not Picked,1
109,2024-01-05,Low,Not Picked,0
109,2024-01-06,Low,Not Picked,0
109,2024-01-07,Low,Not Picked,0
109,2024-01-08,Medium,Not Picked,0
109,2024-01-09,Medium,Not Picked,1
109,2024-01-10,High,Not Picked,3
109,2024-01-11,Low,Not Picked,3
109,2024-01-12,Low,Not Picked,3
109,2024-01-13,Low,Not Picked,3
109,2024-01-14,Low,Not Picked,3
109,2024-01-15,Medium,Not Picked,3
109,2024-01-16,Medium,Picked,0
109,2024-01-17,Low,Not Picked,0
109,2024-01-18,Medium,Not Picked,1
109,2024-01-19,Medium,Not Picked,2
109,2024-01-20,Low,Not Picked,2
109,2024-01-21,High,Picked,0
109,2024-01-22,Medium,Not Picked,0
109,2024-01-23,Medium,Not Picked,0
109,2024-01-24,High,Not Picked,2
109,2024-01-25,High,Not Picked,3
109,2024-01-26,Medium,Picked,0
109,2024-01-27,Medium,Picked,0
109,2024-01-28,Medium,Not Picked,1
109,2024-01-29,Low,Not Picked,1
109,2024-01-30,Low,Not Picked,1
109,2024-01-31,High,Picked,0
109,2024-02-01,High,Not Picked,2
109,2024-02-02,Medium,Not Picked,2
109,2024-02-03,Medium,Not Picked,3
109,2024-02-04,Low,Not Picked,3
109,2024-02-05,Low,Not Picked,2
109,2024-02-06,High,Picked,0
109,2024-02-07,Medium,Not Picked,1
109,2024-02-08,High,Picked,0
109,2024-02-09,High,Not Picked,1
109,2024-02-10,Medium,Picked,0
109,2024-02-11,Medium,Not Picked,1
109,2024-02-12,Medium,Picked,0
109,2024-02-13,Low,Not Picked,0
109,2024-02-14,High,Not Picked,1
109,2024-02-15,Medium,Not Picked,2
109,2024-02-16,Low,Not Picked,1
109,2024-02-17,Low,Not Picked,0
109,2024-02-18,Low,Not Picked,0
109,2024-02-19,High,Not Picked,2
109,2024-02-20,Low,Not Picked,1
109,2024-02-21,Low,Not Picked,0
109,2024-02-22,Low,Not Picked,0
109,2024-02-23,Medium,Not Picked,1
109,2024-02-24,Medium,Not Picked,1
109,2024-02-25,Medium,Not Picked,2
109,2024-02-26,Low,Picked,0
109,2024-02-27,Medium,Not Picked,0
109,2024-02-28,Medium,Not Picked,0
109,2024-02-29,Medium,Not Picked,0
109,2024-03-01,Medium,Picked,0
109,2024-03-02,Low,Not Picked,0
109,2024-03-03,Medium,Not Picked,0
109,2024-03-04,High,Not Picked,2
109,2024-03-05,Medium,Picked,0
109,2024-03-06,Low,Not Picked,0
109,2024-03-07,Medium,Not Picked,1
109,2024-03-08,Low,Picked,0
109,2024-03-09,Medium,Picked,0
109,2024-03-10,Low,Not Picked,0
109,2024-03-11,Low,Picked,0
109,2024-03-12,Medium,Not Picked,0
109,2024-03-13,Medium,Not Picked,1
109,2024-03-14,Medium,Not Picked,2
109,2024-03-15,Low,Picked,0
109,2024-03-16,Low,Not Picked,0
109,2024-03-17,Low,Not Picked,0
109,2024-03-18,Low,Not Picked,0
109,2024-03-19,Medium,Picked,0
109,2024-03-20,Medium,Picked,0
109,2024-03-21,Low,Not Picked,0
109,2024-03-22,Medium,Not Picked,1
109,2024-03-23,Medium,Not Picked,2
109,2024-03-24,Low,Not Picked,1
109,2024-03-25,Medium,Picked,0
109,2024-03-26,Low,Not Picked,0
109,2024-03-27,High,Not Picked,2
109,2024-03-28,Low,Not Picked,2
109,2024-03-29,Medium,Picked,0
109,2024-03-30,Low,Not Picked,0
109,2024-03-31,Medium,Not Picked,1
109,2024-04-01,High,Picked,0
109,2024-04-02,Low,Not Picked,0
109,2024-04-03,Low,Not Picked,0
109,2024-04-04,Low,Picked,0
109,2024-04-05,Low,Not Picked,0
109,2024-04-06,Medium,Not Picked,0
109,2024-04-07,Medium,Not Picked,0
109,2024-04-08,Medium,Not Picked,0
109,2024-04-09,Medium,Not Picked,0
109,2024-04-10,Low,Not Picked,0
109,2024-04-11,Medium,Not Picked,1
109,2024-04-12,High,Picked,0
109,2024-04-13,Low,Not Picked,0
109,2024-04-14,High,Picked,0
109,2024-04-15,High,Not Picked,1
109,2024-04-16,Low,Picked,0
109,2024-04-17,Medium,Not Picked,0
109,2024-04-18,Medium,Picked,0
109,2024-04-19,Low,Not Picked,0
109,2024-04-20,Low,Not Picked,0
109,2024-04-21,Low,Not Picked,0
109,2024-04-22,Medium,Not Picked,0
109,2024-04-23,Low,Picked,0
109,2024-04-24,Low,Not Picked,0
109,2024-04-25,Low,Picked,0
109,2024-04-26,Low,Not Picked,0
109,2024-04-27,Medium,Picked,0
109,2024-04-28,Medium,Picked,0
109,2024-04-29,Medium,Not Picked,1
110,2024-01-01,Low,Not Picked,0
110,2024-01-02,Low,Not Picked,0
110,2024-01-03,Medium,Picked,0
110,2024-01-04,Low,Not Picked,0
110,2024-01-05,Low,Not Picked,0
110,2024-01-06,High,Not Picked,1
110,2024-01-07,Low,Not Picked,1
110,2024-01-08,Low,Not Picked,1
110,2024-01-09,Medium,Picked,0
110,2024-01-10,Medium,Not Picked,1
110,2024-01-11,Low,Not Picked,1
110,2024-01-12,Medium,Picked,0
110,2024-01-13,Low,Not Picked,0
110,2024-01-14,High,Not Picked,2
110,2024-01-15,Medium,Picked,0
110,2024-01-16,Medium,Picked,0
110,2024-01-17,Medium,Not Picked,1
110,2024-01-18,Medium,Not Picked,2
110,2024-01-19,Medium,Not Picked,2
110,2024-01-20,Low,Not Picked,2
110,2024-01-21,Low,Picked,0
110,2024-01-22,Medium,Not Picked,1
110,2024-01-23,Medium,Not Picked,2
110,2024-01-24,Low,Not Picked,2
110,2024-01-25,Low,Not Picked,2
110,2024-01-26,Low,Not Picked,1
110,2024-01-27,High,Picked,0
110,2024-01-28,Low,Picked,0
110,2024-01-29,Medium,Not Picked,0
110,2024-01-30,Low,Not Picked,0
110,2024-01-31,Medium,Not Picked,0
110,2024-02-01,Low,Not Picked,0
110,2024-02-02,Low,Not Picked,0
110,2024-02-03,High,Picked,0
110,2024-02-04,Medium,Not Picked,0
110,2024-02-05,Medium,Picked,0
110,2024-02-06,Medium,Not Picked,1
110,2024-02-07,Low,Picked,0
110,2024-02-08,Low,Not Picked,0
110,2024-02-09,Medium,Not Picked,0
110,2024-02-10,Low,Not Picked,0
110,2024-02-11,Medium,Not Picked,0
110,2024-02-12,Low,Not Picked,0
110,2024-02-13,High,Not Picked,1
110,2024-02-14,Medium,Not Picked,1
110,2024-02-15,Medium,Picked,0
110,2024-02-16,High,Picked,0
110,2024-02-17,Low,Not Picked,0
110,2024-02-18,Medium,Picked,0
110,2024-02-19,Low,Not Picked,0
110,2024-02-20,Low,Not Picked,0
110,2024-02-21,Medium,Not Picked,0
110,2024-02-22,Low,Not Picked,0
110,2024-02-23,Low,Picked,0
110,2024-02-24,Low,Not Picked,0
110,2024-02-25,Medium,Picked,0
110,2024-02-26,Low,Not Picked,0
110,2024-02-27,Medium,Picked,0
110,2024-02-28,Low,Not Picked,0
110,2024-02-29,Medium,Not Picked,1
110,2024-03-01,Medium,Not Picked,1
110,2024-03-02,Low,Not Picked,1
110,2024-03-03,Medium,Not Picked,1
110,2024-03-04,Low,Picked,0
110,2024-03-05,Low,Not Picked,0
110,2024-03-06,Low,Not Picked,0
110,2024-03-07,Low,Picked,0
110,2024-03-08,Low,Not Picked,0
110,2024-03-09,Low,Not Picked,0
110,2024-03-10,Medium,Picked,0
110,2024-03-11,High,Not Picked,1
110,2024-03-12,Medium,Picked,0
110,2024-03-13,Medium,Not Picked,1
110,2024-03-14,Medium,Not Picked,1
110,2024-03-15,Medium,Picked,0
110,2024-03-16,Medium,Not Picked,0
110,2024-03-17,Low,Not Picked,0
110,2024-03-18,Medium,Not Picked,0
110,2024-03-19,Medium,Not Picked,0
110,2024-03-20,High,Picked,0
110,2024-03-21,Medium,Not Picked,1
110,2024-03-22,Low,Picked,0
110,2024-03-23,Medium,Not Picked,1
110,2024-03-24,Medium,Picked,0
110,2024-03-25,Low,Not Picked,0
110,2024-03-26,Low,Picked,0
110,2024-03-27,Medium,Picked,0
110,2024-03-28,Medium,Picked,0
110,2024-03-29,Medium,Not Picked,1
110,2024-03-30,Medium,Not Picked,2
110,2024-03-31,High,Not Picked,3
110,2024-04-01,Low,Not Picked,3
110,2024-04-02,Low,Picked,0
110,2024-04-03,Medium,Not Picked,1
110,2024-04-04,Medium,Not Picked,2
110,2024-04-05,High,Picked,0
110,2024-04-06,Medium,Picked,0
110,2024-04-07,Low,Not Picked,0
110,2024-04-08,Medium,Not Picked,1
110,2024-04-09,Medium,Not Picked,2
110,2024-04-10,Medium,Picked,0
110,2024-04-11,Low,Not Picked,0
110,2024-04-12,Low,Not Picked,0
110,2024-04-13,Low,Not Picked,0
110,2024-04-14,Medium,Picked,0
110,2024-04-15,High,Picked,0
110,2024-04-16,High,Not Picked,1
110,2024-04-17,Low,Picked,0
110,2024-04-18,Medium,Not Picked,1
110,2024-04-19,Low,Picked,0
110,2024-04-20,Low,Picked,0
110,2024-04-21,Low,Picked,0
110,2024-04-22,High,Not Picked,1
110,2024-04-23,High,Picked,0
110,2024-04-24,Medium,Not Picked,1
110,2024-04-25,Low,Not Picked,0
110,2024-04-26,High,Not Picked,2
110,2024-04-27,Low,Picked,0
110,2024-04-28,Low,Not Picked,0
110,2024-04-29,Low,Not Picked,0
111,2024-01-01,Low,Not Picked,0
111,2024-01-02,Medium,Picked,0
111,2024-01-03,Medium,Picked,0
111,2024-01-04,Low,Not Picked,0
111,2024-01-05,Medium,Not Picked,0
111,2024-01-06,Medium,Picked,0
111,2024-01-07,Low,Not Picked,0
111,2024-01-08,Medium,Not Picked,0
111,2024-01-09,Low,Picked,0
111,2024-01-10,Medium,Not Picked,0
111,2024-01-11,Low,Not Picked,0
111,2024-01-12,Medium,Not Picked,0
111,2024-01-13,Low,Not Picked,0
111,2024-01-14,Low,Not Picked,0
111,2024-01-15,Medium,Not Picked,1
111,2024-01-16,Low,Picked,0
111,2024-01-17,Low,Not Picked,0
111,2024-01-18,Medium,Not Picked,1
111,2024-01-19,Low,Not Picked,1
111,2024-01-20,Low,Picked,0
111,2024-01-21,Low,Not Picked,0
111,2024-01-22,High,Not Picked,1
111,2024-01-23,High,Not Picked,2
111,2024-01-24,Medium,Picked,0
111,2024-01-25,Medium,Not Picked,1
111,2024-01-26,High,Picked,0
111,2024-01-27,Medium,Not Picked,1
111,2024-01-28,Low,Picked,0
111,2024-01-29,Medium,Not Picked,0
111,2024-01-30,Low,Not Picked,0
111,2024-01-31,High,Picked,0
111,2024-02-01,Low,Not Picked,0
111,2024-02-02,Low,Not Picked,0
111,2024-02-03,Low,Not Picked,0
111,2024-02-04,High,Not Picked,1
111,2024-02-05,Medium,Picked,0
111,2024-02-06,Low,Not Picked,0
111,2024-02-07,Medium,Picked,0
111,2024-02-08,Low,Not Picked,0
111,2024-02-09,High,Not Picked,1
111,2024-02-10,Medium,Not Picked,2
111,2024-02-11,Medium,Picked,0
111,2024-02-12,High,Not Picked,1
111,2024-02-13,Medium,Not Picked,1
111,2024-02-14,High,Not Picked,2
111,2024-02-15,Medium,Picked,0
111,2024-02-16,High,Picked,0
111,2024-02-17,Low,Not Picked,0
111,2024-02-18,Medium,Not Picked,1
111,2024-02-19,Medium,Not Picked,2
111,2024-02-20,Low,Not Picked,2
111,2024-02-21,Low,Not Picked,2
111,2024-02-22,Medium,Not Picked,2
111,2024-02-23,Medium,Picked,0
111,2024-02-24,High,Not Picked,2
111,2024-02-25,High,Not Picked,4
111,2024-02-26,Low,Picked,0
111,2024-02-27,Medium,Not Picked,1
111,2024-02-28,Medium,Picked,0
111,2024-02-29,Medium,Not Picked,0
111,2024-03-01,Medium,Picked,0
111,2024-03-02,Medium,Not Picked,0
111,2024-03-03,Medium,Not Picked,0
111,2024-03-04,High,Picked,0
111,2024-03-05,Low,Not Picked,0
111,2024-03-06,Low,Not Picked,0
111,2024-03-07,Low,Not Picked,0
111,2024-03-08,Low,Not Picked,0
111,2024-03-09,Low,Not Picked,0
111,2024-03-10,Medium,Picked,0
111,2024-03-11,Medium,Picked,0
111,2024-03-12,Low,Picked,0
111,2024-03-13,Low,Not Picked,0
111,2024-03-14,Medium,Not Picked,1
111,2024-03-15,Medium,Picked,0
111,2024-03-16,Medium,Not Picked,0
111,2024-03-17,Low,Not Picked,0
111,2024-03-18,Low,Picked,0
111,2024-03-19,Low,Picked,0
111,2024-03-20,Medium,Picked,0
111,2024-03-21,High,Picked,0
111,2024-03-22,Low,Not Picked,0
111,2024-03-23,Low,Not Picked,0
111,2024-03-24,Medium,Not Picked,1
111,2024-03-25,Medium,Picked,0
111,2024-03-26,Medium,Picked,0
111,2024-03-27,Medium,Not Picked,0
111,2024-03-28,Low,Not Picked,0
111,2024-03-29,Low,Not Picked,0
111,2024-03-30,Low,Not Picked,0
111,2024-03-31,High,Picked,0
111,2024-04-01,Medium,Not Picked,0
111,2024-04-02,Medium,Not Picked,0
111,2024-04-03,Medium,Not Picked,0
111,2024-04-04,Medium,Not Picked,0
111,2024-04-05,Low,Not Picked,0
111,2024-04-06,Low,Picked,0
111,2024-04-07,Low,Not Picked,0
111,2024-04-08,Low,Picked,0
111,2024-04-09,Medium,Picked,0
111,2024-04-10,Low,Not Picked,0
111,2024-04-11,Low,Not Picked,0
111,2024-04-12,Low,Not Picked,0
111,2024-04-13,High,Not Picked,1
111,2024-04-14,Medium,Not Picked,1
111,2024-04-15,High,Picked,0
111,2024-04-16,Low,Not Picked,0
111,2024-04-17,Low,Not Picked,0
111,2024-04-18,Low,Not Picked,0
111,2024-04-19,Medium,Not Picked,0
111,2024-04-20,Low,Not Picked,0
111,2024-04-21,Low,Picked,0
111,2024-04-22,Medium,Not Picked,0
111,2024-04-23,Low,Not Picked,0
111,2024-04-24,Low,Picked,0
111,2024-04-25,High,Picked,0
111,2024-04-26,Low,Picked,0
111,2024-04-27,Low,Not Picked,0
111,2024-04-28,High,Not Picked,1
111,2024-04-29,Medium,Not Picked,1
112,2024-01-01,Low,Not Picked,0
112,2024-01-02,Medium,Not Picked,0
112,2024-01-03,Medium,Not Picked,0
112,2024-01-04,High,Picked,0
112,2024-01-05,Low,Picked,0
112,2024-01-06,Low,Not Picked,0
112,2024-01-07,Low,Not Picked,0
112,2024-01-08,Low,Not Picked,0
112,2024-01-09,Low,Not Picked,0
112,2024-01-10,Medium,Not Picked,0
112,2024-01-11,Low,Picked,0
112,2024-01-12,Low,Not Picked,0
112,2024-01-13,Low,Not Picked,0
112,2024-01-14,Low,Not Picked,0
112,2024-01-15,Low,Not Picked,0
112,2024-01-16,Low,Not Picked,0
112,2024-01-17,Low,Not Picked,0
112,2024-01-18,Low,Not Picked,0
112,2024-01-19,Medium,Not Picked,1
112,2024-01-20,Medium,Not Picked,1
112,2024-01-21,Medium,Not Picked,2
112,2024-01-22,High,Picked,0
112,2024-01-23,Low,Not Picked,0
112,2024-01-24,Low,Not Picked,0
112,2024-01-25,High,Picked,0
112,2024-01-26,Medium,Not Picked,0
112,2024-01-27,Medium,Picked,0
112,2024-01-28,Low,Picked,0
112,2024-01-29,Low,Not Picked,0
112,2024-01-30,Medium,Not Picked,1
112,2024-01-31,Medium,Not Picked,2
112,2024-02-01,Medium,Not Picked,3
112,2024-02-02,Medium,Not Picked,4
112,2024-02-03,Medium,Not Picked,4
112,2024-02-04,High,Picked,0
112,2024-02-05,Low,Not Picked,0
112,2024-02-06,Low,Not Picked,0
112,2024-02-07,Medium,Not Picked,0
112,2024-02-08,Low,Not Picked,0
112,2024-02-09,Medium,Not Picked,1
112,2024-02-10,Medium,Not Picked,1
112,2024-02-11,Low,Not Picked,0
112,2024-02-12,Medium,Not Picked,0
112,2024-02-13,Medium,Not Picked,1
112,2024-02-14,Low,Not Picked,0
112,2024-02-15,Low,Not Picked,0
112,2024-02-16,High,Not Picked,1
112,2024-02-17,High,Not Picked,2
112,2024-02-18,Medium,Not Picked,2
112,2024-02-19,Low,Not Picked,1
112,2024-02-20,Medium,Picked,0
112,2024-02-21,Medium,Not Picked,0
112,2024-02-22,Medium,Not Picked,1
112,2024-02-23,High,Picked,0
112,2024-02-24,High,Picked,0
112,2024-02-25,Low,Not Picked,0
112,2024-02-26,Low,Not Picked,0
112,2024-02-27,Medium,Not Picked,1
112,2024-02-28,Low,Not Picked,0
112,2024-02-29,Low,Not Picked,0
112,2024-03-01,Medium,Not Picked,1
112,2024-03-02,Low,Not Picked,0
112,2024-03-03,Medium,Not Picked,1
112,2024-03-04,Medium,Picked,0
112,2024-03-05,Low,Not Picked,0
112,2024-03-06,Low,Not Picked,0
112,2024-03-07,Medium,Not Picked,1
112,2024-03-08,Medium,Picked,0
112,2024-03-09,Low,Not Picked,0
112,2024-03-10,Medium,Not Picked,1
112,2024-03-11,Low,Not Picked,1
112,2024-03-12,Medium,Picked,0
112,2024-03-13,Low,Not Picked,0
112,2024-03-14,High,Picked,0
112,2024-03-15,Low,Not Picked,0
112,2024-03-16,Medium,Not Picked,0
112,2024-03-17,Medium,Not Picked,0
112,2024-03-18,Low,Not Picked,0
112,2024-03-19,Medium,Not Picked,0
112,2024-03-20,Low,Not Picked,0
112,2024-03-21,Medium,Not Picked,1
112,2024-03-22,High,Not Picked,2
112,2024-03-23,Low,Not Picked,2
112,2024-03-24,Low,Picked,0
112,2024-03-25,Medium,Picked,0
112,2024-03-26,High,Not Picked,1
112,2024-03-27,Medium,Not Picked,1
112,2024-03-28,Medium,Picked,0
112,2024-03-29,Low,Not Picked,0
112,2024-03-30,Low,Not Picked,0
112,2024-03-31,Medium,Not Picked,0
112,2024-04-01,Low,Not Picked,0
112,2024-04-02,Medium,Not Picked,1
112,2024-04-03,Low,Not Picked,1
112,2024-04-04,Low,Picked,0
112,2024-04-05,Medium,Not Picked,0
112,2024-04-06,Low,Not Picked,0
112,2024-04-07,Low,Picked,0
112,2024-04-08,High,Not Picked,2
112,2024-04-09,Medium,Not Picked,3
112,2024-04-10,Medium,Picked,0
112,2024-04-11,Low,Not Picked,0
112,2024-04-12,Medium,Not Picked,0
112,2024-04-13,Medium,Not Picked,0
112,2024-04-14,High,Not Picked,1
112,2024-04-15,Medium,Not Picked,2
112,2024-04-16,Medium,Picked,0
112,2024-04-17,Medium,Not Picked,1
112,2024-04-18,Medium,Not Picked,1
112,2024-04-19,Medium,Not Picked,2
112,2024-04-20,Medium,Not Picked,2
112,2024-04-21,Low,Picked,0
112,2024-04-22,High,Not Picked,2
112,2024-04-23,Low,Not Picked,2
112,2024-04-24,Low,Not Picked,1
112,2024-04-25,Medium,Not Picked,1
112,2024-04-26,Low,Not Picked,0
112,2024-04-27,Low,Not Picked,0
112,2024-04-28,High,Not Picked,1
112,2024-04-29,High,Not Picked,3
113,2024-01-01,Low,Not Picked,0
113,2024-01-02,Medium,Picked,0
113,2024-01-03,Low,Not Picked,0
113,2024-01-04,Medium,Not Picked,0
113,2024-01-05,Medium,Not Picked,1
113,2024-01-06,Medium,Picked,0
113,2024-01-07,High,Picked,0
113,2024-01-08,High,Picked,0
113,2024-01-09,Low,Picked,0
113,2024-01-10,High,Picked,0
113,2024-01-11,High,Picked,0
113,2024-01-12,Medium,Not Picked,0
113,2024-01-13,High,Picked,0
113,2024-01-14,High,Picked,0
113,2024-01-15,Low,Picked,0
113,2024-01-16,High,Not Picked,1
113,2024-01-17,High,Not Picked,2
113,2024-01-18,Medium,Picked,0
113,2024-01-19,Low,Not Picked,0
113,2024-01-20,Medium,Not Picked,0
113,2024-01-21,Low,Not Picked,0
113,2024-01-22,High,Picked,0
113,2024-01-23,Low,Not Picked,0
113,2024-01-24,Medium,Picked,0
113,2024-01-25,High,Not Picked,1
113,2024-01-26,High,Picked,0
113,2024-01-27,High,Not Picked,2
113,2024-01-28,Medium,Not Picked,3
113,2024-01-29,Medium,Picked,0
113,2024-01-30,High,Picked,0
113,2024-01-31,Medium,Picked,0
113,2024-02-01,High,Not Picked,2
113,2024-02-02,Low,Not Picked,2
113,2024-02-03,Medium,Picked,0
113,2024-02-04,High,Picked,0
113,2024-02-05,Medium,Not Picked,1
113,2024-02-06,Medium,Not Picked,2
113,2024-02-07,Medium,Not Picked,2
113,2024-02-08,High,Not Picked,3
113,2024-02-09,High,Picked,0
113,2024-02-10,Medium,Not Picked,0
113,2024-02-11,High,Not Picked,2
113,2024-02-12,Low,Not Picked,1
113,2024-02-13,High,Picked,0
113,2024-02-14,Low,Not Picked,0
113,2024-02-15,Medium,Not Picked,1
113,2024-02-16,Medium,Not Picked,1
113,2024-02-17,Medium,Not Picked,2
113,2024-02-18,High,Picked,0
113,2024-02-19,High,Not Picked,1
113,2024-02-20,Low,Picked,0
113,2024-02-21,High,Not Picked,1
113,2024-02-22,Medium,Not Picked,1
113,2024-02-23,High,Not Picked,3
113,2024-02-24,Medium,Picked,0
113,2024-02-25,High,Not Picked,2
113,2024-02-26,Low,Not Picked,1
113,2024-02-27,Medium,Not Picked,1
113,2024-02-28,Medium,Not Picked,1
113,2024-02-29,High,Picked,0
113,2024-03-01,High,Not Picked,1
113,2024-03-02,Medium,Not Picked,1
113,2024-03-03,Low,Picked,0
113,2024-03-04,High,Picked,0
113,2024-03-05,High,Not Picked,2
113,2024-03-06,High,Not Picked,3
113,2024-03-07,Medium,Not Picked,3
113,2024-03-08,High,Picked,0
113,2024-03-09,Medium,Not Picked,0
113,2024-03-10,Low,Not Picked,0
113,2024-03-11,Low,Not Picked,0
113,2024-03-12,Medium,Not Picked,0
113,2024-03-13,High,Picked,0
113,2024-03-14,Medium,Not Picked,1
113,2024-03-15,High,Picked,0
113,2024-03-16,High,Not Picked,1
113,2024-03-17,Medium,Picked,0
113,2024-03-18,Medium,Not Picked,0
113,2024-03-19,Medium,Not Picked,1
113,2024-03-20,High,Picked,0
113,2024-03-21,Medium,Picked,0
113,2024-03-22,Low,Picked,0
113,2024-03-23,Low,Not Picked,0
113,2024-03-24,Low,Not Picked,0
113,2024-03-25,Medium,Not Picked,0
113,2024-03-26,High,Not Picked,1
113,2024-03-27,High,Picked,0
113,2024-03-28,Medium,Picked,0
113,2024-03-29,Medium,Picked,0
113,2024-03-30,High,Not Picked,1
113,2024-03-31,Low,Not Picked,0
113,2024-04-01,Medium,Not Picked,0
113,2024-04-02,High,Picked,0
113,2024-04-03,Medium,Not Picked,0
113,2024-04-04,Low,Not Picked,0
113,2024-04-05,Medium,Not Picked,1
113,2024-04-06,High,Not Picked,2
113,2024-04-07,High,Picked,0
113,2024-04-08,Low,Picked,0
113,2024-04-09,Medium,Not Picked,1
113,2024-04-10,High,Not Picked,3
113,2024-04-11,Medium,Not Picked,3
113,2024-04-12,Medium,Picked,0
113,2024-04-13,Medium,Not Picked,1
113,2024-04-14,Low,Not Picked,0
113,2024-04-15,High,Picked,0
113,2024-04-16,High,Not Picked,1
113,2024-04-17,Low,Not Picked,0
113,2024-04-18,High,Not Picked,1
113,2024-04-19,Medium,Picked,0
113,2024-04-20,High,Not Picked,1
113,2024-04-21,Medium,Picked,0
113,2024-04-22,Medium,Not Picked,0
113,2024-04-23,High,Not Picked,1
113,2024-04-24,Medium,Not Picked,1
113,2024-04-25,High,Not Picked,2
113,2024-04-26,High,Picked,0
113,2024-04-27,High,Not Picked,2
113,2024-04-28,High,Not Picked,4
113,2024-04-29,Medium,Picked,0
114,2024-01-01,High,Not Picked,1
114,2024-01-02,High,Picked,0
114,2024-01-03,Low,Not Picked,0
114,2024-01-04,High,Picked,0
114,2024-01-05,High,Not Picked,2
114,2024-01-06,High,Picked,0
114,2024-01-07,Medium,Not Picked,1
114,2024-01-08,High,Not Picked,2
114,2024-01-09,Medium,Picked,0
114,2024-01-10,Medium,Not Picked,1
114,2024-01-11,High,Not Picked,3
114,2024-01-12,High,Picked,0
114,2024-01-13,High,Picked,0
114,2024-01-14,High,Not Picked,1
114,2024-01-15,High,Not Picked,3
114,2024-01-16,High,Not Picked,4
114,2024-01-17,Low,Picked,0
114,2024-01-18,Low,Not Picked,0
114,2024-01-19,Medium,Not Picked,0
114,2024-01-20,High,Picked,0
114,2024-01-21,Medium,Not Picked,0
114,2024-01-22,High,Not Picked,2
114,2024-01-23,Medium,Not Picked,2
114,2024-01-24,Medium,Picked,0
114,2024-01-25,High,Not Picked,1
114,2024-01-26,Low,Not Picked,1
114,2024-01-27,Medium,Picked,0
114,2024-01-28,High,Not Picked,1
114,2024-01-29,Medium,Not Picked,2
114,2024-01-30,High,Picked,0
114,2024-01-31,High,Picked,0
114,2024-02-01,Medium,Not Picked,0
114,2024-02-02,Low,Not Picked,0
114,2024-02-03,Low,Not Picked,0
114,2024-02-04,Medium,Not Picked,0
114,2024-02-05,Medium,Not Picked,0
114,2024-02-06,High,Not Picked,1
114,2024-02-07,Low,Not Picked,1
114,2024-02-08,High,Not Picked,2
114,2024-02-09,High,Not Picked,4
114,2024-02-10,Low,Picked,0
114,2024-02-11,High,Not Picked,2
114,2024-02-12,High,Picked,0
114,2024-02-13,High,Picked,0
114,2024-02-14,High,Not Picked,1
114,2024-02-15,Low,Picked,0
114,2024-02-16,High,Picked,0
114,2024-02-17,Medium,Not Picked,0
114,2024-02-18,Low,Picked,0
114,2024-02-19,Medium,Not Picked,0
114,2024-02-20,Medium,Not Picked,0
114,2024-02-21,Medium,Not Picked,0
114,2024-02-22,Low,Picked,0
114,2024-02-23,Medium,Not Picked,0
114,2024-02-24,Low,Not Picked,0
114,2024-02-25,Low,Picked,0
114,2024-02-26,Medium,Not Picked,0
114,2024-02-27,High,Picked,0
114,2024-02-28,Low,Not Picked,0
114,2024-02-29,Medium,Picked,0
114,2024-03-01,Medium,Not Picked,1
114,2024-03-02,High,Picked,0
114,2024-03-03,High,Picked,0
114,2024-03-04,Medium,Picked,0
114,2024-03-05,High,Not Picked,2
114,2024-03-06,High,Picked,0
114,2024-03-07,High,Not Picked,1
114,2024-03-08,Medium,Not Picked,1
114,2024-03-09,High,Picked,0
114,2024-03-10,Medium,Not Picked,0
114,2024-03-11,High,Picked,0
114,2024-03-12,High,Picked,0
114,2024-03-13,Low,Not Picked,0
114,2024-03-14,High,Picked,0
114,2024-03-15,High,Picked,0
114,2024-03-16,Low,Not Picked,0
114,2024-03-17,Medium,Not Picked,0
114,2024-03-18,Medium,Not Picked,0
114,2024-03-19,High,Not Picked,2
114,2024-03-20,Medium,Picked,0
114,2024-03-21,High,Not Picked,2
114,2024-03-22,High,Picked,0
114,2024-03-23,Medium,Not Picked,0
114,2024-03-24,High,Not Picked,2
114,2024-03-25,High,Picked,0
114,2024-03-26,Medium,Not Picked,0
114,2024-03-27,Low,Picked,0
114,2024-03-28,Medium,Not Picked,0
114,2024-03-29,High,Not Picked,1
114,2024-03-30,Medium,Not Picked,1
114,2024-03-31,High,Picked,0
114,2024-04-01,Low,Not Picked,0
114,2024-04-02,High,Picked,0
114,2024-04-03,Medium,Not Picked,0
114,2024-04-04,High,Not Picked,2
114,2024-04-05,Medium,Picked,0
114,2024-04-06,Medium,Picked,0
114,2024-04-07,Medium,Not Picked,1
114,2024-04-08,High,Picked,0
114,2024-04-09,High,Picked,0
114,2024-04-10,High,Not Picked,2
114,2024-04-11,Low,Picked,0
114,2024-04-12,Medium,Not Picked,1
114,2024-04-13,Low,Not Picked,1
114,2024-04-14,Low,Not Picked,1
114,2024-04-15,High,Not Picked,2
114,2024-04-16,Medium,Picked,0
114,2024-04-17,High,Not Picked,2
114,2024-04-18,Low,Not Picked,1
114,2024-04-19,Medium,Picked,0
114,2024-04-20,High,Picked,0
114,2024-04-21,High,Picked,0
114,2024-04-22,Medium,Not Picked,0
114,2024-04-23,Medium,Not Picked,0
114,2024-04-24,Medium,Not Picked,1
114,2024-04-25,Medium,Picked,0
114,2024-04-26,High,Not Picked,1
114,2024-04-27,High,Not Picked,2
114,2024-04-28,High,Not Picked,3
114,2024-04-29,High,Picked,0
115,2024-01-01,High,Picked,0
115,2024-01-02,High,Not Picked,2
115,2024-01-03,Low,Not Picked,1
115,2024-01-04,High,Picked,0
115,2024-01-05,Medium,Not Picked,0
115,2024-01-06,Medium,Not Picked,0
115,2024-01-07,Medium,Picked,0
115,2024-01-08,Low,Not Picked,0
115,2024-01-09,Low,Picked,0
115,2024-01-10,High,Not Picked,2
115,2024-01-11,Medium,Not Picked,3
115,2024-01-12,Low,Not Picked,2
115,2024-01-13,High,Picked,0
115,2024-01-14,Medium,Not Picked,1
115,2024-01-15,Low,Not Picked,0
115,2024-01-16,High,Not Picked,1
115,2024-01-17,High,Not Picked,2
115,2024-01-18,Low,Not Picked,1
115,2024-01-19,Medium,Picked,0
115,2024-01-20,Medium,Not Picked,0
115,2024-01-21,High,Not Picked,1
115,2024-01-22,Medium,Not Picked,1
115,2024-01-23,High,Not Picked,3
115,2024-01-24,Medium,Picked,0
115,2024-01-25,High,Picked,0
115,2024-01-26,Medium,Not Picked,0
115,2024-01-27,High,Not Picked,2
115,2024-01-28,Medium,Not Picked,3
115,2024-01-29,Low,Not Picked,2
115,2024-01-30,High,Picked,0
115,2024-01-31,Low,Picked,0
115,2024-02-01,Medium,Not Picked,1
115,2024-02-02,High,Picked,0
115,2024-02-03,High,Picked,0
115,2024-02-04,High,Not Picked,2
115,2024-02-05,High,Picked,0
115,2024-02-06,Low,Not Picked,0
115,2024-02-07,Medium,Not Picked,1
115,2024-02-08,High,Picked,0
115,2024-02-09,High,Picked,0
115,2024-02-10,Medium,Picked,0
115,2024-02-11,High,Picked,0
115,2024-02-12,Medium,Not Picked,0
115,2024-02-13,Low,Not Picked,0
115,2024-02-14,Low,Not Picked,0
115,2024-02-15,Low,Picked,0
115,2024-02-16,High,Not Picked,1
115,2024-02-17,Low,Not Picked,1
115,2024-02-18,High,Not Picked,3
115,2024-02-19,Medium,Picked,0
115,2024-02-20,Medium,Picked,0
115,2024-02-21,Low,Not Picked,0
115,2024-02-22,Medium,Picked,0
115,2024-02-23,Low,Picked,0
115,2024-02-24,Low,Not Picked,0
115,2024-02-25,High,Picked,0
115,2024-02-26,Medium,Not Picked,0
115,2024-02-27,Medium,Not Picked,1
115,2024-02-28,Medium,Not Picked,1
115,2024-02-29,Medium,Picked,0
115,2024-03-01,Medium,Picked,0
115,2024-03-02,Low,Not Picked,0
115,2024-03-03,Medium,Not Picked,1
115,2024-03-04,Medium,Not Picked,1
115,2024-03-05,High,Picked,0
115,2024-03-06,Medium,Not Picked,1
115,2024-03-07,Medium,Not Picked,2
115,2024-03-08,Medium,Not Picked,2
115,2024-03-09,Medium,Picked,0
115,2024-03-10,Low,Not Picked,0
115,2024-03-11,Medium,Not Picked,1
115,2024-03-12,Medium,Not Picked,1
115,2024-03-13,High,Not Picked,2
115,2024-03-14,Low,Picked,0
115,2024-03-15,High,Not Picked,2
115,2024-03-16,High,Picked,0
115,2024-03-17,High,Picked,0
115,2024-03-18,High,Picked,0
115,2024-03-19,High,Picked,0
115,2024-03-20,High,Picked,0
115,2024-03-21,Low,Not Picked,0
115,2024-03-22,Medium,Picked,0
115,2024-03-23,High,Not Picked,2
115,2024-03-24,High,Picked,0
115,2024-03-25,High,Picked,0
115,2024-03-26,High,Not Picked,1
115,2024-03-27,High,Picked,0
115,2024-03-28,Medium,Not Picked,1
115,2024-03-29,Medium,Not Picked,1
115,2024-03-30,Low,Not Picked,1
115,2024-03-31,Low,Not Picked,1
115,2024-04-01,High,Picked,0
115,2024-04-02,High,Picked,0
115,2024-04-03,High,Picked,0
115,2024-04-04,High,Not Picked,2
115,2024-04-05,High,Picked,0
115,2024-04-06,High,Picked,0
115,2024-04-07,High,Picked,0
115,2024-04-08,High,Not Picked,1
115,2024-04-09,High,Not Picked,2
115,2024-04-10,Low,Not Picked,1
115,2024-04-11,Low,Not Picked,0
115,2024-04-12,High,Picked,0
115,2024-04-13,High,Picked,0
115,2024-04-14,Low,Not Picked,0
115,2024-04-15,Medium,Not Picked,0
115,2024-04-16,Low,Not Picked,0
115,2024-04-17,High,Not Picked,1
115,2024-04-18,Medium,Not Picked,2
115,2024-04-19,High,Picked,0
115,2024-04-20,High,Picked,0
115,2024-04-21,High,Not Picked,1
115,2024-04-22,High,Picked,0
115,2024-04-23,High,Picked,0
115,2024-04-24,High,Not Picked,2
115,2024-04-25,Medium,Picked,0
115,2024-04-26,High,Picked,0
115,2024-04-27,High,Picked,0
115,2024-04-28,Medium,Not Picked,0
115,2024-04-29,High,Picked,0
116,2024-01-01,Medium,Not Picked,1
116,2024-01-02,Medium,Picked,0
116,2024-01-03,High,Not Picked,1
116,2024-01-04,High,Not Picked,3
116,2024-01-05,High,Picked,0
116,2024-01-06,Low,Not Picked,0
116,2024-01-07,High,Not Picked,2
116,2024-01-08,High,Picked,0
116,2024-01-09,High,Picked,0
116,2024-01-10,High,Not Picked,1
116,2024-01-11,High,Not Picked,2
116,2024-01-12,Medium,Not Picked,2
116,2024-01-13,Medium,Picked,0
116,2024-01-14,High,Picked,0
116,2024-01-15,High,Not Picked,1
116,2024-01-16,Medium,Not Picked,2
116,2024-01-17,Low,Not Picked,2
116,2024-01-18,High,Picked,0
116,2024-01-19,Medium,Not Picked,1
116,2024-01-20,High,Not Picked,3
116,2024-01-21,High,Picked,0
116,2024-01-22,High,Not Picked,2
116,2024-01-23,Medium,Picked,0
116,2024-01-24,High,Picked,0
116,2024-01-25,Medium,Not Picked,1
116,2024-01-26,Medium,Not Picked,2
116,2024-01-27,High,Picked,0
116,2024-01-28,Medium,Not Picked,0
116,2024-01-29,Low,Not Picked,0
116,2024-01-30,High,Picked,0
116,2024-01-31,Low,Not Picked,0
116,2024-02-01,Medium,Not Picked,0
116,2024-02-02,High,Picked,0
116,2024-02-03,Medium,Not Picked,0
116,2024-02-04,High,Not Picked,1
116,2024-02-05,High,Not Picked,2
116,2024-02-06,High,Picked,0
116,2024-02-07,High,Picked,0
116,2024-02-08,Low,Not Picked,0
116,2024-02-09,High,Picked,0
116,2024-02-10,Medium,Not Picked,0
116,2024-02-11,High,Picked,0
116,2024-02-12,High,Not Picked,2
116,2024-02-13,Medium,Not Picked,3
116,2024-02-14,High,Picked,0
116,2024-02-15,High,Not Picked,1
116,2024-02-16,Medium,Not Picked,1
116,2024-02-17,High,Not Picked,3
116,2024-02-18,High,Picked,0
116,2024-02-19,Medium,Not Picked,0
116,2024-02-20,High,Not Picked,2
116,2024-02-21,Medium,Picked,0
116,2024-02-22,Medium,Not Picked,0
116,2024-02-23,Medium,Not Picked,0
116,2024-02-24,Medium,Not Picked,1
116,2024-02-25,High,Not Picked,2
116,2024-02-26,Low,Not Picked,1
116,2024-02-27,Medium,Picked,0
116,2024-02-28,High,Picked,0
116,2024-02-29,High,Not Picked,1
116,2024-03-01,Medium,Picked,0
116,2024-03-02,High,Not Picked,1
116,2024-03-03,Low,Not Picked,0
116,2024-03-04,Medium,Not Picked,1
116,2024-03-05,High,Not Picked,2
116,2024-03-06,High,Picked,0
116,2024-03-07,Medium,Not Picked,0
116,2024-03-08,High,Picked,0
116,2024-03-09,High,Not Picked,2
116,2024-03-10,High,Not Picked,3
116,2024-03-11,High,Not Picked,4
116,2024-03-12,High,Picked,0
116,2024-03-13,Medium,Not Picked,1
116,2024-03-14,High,Not Picked,2
116,2024-03-15,Low,Not Picked,1
116,2024-03-16,High,Not Picked,3
116,2024-03-17,High,Picked,0
116,2024-03-18,Medium,Not Picked,0
116,2024-03-19,High,Not Picked,2
116,2024-03-20,High,Picked,0
116,2024-03-21,High,Picked,0
116,2024-03-22,High,Not Picked,1
116,2024-03-23,High,Not Picked,3
116,2024-03-24,High,Picked,0
116,2024-03-25,High,Not Picked,1
116,2024-03-26,Medium,Not Picked,2
116,2024-03-27,High,Picked,0
116,2024-03-28,Medium,Picked,0
116,2024-03-29,High,Picked,0
116,2024-03-30,Low,Not Picked,0
116,2024-03-31,Medium,Not Picked,0
116,2024-04-01,Medium,Picked,0
116,2024-04-02,Low,Not Picked,0
116,2024-04-03,High,Not Picked,1
116,2024-04-04,Low,Not Picked,1
116,2024-04-05,High,Picked,0
116,2024-04-06,High,Picked,0
116,2024-04-07,Medium,Not Picked,1
116,2024-04-08,High,Not Picked,3
116,2024-04-09,Low,Not Picked,2
116,2024-04-10,High,Picked,0
116,2024-04-11,Low,Not Picked,0
116,2024-04-12,High,Picked,0
116,2024-04-13,High,Picked,0
116,2024-04-14,High,Not Picked,1
116,2024-04-15,Medium,Not Picked,2
116,2024-04-16,High,Not Picked,3
116,2024-04-17,Low,Picked,0
116,2024-04-18,High,Not Picked,1
116,2024-04-19,High,Picked,0
116,2024-04-20,Medium,Not Picked,1
116,2024-04-21,High,Not Picked,3
116,2024-04-22,High,Picked,0
116,2024-04-23,Medium,Not Picked,0
116,2024-04-24,High,Picked,0
116,2024-04-25,Medium,Not Picked,0
116,2024-04-26,Medium,Not Picked,0
116,2024-04-27,Medium,Not Picked,0
116,2024-04-28,Medium,Not Picked,1
116,2024-04-29,High,Picked,0
117,2024-01-01,Medium,Not Picked,1
117,2024-01-02,High,Not Picked,2
117,2024-01-03,High,Picked,0
117,2024-01-04,Medium,Not Picked,0
117,2024-01-05,Medium,Not Picked,1
117,2024-01-06,High,Not Picked,3
117,2024-01-07,Low,Picked,0
117,2024-01-08,High,Picked,0
117,2024-01-09,Low,Not Picked,0
117,2024-01-10,Medium,Picked,0
117,2024-01-11,Medium,Not Picked,0
117,2024-01-12,High,Not Picked,1
117,2024-01-13,Low,Not Picked,1
117,2024-01-14,High,Not Picked,2
117,2024-01-15,Medium,Not Picked,3
117,2024-01-16,Low,Not Picked,2
117,2024-01-17,High,Picked,0
117,2024-01-18,Low,Picked,0
117,2024-01-19,Medium,Not Picked,0
117,2024-01-20,Medium,Picked,0
117,2024-01-21,Low,Not Picked,0
117,2024-01-22,Low,Not Picked,0
117,2024-01-23,High,Picked,0
117,2024-01-24,Low,Picked,0
117,2024-01-25,Low,Not Picked,0
117,2024-01-26,Low,Not Picked,0
117,2024-01-27,Medium,Not Picked,0
117,2024-01-28,Medium,Not Picked,0
117,2024-01-29,Medium,Not Picked,0
117,2024-01-30,Medium,Picked,0
117,2024-01-31,Medium,Not Picked,1
117,2024-02-01,Low,Not Picked,0
117,2024-02-02,High,Picked,0
117,2024-02-03,Medium,Not Picked,1
117,2024-02-04,Medium,Not Picked,2
117,2024-02-05,Low,Not Picked,1
117,2024-02-06,High,Not Picked,2
117,2024-02-07,Medium,Picked,0
117,2024-02-08,Medium,Not Picked,0
117,2024-02-09,Medium,Not Picked,0
117,2024-02-10,High,Picked,0
117,2024-02-11,Medium,Picked,0
117,2024-02-12,High,Not Picked,2
117,2024-02-13,High,Not Picked,3
117,2024-02-14,Low,Not Picked,3
117,2024-02-15,Low,Picked,0
117,2024-02-16,Medium,Not Picked,0
117,2024-02-17,High,Not Picked,1
117,2024-02-18,High,Not Picked,2
117,2024-02-19,Medium,Picked,0
117,2024-02-20,Medium,Picked,0
117,2024-02-21,Medium,Not Picked,0
117,2024-02-22,High,Picked,0
117,2024-02-23,Low,Not Picked,0
117,2024-02-24,Medium,Not Picked,0
117,2024-02-25,Medium,Not Picked,0
117,2024-02-26,Low,Not Picked,0
117,2024-02-27,Medium,Not Picked,0
117,2024-02-28,Medium,Not Picked,1
117,2024-02-29,Medium,Picked,0
117,2024-03-01,Medium,Picked,0
117,2024-03-02,Medium,Picked,0
117,2024-03-03,High,Picked,0
117,2024-03-04,Medium,Picked,0
117,2024-03-05,Medium,Not Picked,0
117,2024-03-06,High,Picked,0
117,2024-03-07,Low,Not Picked,0
117,2024-03-08,High,Picked,0
117,2024-03-09,High,Not Picked,1
117,2024-03-10,Low,Not Picked,1
117,2024-03-11,Low,Not Picked,0
117,2024-03-12,High,Picked,0
117,2024-03-13,Low,Picked,0
117,2024-03-14,High,Not Picked,2
117,2024-03-15,Medium,Picked,0
117,2024-03-16,High,Not Picked,1
117,2024-03-17,Low,Picked,0
117,2024-03-18,High,Not Picked,1
117,2024-03-19,Medium,Not Picked,2
117,2024-03-20,High,Not Picked,4
117,2024-03-21,Low,Picked,0
117,2024-03-22,Medium,Not Picked,0
117,2024-03-23,High,Picked,0
117,2024-03-24,Low,Not Picked,0
117,2024-03-25,Medium,Picked,0
117,2024-03-26,Low,Not Picked,0
117,2024-03-27,High,Not Picked,2
117,2024-03-28,High,Picked,0
117,2024-03-29,High,Not Picked,1
117,2024-03-30,High,Not Picked,3
117,2024-03-31,Medium,Picked,0
117,2024-04-01,Low,Not Picked,0
117,2024-04-02,High,Picked,0
117,2024-04-03,Low,Not Picked,0
117,2024-04-04,High,Picked,0
117,2024-04-05,Low,Picked,0
117,2024-04-06,High,Not Picked,2
117,2024-04-07,Medium,Not Picked,3
117,2024-04-08,High,Picked,0
117,2024-04-09,Low,Not Picked,0
117,2024-04-10,Medium,Not Picked,0
117,2024-04-11,Low,Not Picked,0
117,2024-04-12,High,Picked,0
117,2024-04-13,Low,Picked,0
117,2024-04-14,Medium,Not Picked,1
117,2024-04-15,Medium,Picked,0
117,2024-04-16,High,Picked,0
117,2024-04-17,Low,Not Picked,0
117,2024-04-18,Medium,Not Picked,0
117,2024-04-19,High,Not Picked,2
117,2024-04-20,Medium,Picked,0
117,2024-04-21,High,Not Picked,2
117,2024-04-22,High,Picked,0
117,2024-04-23,High,Not Picked,1
117,2024-04-24,Low,Picked,0
117,2024-04-25,Medium,Picked,0
117,2024-04-26,Low,Not Picked,0
117,2024-04-27,Medium,Not Picked,0
117,2024-04-28,Medium,Not Picked,1
117,2024-04-29,Medium,Not Picked,1
118,2024-01-01,High,Not Picked,2
118,2024-01-02,Low,Not Picked,2
118,2024-01-03,Medium,Not Picked,2
118,2024-01-04,Low,Picked,0
118,2024-01-05,Medium,Not Picked,0
118,2024-01-06,Medium,Not Picked,1
118,2024-01-07,Low,Not Picked,1
118,2024-01-08,Medium,Picked,0
118,2024-01-09,Medium,Not Picked,0
118,2024-01-10,Medium,Not Picked,1
118,2024-01-11,Medium,Not Picked,2
118,2024-01-12,Medium,Not Picked,2
118,2024-01-13,Medium,Picked,0
118,2024-01-14,Low,Not Picked,0
118,2024-01-15,Medium,Not Picked,0
118,2024-01-16,Medium,Not Picked,0
118,2024-01-17,Medium,Not Picked,0
118,2024-01-18,Medium,Picked,0
118,2024-01-19,Medium,Picked,0
118,2024-01-20,Medium,Not Picked,1
118,2024-01-21,Medium,Picked,0
118,2024-01-22,Low,Not Picked,0
118,2024-01-23,Low,Not Picked,0
118,2024-01-24,Low,Not Picked,0
118,2024-01-25,Low,Picked,0
118,2024-01-26,Low,Picked,0
118,2024-01-27,Low,Not Picked,0
118,2024-01-28,Medium,Not Picked,0
118,2024-01-29,Low,Not Picked,0
118,2024-01-30,Low,Not Picked,0
118,2024-01-31,Medium,Not Picked,0
118,2024-02-01,Low,Not Picked,0
118,2024-02-02,Medium,Not Picked,1
118,2024-02-03,Low,Not Picked,1
118,2024-02-04,Medium,Not Picked,2
118,2024-02-05,Low,Not Picked,1
118,2024-02-06,Low,Not Picked,0
118,2024-02-07,Low,Not Picked,0
118,2024-02-08,High,Picked,0
118,2024-02-09,Low,Picked,0
118,2024-02-10,Low,Picked,0
118,2024-02-11,Medium,Not Picked,0
118,2024-02-12,Low,Not Picked,0
118,2024-02-13,Medium,Picked,0
118,2024-02-14,Medium,Picked,0
118,2024-02-15,Low,Picked,0
118,2024-02-16,Low,Not Picked,0
118,2024-02-17,High,Picked,0
118,2024-02-18,Low,Picked,0
118,2024-02-19,Medium,Not Picked,1
118,2024-02-20,Medium,Picked,0
118,2024-02-21,Medium,Not Picked,0
118,2024-02-22,Low,Not Picked,0
118,2024-02-23,Low,Not Picked,0
118,2024-02-24,Medium,Not Picked,0
118,2024-02-25,High,Picked,0
118,2024-02-26,Medium,Not Picked,0
118,2024-02-27,Low,Not Picked,0
118,2024-02-28,Low,Not Picked,0
118,2024-02-29,Medium,Not Picked,0
118,2024-03-01,Low,Picked,0
118,2024-03-02,Low,Picked,0
118,2024-03-03,Low,Not Picked,0
118,2024-03-04,Low,Not Picked,0
118,2024-03-05,Low,Not Picked,0
118,2024-03-06,Low,Picked,0
118,2024-03-07,Medium,Not Picked,0
118,2024-03-08,Low,Picked,0
118,2024-03-09,Low,Not Picked,0
118,2024-03-10,Low,Not Picked,0
118,2024-03-11,Medium,Picked,0
118,2024-03-12,Low,Not Picked,0
118,2024-03-13,Low,Not Picked,0
118,2024-03-14,Medium,Picked,0
118,2024-03-15,Low,Not Picked,0
118,2024-03-16,Medium,Picked,0
118,2024-03-17,Low,Not Picked,0
118,2024-03-18,Low,Not Picked,0
118,2024-03-19,Medium,Not Picked,0
118,2024-03-20,Medium,Not Picked,0
118,2024-03-21,Medium,Picked,0
118,2024-03-22,Low,Not Picked,0
118,2024-03-23,Low,Not Picked,0
118,2024-03-24,High,Not Picked,1
118,2024-03-25,Low,Not Picked,1
118,2024-03-26,High,Picked,0
118,2024-03-27,Low,Not Picked,0
118,2024-03-28,Medium,Not Picked,0
118,2024-03-29,Medium,Not Picked,0
118,2024-03-30,Low,Not Picked,0
118,2024-03-31,Medium,Not Picked,1
118,2024-04-01,Medium,Not Picked,2
118,2024-04-02,Low,Not Picked,2
118,2024-04-03,Medium,Not Picked,3
118,2024-04-04,Low,Picked,0
118,2024-04-05,Medium,Not Picked,0
118,2024-04-06,Low,Not Picked,0
118,2024-04-07,Medium,Not Picked,1
118,2024-04-08,High,Not Picked,2
118,2024-04-09,Low,Picked,0
118,2024-04-10,Low,Picked,0
118,2024-04-11,Low,Not Picked,0
118,2024-04-12,Medium,Not Picked,0
118,2024-04-13,Low,Not Picked,0
118,2024-04-14,Medium,Not Picked,1
118,2024-04-15,Low,Picked,0
118,2024-04-16,High,Not Picked,2
118,2024-04-17,High,Not Picked,4
118,2024-04-18,Low,Picked,0
118,2024-04-19,Medium,Not Picked,1
118,2024-04-20,Medium,Not Picked,1
118,2024-04-21,Low,Not Picked,1
118,2024-04-22,Medium,Not Picked,1
118,2024-04-23,Medium,Picked,0
118,2024-04-24,Low,Picked,0
118,2024-04-25,High,Not Picked,1
118,2024-04-26,Low,Picked,0
118,2024-04-27,Low,Picked,0
118,2024-04-28,Low,Not Picked,0
118,2024-04-29,Medium,Not Picked,0
119,2024-01-01,Medium,Picked,0
119,2024-01-02,Low,Not Picked,0
119,2024-01-03,High,Not Picked,1
119,2024-01-04,High,Picked,0
119,2024-01-05,Medium,Not Picked,1
119,2024-01-06,High,Picked,0
119,2024-01-07,High,Not Picked,2
119,2024-01-08,Medium,Not Picked,2
119,2024-01-09,Medium,Not Picked,2
119,2024-01-10,High,Picked,0
119,2024-01-11,Medium,Not Picked,1
119,2024-01-12,Medium,Picked,0
119,2024-01-13,Low,Not Picked,0
119,2024-01-14,High,Not Picked,1
119,2024-01-15,High,Picked,0
119,2024-01-16,Low,Not Picked,0
119,2024-01-17,High,Not Picked,2
119,2024-01-18,High,Picked,0
119,2024-01-19,High,Not Picked,1
119,2024-01-20,Medium,Not Picked,2
119,2024-01-21,Medium,Picked,0
119,2024-01-22,Low,Not Picked,0
119,2024-01-23,Low,Not Picked,0
119,2024-01-24,Medium,Picked,0
119,2024-01-25,High,Picked,0
119,2024-01-26,Low,Picked,0
119,2024-01-27,High,Picked,0
119,2024-01-28,High,Picked,0
119,2024-01-29,High,Not Picked,2
119,2024-01-30,Low,Not Picked,1
119,2024-01-31,Low,Not Picked,1
119,2024-02-01,Medium,Picked,0
119,2024-02-02,High,Picked,0
119,2024-02-03,Low,Not Picked,0
119,2024-02-04,High,Not Picked,2
119,2024-02-05,High,Picked,0
119,2024-02-06,High,Not Picked,2
119,2024-02-07,Low,Picked,0
119,2024-02-08,Medium,Not Picked,1
119,2024-02-09,High,Picked,0
119,2024-02-10,Medium,Not Picked,1
119,2024-02-11,High,Not Picked,3
119,2024-02-12,Low,Not Picked,2
119,2024-02-13,High,Picked,0
119,2024-02-14,High,Picked,0
119,2024-02-15,Low,Not Picked,0
119,2024-02-16,High,Not Picked,1
119,2024-02-17,Medium,Not Picked,2
119,2024-02-18,Medium,Not Picked,3
119,2024-02-19,Medium,Picked,0
119,2024-02-20,High,Not Picked,2
119,2024-02-21,High,Not Picked,3
119,2024-02-22,Low,Not Picked,2
119,2024-02-23,Low,Not Picked,2
119,2024-02-24,High,Picked,0
119,2024-02-25,High,Not Picked,2
119,2024-02-26,Low,Not Picked,2
119,2024-02-27,High,Picked,0
119,2024-02-28,High,Not Picked,2
119,2024-02-29,High,Picked,0
119,2024-03-01,Medium,Not Picked,1
119,2024-03-02,High,Picked,0
119,2024-03-03,High,Not Picked,2
119,2024-03-04,High,Picked,0
119,2024-03-05,High,Picked,0
119,2024-03-06,High,Not Picked,2
119,2024-03-07,Low,Not Picked,2
119,2024-03-08,Medium,Picked,0
119,2024-03-09,High,Not Picked,2
119,2024-03-10,Medium,Picked,0
119,2024-03-11,Medium,Not Picked,0
119,2024-03-12,Medium,Picked,0
119,2024-03-13,Medium,Not Picked,0
119,2024-03-14,Medium,Not Picked,1
119,2024-03-15,Medium,Not Picked,2
119,2024-03-16,High,Picked,0
119,2024-03-17,Low,Picked,0
119,2024-03-18,Medium,Not Picked,0
119,2024-03-19,Medium,Not Picked,1
119,2024-03-20,Medium,Picked,0
119,2024-03-21,High,Not Picked,1
119,2024-03-22,Low,Not Picked,0
119,2024-03-23,High,Picked,0
119,2024-03-24,Low,Not Picked,0
119,2024-03-25,High,Picked,0
119,2024-03-26,High,Picked,0
119,2024-03-27,High,Not Picked,1
119,2024-03-28,High,Picked,0
119,2024-03-29,High,Picked,0
119,2024-03-30,Medium,Not Picked,0
119,2024-03-31,Medium,Not Picked,0
119,2024-04-01,Medium,Not Picked,1
119,2024-04-02,Medium,Not Picked,1
119,2024-04-03,Medium,Not Picked,1
119,2024-04-04,Low,Not Picked,1
119,2024-04-05,Medium,Picked,0
119,2024-04-06,High,Not Picked,2
119,2024-04-07,Medium,Not Picked,2
119,2024-04-08,Low,Not Picked,2
119,2024-04-09,Medium,Not Picked,3
119,2024-04-10,High,Picked,0
119,2024-04-11,Medium,Not Picked,1
119,2024-04-12,Medium,Not Picked,2
119,2024-04-13,Medium,Picked,0
119,2024-04-14,High,Not Picked,2
119,2024-04-15,Medium,Not Picked,2
119,2024-04-16,High,Not Picked,3
119,2024-04-17,High,Picked,0
119,2024-04-18,High,Not Picked,2
119,2024-04-19,Medium,Picked,0
119,2024-04-20,High,Picked,0
119,2024-04-21,High,Not Picked,2
119,2024-04-22,High,Not Picked,3
119,2024-04-23,High,Not Picked,5
119,2024-04-24,High,Picked,0
119,2024-04-25,Medium,Not Picked,0
119,2024-04-26,High,Not Picked,1
119,2024-04-27,Low,Not Picked,1
119,2024-04-28,High,Not Picked,3
119,2024-04-29,High,Not Picked,4
120,2024-01-01,Low,Not Picked,0
120,2024-01-02,Medium,Not Picked,1
120,2024-01-03,Low,Not Picked,0
120,2024-01-04,Low,Not Picked,0
120,2024-01-05,High,Picked,0
120,2024-01-06,Low,Not Picked,0
120,2024-01-07,Low,Not Picked,0
120,2024-01-08,Low,Not Picked,0
120,2024-01-09,Low,Not Picked,0
120,2024-01-10,High,Not Picked,2
120,2024-01-11,Medium,Picked,0
120,2024-01-12,High,Not Picked,2
120,2024-01-13,Low,Not Picked,2
120,2024-01-14,High,Picked,0
120,2024-01-15,Low,Not Picked,0
120,2024-01-16,Low,Not Picked,0
120,2024-01-17,Medium,Picked,0
120,2024-01-18,High,Not Picked,2
120,2024-01-19,Medium,Not Picked,2
120,2024-01-20,Low,Picked,0
120,2024-01-21,Medium,Not Picked,0
120,2024-01-22,Medium,Not Picked,1
120,2024-01-23,Medium,Not Picked,1
120,2024-01-24,Medium,Not Picked,1
120,2024-01-25,Medium,Picked,0
120,2024-01-26,Low,Picked,0
120,2024-01-27,Medium,Not Picked,0
120,2024-01-28,Medium,Not Picked,0
120,2024-01-29,Medium,Not Picked,1
120,2024-01-30,Medium,Not Picked,2
120,2024-01-31,Medium,Not Picked,2
120,2024-02-01,High,Not Picked,3
120,2024-02-02,Medium,Picked,0
120,2024-02-03,Medium,Not Picked,0
120,2024-02-04,Low,Picked,0
120,2024-02-05,High,Not Picked,2
120,2024-02-06,High,Picked,0
120,2024-02-07,Low,Not Picked,0
120,2024-02-08,Low,Not Picked,0
120,2024-02-09,Medium,Not Picked,0
120,2024-02-10,Low,Not Picked,0
120,2024-02-11,Low,Not Picked,0
120,2024-02-12,Low,Not Picked,0
120,2024-02-13,Low,Not Picked,0
120,2024-02-14,Low,Not Picked,0
120,2024-02-15,Medium,Not Picked,1
120,2024-02-16,High,Not Picked,2
120,2024-02-17,Medium,Picked,0
120,2024-02-18,Low,Not Picked,0
120,2024-02-19,High,Not Picked,2
120,2024-02-20,Medium,Picked,0
120,2024-02-21,Low,Picked,0
120,2024-02-22,High,Picked,0
120,2024-02-23,Low,Not Picked,0
120,2024-02-24,Low,Not Picked,0
120,2024-02-25,Low,Not Picked,0
120,2024-02-26,Medium,Not Picked,1
120,2024-02-27,Medium,Picked,0
120,2024-02-28,Medium,Not Picked,0
120,2024-02-29,Medium,Picked,0
120,2024-03-01,Medium,Not Picked,0
120,2024-03-02,Medium,Picked,0
120,2024-03-03,Low,Not Picked,0
120,2024-03-04,Medium,Not Picked,0
120,2024-03-05,Medium,Picked,0
120,2024-03-06,Low,Not Picked,0
120,2024-03-07,Medium,Not Picked,1
120,2024-03-08,Medium,Not Picked,2
120,2024-03-09,Medium,Not Picked,3
120,2024-03-10,Medium,Not Picked,3
120,2024-03-11,Medium,Picked,0
120,2024-03-12,Low,Not Picked,0
120,2024-03-13,Low,Not Picked,0
120,2024-03-14,Medium,Not Picked,0
120,2024-03-15,High,Picked,0
120,2024-03-16,Low,Not Picked,0
120,2024-03-17,Medium,Not Picked,0
120,2024-03-18,Low,Not Picked,0
120,2024-03-19,High,Not Picked,1
120,2024-03-20,Low,Not Picked,1
120,2024-03-21,Low,Picked,0
120,2024-03-22,Medium,Not Picked,1
120,2024-03-23,Low,Not Picked,1
120,2024-03-24,Medium,Picked,0
120,2024-03-25,Medium,Picked,0
120,2024-03-26,Medium,Not Picked,1
120,2024-03-27,Medium,Not Picked,1
120,2024-03-28,Low,Not Picked,0
120,2024-03-29,Medium,Not Picked,0
120,2024-03-30,Medium,Not Picked,0
120,2024-03-31,Low,Not Picked,0
120,2024-04-01,Medium,Not Picked,1
120,2024-04-02,Medium,Picked,0
120,2024-04-03,Medium,Not Picked,0
120,2024-04-04,Medium,Not Picked,0
120,2024-04-05,Low,Not Picked,0
120,2024-04-06,High,Picked,0
120,2024-04-07,Medium,Picked,0
120,2024-04-08,Medium,Not Picked,1
120,2024-04-09,Medium,Not Picked,2
120,2024-04-10,Medium,Not Picked,3
120,2024-04-11,Low,Picked,0
120,2024-04-12,High,Not Picked,2
120,2024-04-13,Low,Not Picked,1
120,2024-04-14,Medium,Not Picked,2
120,2024-04-15,Medium,Picked,0
120,2024-04-16,Medium,Not Picked,1
120,2024-04-17,Low,Not Picked,0
120,2024-04-18,Low,Not Picked,0
120,2024-04-19,Low,Not Picked,0
120,2024-04-20,Low,Not Picked,0
120,2024-04-21,High,Picked,0
120,2024-04-22,Medium,Not Picked,0
120,2024-04-23,Medium,Not Picked,0
120,2024-04-24,Low,Not Picked,0
120,2024-04-25,High,Not Picked,1
120,2024-04-26,Low,Not Picked,1
120,2024-04-27,Medium,Picked,0
120,2024-04-28,Low,Not Picked,0
120,2024-04-29,Low,Not Picked,0
